Name,Location,Year,Kilometers_Driven,Fuel_Type,Transmission,Owner_Type,Seats,Price,Mileage_num,Engine_num,Power_num,Brand,Car_Age,fuel_unit,kg_co2e_per_unit,kg_co2e_per_kwh,kwh_per_unit,estimated_kg_co2e_per_km
Maruti Wagon R LXI CNG,Mumbai,2010,72000,CNG,Manual,First,5.0,1.75,26.6,998.0,58.16,Maruti,10,kg,2.5625,0.18,14.23611,0.09633458646616541
Hyundai Creta 1.6 CRDi SX Option,Pune,2015,41000,Diesel,Manual,First,5.0,12.5,19.67,1582.0,126.2,Hyundai,5,litre,2.51,0.24,10.45833,0.1276054905948144
Honda Jazz V,Chennai,2011,46000,Petrol,Manual,First,5.0,4.5,18.2,1199.0,88.7,Honda,9,litre,2.1,0.22,9.545455,0.11538461538461539
Maruti Ertiga VDI,Chennai,2012,87000,Diesel,Manual,First,7.0,6.0,20.77,1248.0,88.76,Maruti,8,litre,2.51,0.24,10.45833,0.12084737602311024
Audi A4 New 2.0 TDI Multitronic,Coimbatore,2013,40670,Diesel,Automatic,Second,5.0,17.74,15.2,1968.0,140.8,Audi,7,litre,2.51,0.24,10.45833,0.1651315789473684
Hyundai EON LPG Era Plus Option,Hyderabad,2012,75000,LPG,Manual,First,5.0,2.35,21.1,814.0,55.2,Hyundai,8,litre,1.56,0.21,7.428571,0.07393364928909953
Nissan Micra Diesel XV,Jaipur,2013,86999,Diesel,Manual,First,5.0,3.5,23.08,1461.0,63.1,Nissan,7,litre,2.51,0.24,10.45833,0.10875216637781629
Toyota Innova Crysta 2.8 GX AT 8S,Mumbai,2016,36000,Diesel,Automatic,First,8.0,17.5,11.36,2755.0,171.5,Toyota,4,litre,2.51,0.24,10.45833,0.2209507042253521
Volkswagen Vento Diesel Comfortline,Pune,2013,64430,Diesel,Manual,First,5.0,5.2,20.54,1598.0,103.6,Volkswagen,7,litre,2.51,0.24,10.45833,0.12220058422590067
Tata Indica Vista Quadrajet LS,Chennai,2012,65932,Diesel,Manual,Second,5.0,1.95,22.3,1248.0,74.0,Tata,8,litre,2.51,0.24,10.45833,0.11255605381165917
Maruti Ciaz Zeta,Kochi,2018,25692,Petrol,Manual,First,5.0,9.95,21.56,1462.0,103.25,Maruti,2,litre,2.1,0.22,9.545455,0.09740259740259741
Honda City 1.5 V AT Sunroof,Kolkata,2012,60000,Petrol,Automatic,First,5.0,4.49,16.8,1497.0,116.3,Honda,8,litre,2.1,0.22,9.545455,0.125
Maruti Swift VDI BSIV,Jaipur,2015,64424,Diesel,Manual,First,5.0,5.6,25.2,1248.0,74.0,Maruti,5,litre,2.51,0.24,10.45833,0.0996031746031746
Land Rover Range Rover 2.2L Pure,Delhi,2014,72000,Diesel,Automatic,First,5.0,27.0,12.7,2179.0,187.7,Land,6,litre,2.51,0.24,10.45833,0.19763779527559056
Land Rover Freelander 2 TD4 SE,Pune,2012,85000,Diesel,Automatic,Second,5.0,17.5,0.0,2179.0,115.0,Land,8,litre,2.51,0.24,10.45833,0.12352941176470589
Mitsubishi Pajero Sport 4X4,Delhi,2014,110000,Diesel,Manual,First,7.0,15.0,13.5,2477.0,175.56,Mitsubishi,6,litre,2.51,0.24,10.45833,0.1859259259259259
Honda Amaze S i-Dtech,Kochi,2016,58950,Diesel,Manual,First,5.0,5.4,25.8,1498.0,98.6,Honda,4,litre,2.51,0.24,10.45833,0.09728682170542635
Maruti Swift DDiS VDI,Jaipur,2017,25000,Diesel,Manual,First,5.0,5.99,28.4,1248.0,74.0,Maruti,3,litre,2.51,0.24,10.45833,0.08838028169014084
Renault Duster 85PS Diesel RxL Plus,Kochi,2014,77469,Diesel,Manual,First,5.0,6.34,20.45,1461.0,83.8,Renault,6,litre,2.51,0.24,10.45833,0.12273838630806845
Mercedes-Benz New C-Class C 220 CDI BE Avantgare,Bangalore,2014,78500,Diesel,Automatic,First,5.0,28.0,14.84,2143.0,167.62,Mercedes-Benz,6,litre,2.51,0.24,10.45833,0.1691374663072776
BMW 3 Series 320d,Kochi,2014,32982,Diesel,Automatic,First,5.0,18.55,22.69,1995.0,190.0,BMW,6,litre,2.51,0.24,10.45833,0.11062141912736886
Maruti S Cross DDiS 200 Alpha,Bangalore,2015,55392,Diesel,Manual,Second,5.0,8.25,23.65,1248.0,88.5,Maruti,5,litre,2.51,0.24,10.45833,0.10613107822410148
Audi A6 2011-2015 35 TFSI Technology,Mumbai,2015,55985,Petrol,Automatic,First,5.0,23.5,13.53,1984.0,177.01,Audi,5,litre,2.1,0.22,9.545455,0.15521064301552107
Hyundai i20 1.2 Magna,Kolkata,2010,45807,Petrol,Manual,First,5.0,1.87,18.5,1197.0,80.0,Hyundai,10,litre,2.1,0.22,9.545455,0.11351351351351352
Volkswagen Vento Petrol Highline AT,Kolkata,2010,33000,Petrol,Automatic,First,5.0,2.85,14.4,1598.0,103.6,Volkswagen,10,litre,2.1,0.22,9.545455,0.14583333333333334
Honda City Corporate Edition,Mumbai,2012,51920,Petrol,Manual,First,5.0,4.25,16.8,1497.0,116.3,Honda,8,litre,2.1,0.22,9.545455,0.125
Nissan Micra Diesel XV,Hyderabad,2012,54000,Diesel,Manual,First,5.0,4.25,23.08,1461.0,63.1,Nissan,8,litre,2.51,0.24,10.45833,0.10875216637781629
Maruti Alto K10 2010-2014 VXI,Hyderabad,2013,54000,Petrol,Manual,Second,5.0,2.75,20.92,998.0,67.1,Maruti,7,litre,2.1,0.22,9.545455,0.10038240917782026
Honda WRV i-VTEC VX,Kochi,2018,37430,Petrol,Manual,First,5.0,9.9,17.5,1199.0,88.7,Honda,2,litre,2.1,0.22,9.545455,0.12000000000000001
Toyota Innova 2.5 V Diesel 7-seater,Mumbai,2007,262000,Diesel,Manual,Fourth & Above,7.0,4.0,12.8,2494.0,102.0,Toyota,13,litre,2.51,0.24,10.45833,0.19609374999999998
Renault Duster 110PS Diesel RxZ Pack,Bangalore,2013,62000,Diesel,Manual,First,5.0,7.75,19.01,1461.0,108.45,Renault,7,litre,2.51,0.24,10.45833,0.13203577064702784
Toyota Corolla Altis G,Delhi,2012,87615,Petrol,Manual,First,5.0,6.75,14.53,1798.0,138.1,Toyota,8,litre,2.1,0.22,9.545455,0.1445285615966965
Mahindra Ssangyong Rexton RX7,Bangalore,2013,72000,Diesel,Automatic,Second,7.0,12.5,11.18,2696.0,184.0,Mahindra,7,litre,2.51,0.24,10.45833,0.22450805008944544
Audi A6 2.7 TDI,Kolkata,2010,35000,Diesel,Automatic,First,5.0,11.5,12.4,2698.0,179.5,Audi,10,litre,2.51,0.24,10.45833,0.20241935483870965
Volkswagen Vento 1.6 Highline,Coimbatore,2014,55431,Petrol,Manual,Second,5.0,6.98,16.09,1598.0,103.5,Volkswagen,6,litre,2.1,0.22,9.545455,0.1305158483530143
Maruti Wagon R LXI BSIII,Jaipur,2009,83816,Petrol,Manual,Second,5.0,1.85,14.0,1061.0,64.0,Maruti,11,litre,2.1,0.22,9.545455,0.15
Maruti Vitara Brezza ZDi Plus,Kochi,2018,50075,Diesel,Manual,First,5.0,8.63,24.3,1248.0,88.5,Maruti,2,litre,2.51,0.24,10.45833,0.10329218106995884
Mahindra KUV 100 mFALCON G80 K6 5str AW,Delhi,2017,52000,Petrol,Manual,First,5.0,4.85,18.15,1198.0,82.0,Mahindra,3,litre,2.1,0.22,9.545455,0.11570247933884299
Mercedes-Benz M-Class ML 350 CDI,Pune,2013,85000,Diesel,Automatic,First,5.0,28.0,11.74,2987.0,254.8,Mercedes-Benz,7,litre,2.51,0.24,10.45833,0.2137989778534923
Volkswagen Polo Diesel Trendline 1.2L,Chennai,2013,62000,Diesel,Manual,First,5.0,5.0,22.07,1199.0,73.9,Volkswagen,7,litre,2.51,0.24,10.45833,0.11372904395106478
Maruti Alto LXi,Delhi,2008,90000,Petrol,Manual,Second,5.0,1.25,19.7,796.0,46.3,Maruti,12,litre,2.1,0.22,9.545455,0.10659898477157362
Tata Nano LX SE,Kochi,2014,19698,Petrol,Manual,First,4.0,1.53,25.4,624.0,37.5,Tata,6,litre,2.1,0.22,9.545455,0.08267716535433071
Mahindra KUV 100 mFALCON D75 K8 Dual Tone,Coimbatore,2017,22033,Diesel,Manual,First,6.0,5.58,25.32,1198.0,77.0,Mahindra,3,litre,2.51,0.24,10.45833,0.09913112164296997
Hyundai i20 Magna Optional 1.2,Kochi,2014,35487,Petrol,Manual,First,5.0,4.74,18.5,1197.0,82.9,Hyundai,6,litre,2.1,0.22,9.545455,0.11351351351351352
Hyundai Elantra 2.0 SX Option AT,Bangalore,2014,46374,Petrol,Automatic,First,5.0,8.85,14.62,1999.0,149.92,Hyundai,6,litre,2.1,0.22,9.545455,0.1436388508891929
Toyota Corolla Altis G AT,Mumbai,2016,52001,Petrol,Automatic,First,5.0,10.11,14.28,1798.0,138.03,Toyota,4,litre,2.1,0.22,9.545455,0.14705882352941177
Hyundai Elantra CRDi,Ahmedabad,2008,58005,Diesel,Manual,Second,5.0,4.25,14.9,1991.0,112.2,Hyundai,12,litre,2.51,0.24,10.45833,0.16845637583892614
Toyota Innova Crysta 2.7 GX MT,Bangalore,2012,70704,Petrol,Manual,First,7.0,10.95,11.25,2694.0,163.7,Toyota,8,litre,2.1,0.22,9.545455,0.18666666666666668
Hyundai Xcent 1.1 CRDi S,Jaipur,2014,75000,Diesel,Manual,First,5.0,3.85,24.4,1120.0,71.0,Hyundai,6,litre,2.51,0.24,10.45833,0.10286885245901639
Mahindra Thar CRDe AC,Jaipur,2012,75800,Diesel,Manual,Second,6.0,5.5,16.55,2498.0,105.0,Mahindra,8,litre,2.51,0.24,10.45833,0.15166163141993955
Audi A4 2.0 TDI 177 Bhp Premium Plus,Kochi,2015,13648,Diesel,Automatic,First,5.0,21.43,17.11,1968.0,174.33,Audi,5,litre,2.51,0.24,10.45833,0.146697837521917
Maruti Swift LDI,Delhi,2014,52000,Diesel,Manual,First,5.0,4.25,22.9,1248.0,74.0,Maruti,6,litre,2.51,0.24,10.45833,0.10960698689956332
Maruti Swift Ldi BSIV,Kolkata,2014,53000,Diesel,Manual,First,5.0,3.3,17.8,1248.0,75.0,Maruti,6,litre,2.51,0.24,10.45833,0.14101123595505616
Maruti Swift VDI,Delhi,2013,65650,Diesel,Manual,First,5.0,3.85,28.4,1248.0,74.0,Maruti,7,litre,2.51,0.24,10.45833,0.08838028169014084
Hyundai Grand i10 Sportz,Chennai,2015,54000,Petrol,Manual,Third,5.0,3.6,18.9,1197.0,82.0,Hyundai,5,litre,2.1,0.22,9.545455,0.11111111111111112
Volkswagen Vento 2013-2015 1.6 Comfortline,Kolkata,2015,39000,Petrol,Manual,First,5.0,3.99,15.04,1598.0,103.2,Volkswagen,5,litre,2.1,0.22,9.545455,0.1396276595744681
Renault KWID RXT,Kochi,2017,16542,Petrol,Manual,First,5.0,3.3,25.17,799.0,53.3,Renault,3,litre,2.1,0.22,9.545455,0.08343265792610251
Hyundai i10 Asta,Kolkata,2010,32000,Petrol,Manual,First,5.0,2.07,20.36,1197.0,78.9,Hyundai,10,litre,2.1,0.22,9.545455,0.1031434184675835
Nissan X-Trail SLX AT,Hyderabad,2010,121812,Diesel,Automatic,First,5.0,7.75,13.29,1995.0,147.6,Nissan,10,litre,2.51,0.24,10.45833,0.18886380737396538
Maruti Zen Estilo VXI BSIII,Hyderabad,2010,39300,Petrol,Manual,First,5.0,2.25,18.2,998.0,67.1,Maruti,10,litre,2.1,0.22,9.545455,0.11538461538461539
Toyota Innova Crysta 2.4 GX MT 8S,Mumbai,2017,22000,Diesel,Manual,First,8.0,16.5,13.68,2393.0,147.8,Toyota,3,litre,2.51,0.24,10.45833,0.1834795321637427
Ford Figo Diesel Titanium,Bangalore,2010,72000,Diesel,Manual,First,5.0,2.75,20.0,1399.0,68.0,Ford,10,litre,2.51,0.24,10.45833,0.1255
Mercedes-Benz New C-Class C 200 CGI Avantgarde,Delhi,2015,58000,Petrol,Automatic,First,5.0,26.7,11.74,1796.0,186.0,Mercedes-Benz,5,litre,2.1,0.22,9.545455,0.1788756388415673
Mercedes-Benz New C-Class 200 CDI Classic,Pune,2011,65000,Diesel,Manual,Second,5.0,10.0,15.8,2148.0,170.0,Mercedes-Benz,9,litre,2.51,0.24,10.45833,0.15886075949367087
Tata Indica V2 eLS,Chennai,2016,178000,Diesel,Manual,First,5.0,2.5,25.0,1396.0,69.0,Tata,4,litre,2.51,0.24,10.45833,0.10039999999999999
Audi A4 2.0 TDI Multitronic,Jaipur,2012,65664,Diesel,Automatic,First,5.0,13.5,16.55,1968.0,140.0,Audi,8,litre,2.51,0.24,10.45833,0.15166163141993955
Honda City ZX CVT,Mumbai,2007,63000,Petrol,Automatic,Second,5.0,1.85,16.4,1497.0,78.0,Honda,13,litre,2.1,0.22,9.545455,0.12804878048780488
Mercedes-Benz C-Class Progressive C 220d,Coimbatore,2019,15369,Diesel,Automatic,First,5.0,35.67,0.0,1950.0,194.0,Mercedes-Benz,1,litre,2.51,0.24,10.45833,0.12352941176470589
Maruti Ertiga SHVS VDI,Pune,2016,63000,Diesel,Manual,First,7.0,8.15,24.52,1248.0,88.5,Maruti,4,litre,2.51,0.24,10.45833,0.10236541598694943
Hyundai Creta 1.4 E Plus Diesel,Mumbai,2018,13000,Diesel,Manual,First,5.0,10.5,22.1,1396.0,88.7,Hyundai,2,litre,2.51,0.24,10.45833,0.11357466063348415
Porsche Cayenne 2009-2014 Turbo,Mumbai,2008,73000,Petrol,Automatic,First,5.0,14.5,8.5,4806.0,500.0,Porsche,12,litre,2.1,0.22,9.545455,0.24705882352941178
Mahindra XUV500 W8 4WD,Mumbai,2015,55729,Diesel,Manual,First,7.0,9.65,15.1,2179.0,140.0,Mahindra,5,litre,2.51,0.24,10.45833,0.1662251655629139
Hyundai i10 Sportz 1.2 AT,Kochi,2012,45178,Petrol,Automatic,First,5.0,3.48,16.95,1197.0,78.9,Hyundai,8,litre,2.1,0.22,9.545455,0.12389380530973453
Nissan Terrano XV D Pre,Kochi,2015,56066,Diesel,Manual,First,5.0,6.92,19.64,1461.0,108.5,Nissan,5,litre,2.51,0.24,10.45833,0.12780040733197554
Honda Brio VX AT,Coimbatore,2016,37300,Petrol,Automatic,Second,5.0,6.46,16.5,1198.0,86.8,Honda,4,litre,2.1,0.22,9.545455,0.1272727272727273
Audi A6 2.0 TDI Design Edition,Delhi,2014,56000,Diesel,Automatic,Second,5.0,29.5,18.53,1968.0,187.74,Audi,6,litre,2.51,0.24,10.45833,0.13545601726929302
Ford Fiesta 1.4 SXi TDCi,Jaipur,2008,111111,Diesel,Manual,First,5.0,2.0,17.8,1399.0,97.7,Ford,12,litre,2.51,0.24,10.45833,0.14101123595505616
Toyota Innova 2.0 G1,Chennai,2006,230000,Petrol,Manual,Third,8.0,4.5,12.4,1998.0,132.0,Toyota,14,litre,2.1,0.22,9.545455,0.16935483870967744
Toyota Innova 2.5 VX 7 STR BSIV,Hyderabad,2012,104000,Diesel,Manual,First,7.0,11.75,12.8,2494.0,102.0,Toyota,8,litre,2.51,0.24,10.45833,0.19609374999999998
Hyundai Santro Xing XL,Hyderabad,2005,87591,Petrol,Manual,First,5.0,1.3,0.0,1086.0,97.7,Hyundai,15,litre,2.1,0.22,9.545455,0.12352941176470589
Maruti Swift VDI,Jaipur,2012,95100,Diesel,Manual,First,5.0,3.75,22.9,1248.0,74.0,Maruti,8,litre,2.51,0.24,10.45833,0.10960698689956332
Tata Zest Revotron 1.2T XE,Pune,2017,70000,Petrol,Manual,First,5.0,4.5,17.57,1193.0,88.7,Tata,3,litre,2.1,0.22,9.545455,0.11952191235059761
Honda Amaze SX i-VTEC,Kochi,2016,54944,Petrol,Manual,First,5.0,4.82,18.0,1198.0,86.7,Honda,4,litre,2.1,0.22,9.545455,0.11666666666666667
Ford Figo Diesel ZXI,Hyderabad,2012,70337,Diesel,Manual,First,5.0,2.8,20.0,1399.0,68.0,Ford,8,litre,2.51,0.24,10.45833,0.1255
Maruti Ritz VDi,Jaipur,2013,99638,Diesel,Manual,First,5.0,3.11,23.2,1248.0,73.94,Maruti,7,litre,2.51,0.24,10.45833,0.10818965517241379
Honda City i VTEC E,Delhi,2009,52000,Petrol,Manual,First,5.0,3.25,17.8,1497.0,117.3,Honda,11,litre,2.1,0.22,9.545455,0.11797752808988764
BMW 5 Series 2003-2012 525d,Delhi,2011,75000,Diesel,Automatic,Second,5.0,13.9,16.73,1995.0,218.0,BMW,9,litre,2.51,0.24,10.45833,0.15002988643156007
Hyundai i10 Sportz 1.2,Pune,2009,95980,Petrol,Manual,First,5.0,2.25,20.36,1197.0,78.9,Hyundai,11,litre,2.1,0.22,9.545455,0.1031434184675835
Hyundai Grand i10 Sportz,Bangalore,2016,16000,Petrol,Manual,First,5.0,5.75,18.9,1197.0,82.0,Hyundai,4,litre,2.1,0.22,9.545455,0.11111111111111112
Hyundai Santro Xing XO,Hyderabad,2007,73745,Petrol,Manual,First,5.0,2.1,17.0,1086.0,97.7,Hyundai,13,litre,2.1,0.22,9.545455,0.12352941176470589
Honda Amaze SX i-VTEC,Mumbai,2016,18949,Petrol,Manual,First,5.0,5.0,17.8,1198.0,86.7,Honda,4,litre,2.1,0.22,9.545455,0.11797752808988764
Toyota Fortuner 4x2 Manual,Delhi,2014,107000,Diesel,Manual,First,7.0,16.5,13.0,2982.0,168.5,Toyota,6,litre,2.51,0.24,10.45833,0.19307692307692306
Audi A6 2011-2015 35 TDI Premium,Coimbatore,2018,48367,Diesel,Automatic,First,5.0,39.58,17.68,1968.0,174.33,Audi,2,litre,2.51,0.24,10.45833,0.1419683257918552
Ford Ecosport 1.5 DV5 MT Titanium Optional,Delhi,2013,57000,Diesel,Manual,First,5.0,5.5,22.7,1498.0,89.84,Ford,7,litre,2.51,0.24,10.45833,0.11057268722466959
Mahindra XUV500 W8 2WD,Delhi,2014,58000,Diesel,Manual,First,7.0,8.1,15.1,2179.0,140.0,Mahindra,6,litre,2.51,0.24,10.45833,0.1662251655629139
Honda Amaze SX i-DTEC,Kolkata,2015,30000,Diesel,Manual,First,5.0,3.5,25.8,1498.0,98.6,Honda,5,litre,2.51,0.24,10.45833,0.09728682170542635
Volkswagen Polo Diesel Highline 1.2L,Kolkata,2013,34212,Diesel,Manual,First,5.0,2.79,22.07,1199.0,73.9,Volkswagen,7,litre,2.51,0.24,10.45833,0.11372904395106478
Hyundai Verna Transform SX VGT CRDi,Ahmedabad,2010,70002,Diesel,Manual,First,5.0,3.45,16.2,1493.0,110.0,Hyundai,10,litre,2.51,0.24,10.45833,0.15493827160493825
Maruti Wagon R VXI BS IV,Bangalore,2016,62000,Petrol,Manual,First,5.0,4.45,18.9,998.0,67.1,Maruti,4,litre,2.1,0.22,9.545455,0.11111111111111112
Volkswagen Polo Petrol Highline 1.6L,Delhi,2010,62001,Petrol,Manual,First,5.0,2.65,15.26,1598.0,103.5,Volkswagen,10,litre,2.1,0.22,9.545455,0.13761467889908258
Hyundai i20 1.4 CRDi Sportz,Pune,2011,78958,Diesel,Manual,Second,5.0,3.8,23.0,1396.0,90.0,Hyundai,9,litre,2.51,0.24,10.45833,0.10913043478260868
Hyundai i20 Asta 1.2,Mumbai,2014,30180,Petrol,Manual,First,5.0,4.65,18.5,1197.0,82.85,Hyundai,6,litre,2.1,0.22,9.545455,0.11351351351351352
Datsun GO Plus T Petrol,Pune,2017,32851,Petrol,Manual,First,7.0,3.95,19.83,1198.0,67.0,Datsun,3,litre,2.1,0.22,9.545455,0.10590015128593042
Audi A4 3.0 TDI Quattro Premium,Kolkata,2010,30000,Diesel,Automatic,First,5.0,9.8,14.94,2967.0,241.4,Audi,10,litre,2.51,0.24,10.45833,0.16800535475234268
Hyundai i20 2015-2017 Asta,Pune,2009,66000,Petrol,Manual,Second,5.0,2.7,17.0,1197.0,80.0,Hyundai,11,litre,2.1,0.22,9.545455,0.12352941176470589
Maruti Omni 5 Str STD,Coimbatore,2010,93850,Petrol,Manual,First,5.0,2.41,14.0,796.0,35.0,Maruti,10,litre,2.1,0.22,9.545455,0.15
Toyota Etios Liva 1.2 G,Ahmedabad,2014,53000,Petrol,Manual,First,5.0,3.9,17.71,1197.0,78.9,Toyota,6,litre,2.1,0.22,9.545455,0.11857707509881422
Jaguar XF 3.0 Litre S Premium Luxury,Hyderabad,2011,78000,Diesel,Automatic,Second,5.0,24.0,14.74,2993.0,270.9,Jaguar,9,litre,2.51,0.24,10.45833,0.17028493894165533
Mahindra XUV500 W8 2WD,Delhi,2012,65000,Diesel,Manual,Second,7.0,5.75,16.0,2179.0,140.0,Mahindra,8,litre,2.51,0.24,10.45833,0.156875
Hyundai Verna 1.6 SX CRDI (O) AT,Kolkata,2014,40000,Diesel,Automatic,First,5.0,5.25,22.32,1582.0,126.32,Hyundai,6,litre,2.51,0.24,10.45833,0.11245519713261648
Toyota Innova Crysta 2.8 ZX AT,Mumbai,2017,30000,Diesel,Automatic,First,7.0,19.25,11.36,2755.0,171.5,Toyota,3,litre,2.51,0.24,10.45833,0.2209507042253521
Maruti Eeco 5 Seater AC,Coimbatore,2017,38053,Petrol,Manual,First,5.0,3.91,15.1,1196.0,73.0,Maruti,3,litre,2.1,0.22,9.545455,0.13907284768211922
Tata Nano Twist XT,Bangalore,2014,25500,Petrol,Manual,First,4.0,2.15,25.4,624.0,37.5,Tata,6,litre,2.1,0.22,9.545455,0.08267716535433071
BMW 3 Series 320d Luxury Line,Mumbai,2015,56087,Diesel,Automatic,First,5.0,20.75,22.69,1995.0,190.0,BMW,5,litre,2.51,0.24,10.45833,0.11062141912736886
Honda Civic 2006-2010 1.8 V MT,Delhi,2010,71088,Petrol,Manual,First,5.0,3.35,13.5,1799.0,130.0,Honda,10,litre,2.1,0.22,9.545455,0.15555555555555556
Toyota Innova 2.5 VX (Diesel) 7 Seater,Ahmedabad,2014,55000,Diesel,Manual,First,7.0,11.11,12.99,2494.0,100.6,Toyota,6,litre,2.51,0.24,10.45833,0.193225558121632
Volvo V40 Cross Country D3,Bangalore,2014,32700,Diesel,Automatic,First,5.0,20.0,23.3,1984.0,150.0,Volvo,6,litre,2.51,0.24,10.45833,0.10772532188841201
Nissan Micra XV CVT,Coimbatore,2016,39882,Petrol,Automatic,First,5.0,6.55,19.15,1198.0,75.94,Nissan,4,litre,2.1,0.22,9.545455,0.10966057441253264
BMW 5 Series 2010-2013 525i,Mumbai,2009,128000,Petrol,Automatic,First,5.0,7.0,10.8,2497.0,215.0,BMW,11,litre,2.1,0.22,9.545455,0.19444444444444445
Maruti Vitara Brezza VDi,Mumbai,2016,55000,Diesel,Manual,First,5.0,7.5,24.3,1248.0,88.5,Maruti,4,litre,2.51,0.24,10.45833,0.10329218106995884
Hyundai Santro Xing XL eRLX Euro III,Mumbai,2005,102000,Petrol,Manual,Second,5.0,0.85,17.0,1086.0,97.7,Hyundai,15,litre,2.1,0.22,9.545455,0.12352941176470589
Mercedes-Benz B Class B200 CDI,Pune,2014,53753,Diesel,Automatic,Second,5.0,16.75,15.0,2143.0,107.3,Mercedes-Benz,6,litre,2.51,0.24,10.45833,0.1673333333333333
Hyundai Verna CRDi 1.6 SX Option,Kolkata,2018,10250,Diesel,Manual,First,5.0,10.95,22.0,1582.0,126.2,Hyundai,2,litre,2.51,0.24,10.45833,0.11409090909090908
Maruti Wagon R LXI BS IV,Pune,2011,43874,Petrol,Manual,First,5.0,2.45,18.9,998.0,67.1,Maruti,9,litre,2.1,0.22,9.545455,0.11111111111111112
Tata Nano XTA,Coimbatore,2017,32684,Petrol,Automatic,First,4.0,3.23,21.9,624.0,37.48,Tata,3,litre,2.1,0.22,9.545455,0.09589041095890412
Mahindra Scorpio VLX,Kolkata,2014,42000,Diesel,Manual,First,8.0,7.75,12.05,2179.0,120.0,Mahindra,6,litre,2.51,0.24,10.45833,0.20829875518672197
Mercedes-Benz New C-Class 200 K AT,Kolkata,2009,28352,Petrol,Automatic,First,5.0,9.35,11.7,1796.0,178.0,Mercedes-Benz,11,litre,2.1,0.22,9.545455,0.17948717948717952
Maruti Wagon R LXI CNG,Pune,2013,89900,CNG,Manual,First,5.0,3.25,26.6,998.0,58.16,Maruti,7,kg,2.5625,0.18,14.23611,0.09633458646616541
Honda CR-V 2.4 MT,Bangalore,2007,47700,Petrol,Manual,Second,5.0,5.25,10.8,2354.0,152.0,Honda,13,litre,2.1,0.22,9.545455,0.19444444444444445
Volkswagen Vento 1.5 TDI Comfortline AT,Pune,2015,55000,Diesel,Automatic,First,5.0,7.25,21.21,1498.0,103.2,Volkswagen,5,litre,2.51,0.24,10.45833,0.11834040546911832
Maruti Ciaz VXi Plus,Kochi,2017,44285,Petrol,Manual,First,5.0,7.47,20.73,1373.0,91.1,Maruti,3,litre,2.1,0.22,9.545455,0.10130246020260492
Mahindra XUV500 AT W10 FWD,Jaipur,2016,54000,Diesel,Automatic,First,7.0,13.25,16.0,2179.0,140.0,Mahindra,4,litre,2.51,0.24,10.45833,0.156875
Maruti Ritz VXI ABS,Coimbatore,2016,30232,Petrol,Manual,First,5.0,5.81,21.1,1197.0,85.8,Maruti,4,litre,2.1,0.22,9.545455,0.0995260663507109
Maruti Alto K10 VXI,Hyderabad,2014,88500,Petrol,Manual,First,5.0,2.6,24.07,998.0,67.1,Maruti,6,litre,2.1,0.22,9.545455,0.08724553385957624
Mercedes-Benz SLC 43 AMG,Kolkata,2017,13372,Petrol,Automatic,First,2.0,54.0,19.0,2996.0,362.07,Mercedes-Benz,3,litre,2.1,0.22,9.545455,0.1105263157894737
Hyundai Verna VTVT 1.6 AT SX Plus,Kochi,2019,12645,Petrol,Automatic,First,5.0,11.5,17.0,1591.0,121.3,Hyundai,1,litre,2.1,0.22,9.545455,0.12352941176470589
Maruti Alto LXi BSIII,Chennai,2010,94385,Petrol,Manual,Second,5.0,1.6,19.7,796.0,46.3,Maruti,10,litre,2.1,0.22,9.545455,0.10659898477157362
BMW 1 Series 118d Base,Coimbatore,2015,31821,Diesel,Automatic,First,5.0,17.22,20.58,1995.0,143.0,BMW,5,litre,2.51,0.24,10.45833,0.12196307094266277
Honda Jazz 1.2 V CVT i VTEC,Mumbai,2015,12000,Petrol,Automatic,First,5.0,6.0,19.0,1199.0,88.7,Honda,5,litre,2.1,0.22,9.545455,0.1105263157894737
Honda Civic 2006-2010 1.8 V MT,Delhi,2012,88578,Petrol,Manual,First,5.0,3.95,13.5,1799.0,130.0,Honda,8,litre,2.1,0.22,9.545455,0.15555555555555556
Mercedes-Benz New C-Class C 220 CDI Avantgarde,Kochi,2014,44965,Diesel,Automatic,First,5.0,17.95,19.27,2143.0,170.0,Mercedes-Benz,6,litre,2.51,0.24,10.45833,0.1302542812662169
Honda Amaze SX i-DTEC,Kolkata,2014,45044,Diesel,Manual,First,5.0,3.7,25.8,1498.0,98.6,Honda,6,litre,2.51,0.24,10.45833,0.09728682170542635
Maruti Swift VVT VXI,Kochi,2016,34204,Petrol,Manual,First,5.0,5.43,22.0,1197.0,81.8,Maruti,4,litre,2.1,0.22,9.545455,0.09545454545454546
Hyundai Santro Xing XO eRLX Euro II,Kochi,2008,80759,Petrol,Manual,Third,5.0,1.67,17.0,1086.0,97.7,Hyundai,12,litre,2.1,0.22,9.545455,0.12352941176470589
Toyota Fortuner 3.0 Diesel,Coimbatore,2012,91235,Diesel,Manual,First,7.0,13.49,11.5,2982.0,171.0,Toyota,8,litre,2.51,0.24,10.45833,0.21826086956521737
Chevrolet Beat LT Option,Pune,2014,38800,Petrol,Manual,First,5.0,2.85,18.6,1199.0,76.8,Chevrolet,6,litre,2.1,0.22,9.545455,0.11290322580645161
Skoda Rapid 1.5 TDI Elegance,Chennai,2013,83000,Diesel,Manual,First,5.0,4.75,21.14,1498.0,103.52,Skoda,7,litre,2.51,0.24,10.45833,0.11873226111636706
Maruti Ciaz 1.4 Alpha,Kochi,2018,41283,Petrol,Manual,First,5.0,9.9,20.73,1373.0,91.1,Maruti,2,litre,2.1,0.22,9.545455,0.10130246020260492
Audi RS5 Coupe,Mumbai,2013,23000,Petrol,Automatic,First,4.0,37.0,11.05,2894.0,444.0,Audi,7,litre,2.1,0.22,9.545455,0.19004524886877827
BMW 3 Series Luxury Line,Mumbai,2014,48000,Diesel,Automatic,First,5.0,26.5,21.76,1995.0,190.0,BMW,6,litre,2.51,0.24,10.45833,0.11534926470588233
Audi A4 2.0 TDI 177 Bhp Premium Plus,Coimbatore,2015,48214,Diesel,Automatic,First,5.0,23.32,17.11,1968.0,174.33,Audi,5,litre,2.51,0.24,10.45833,0.146697837521917
Maruti Swift VDI,Chennai,2016,35000,Diesel,Manual,First,5.0,6.25,22.9,1248.0,74.0,Maruti,4,litre,2.51,0.24,10.45833,0.10960698689956332
Mercedes-Benz S Class 2005 2013 S 500,Kolkata,2010,35277,Petrol,Automatic,First,5.0,30.0,7.81,5461.0,362.9,Mercedes-Benz,10,litre,2.1,0.22,9.545455,0.26888604353393086
Skoda Rapid 1.5 TDI AT Elegance Plus Black Package,Coimbatore,2016,54620,Diesel,Automatic,First,5.0,9.86,21.66,1498.0,103.52,Skoda,4,litre,2.51,0.24,10.45833,0.11588180978762695
Skoda Superb Elegance 2.0 TDI CR AT,Pune,2012,136997,Diesel,Automatic,First,5.0,8.5,17.2,1968.0,138.1,Skoda,8,litre,2.51,0.24,10.45833,0.14593023255813953
Hyundai EON Magna Plus,Kochi,2019,14322,Petrol,Manual,First,5.0,4.23,21.1,814.0,55.2,Hyundai,1,litre,2.1,0.22,9.545455,0.0995260663507109
Volkswagen Polo Diesel Trendline 1.2L,Jaipur,2012,65634,Diesel,Manual,First,5.0,3.5,22.07,1199.0,73.9,Volkswagen,8,litre,2.51,0.24,10.45833,0.11372904395106478
Datsun GO NXT,Kolkata,2016,6000,Petrol,Manual,First,5.0,2.5,20.63,1198.0,67.06,Datsun,4,litre,2.1,0.22,9.545455,0.10179350460494427
Honda Brio S MT,Kolkata,2013,33280,Petrol,Manual,First,5.0,2.39,19.4,1198.0,86.8,Honda,7,litre,2.1,0.22,9.545455,0.10824742268041239
Mercedes-Benz B Class B180,Delhi,2013,29000,Petrol,Automatic,First,5.0,11.25,14.8,1595.0,120.7,Mercedes-Benz,7,litre,2.1,0.22,9.545455,0.14189189189189189
Honda City i DTEC V,Kochi,2015,42831,Diesel,Manual,First,5.0,7.11,26.0,1498.0,98.6,Honda,5,litre,2.51,0.24,10.45833,0.09653846153846153
Toyota Innova 2.5 G (Diesel) 7 Seater,Ahmedabad,2016,90000,Diesel,Manual,First,7.0,10.9,12.99,2494.0,100.6,Toyota,4,litre,2.51,0.24,10.45833,0.193225558121632
Maruti Swift VXI Optional,Ahmedabad,2017,24005,Petrol,Manual,First,5.0,6.2,20.4,1197.0,81.8,Maruti,3,litre,2.1,0.22,9.545455,0.10294117647058824
Mahindra XUV500 W8 2WD,Mumbai,2012,32792,Diesel,Manual,First,7.0,7.9,15.1,2179.0,140.0,Mahindra,8,litre,2.51,0.24,10.45833,0.1662251655629139
Ford Ecosport 1.5 DV5 MT Ambiente,Kochi,2014,147898,Diesel,Manual,First,5.0,4.42,22.7,1498.0,89.84,Ford,6,litre,2.51,0.24,10.45833,0.11057268722466959
Toyota Fortuner 4x2 Manual,Mumbai,2012,131765,Diesel,Manual,First,7.0,13.5,13.0,2982.0,168.5,Toyota,8,litre,2.51,0.24,10.45833,0.19307692307692306
Volkswagen Vento 1.5 Highline Plus AT 16 Alloy,Chennai,2013,65000,Diesel,Automatic,First,5.0,6.25,21.5,1498.0,108.5,Volkswagen,7,litre,2.51,0.24,10.45833,0.11674418604651161
Ford Figo Diesel Titanium,Jaipur,2010,66123,Diesel,Manual,Second,5.0,2.1,20.0,1399.0,68.0,Ford,10,litre,2.51,0.24,10.45833,0.1255
BMW X5 xDrive 30d,Mumbai,2015,41000,Diesel,Automatic,First,5.0,45.0,15.3,2993.0,258.0,BMW,5,litre,2.51,0.24,10.45833,0.16405228758169932
Mercedes-Benz New C-Class C 220 CDI Style,Coimbatore,2017,23550,Diesel,Automatic,First,5.0,33.66,19.27,2143.0,167.62,Mercedes-Benz,3,litre,2.51,0.24,10.45833,0.1302542812662169
Honda Brio V MT,Bangalore,2012,45000,Petrol,Manual,Second,5.0,3.65,19.4,1198.0,86.8,Honda,8,litre,2.1,0.22,9.545455,0.10824742268041239
Hyundai i10 Magna 1.2,Delhi,2013,60000,Petrol,Manual,First,5.0,2.75,20.36,1197.0,78.9,Hyundai,7,litre,2.1,0.22,9.545455,0.1031434184675835
Mercedes-Benz GLC 220,Bangalore,2016,44414,Diesel,Automatic,First,5.0,42.5,17.9,2143.0,170.0,Mercedes-Benz,4,litre,2.51,0.24,10.45833,0.14022346368715083
Hyundai Grand i10 1.2 Kappa Asta,Kolkata,2019,1000,Petrol,Manual,First,5.0,6.5,18.9,1197.0,81.86,Hyundai,1,litre,2.1,0.22,9.545455,0.11111111111111112
Audi A6 2011-2015 2.0 TDI Premium Plus,Mumbai,2012,62500,Diesel,Automatic,Second,5.0,19.0,17.68,1968.0,174.33,Audi,8,litre,2.51,0.24,10.45833,0.1419683257918552
Volkswagen Vento Petrol Highline AT,Mumbai,2013,21000,Petrol,Automatic,Second,5.0,4.45,14.4,1598.0,103.6,Volkswagen,7,litre,2.1,0.22,9.545455,0.14583333333333334
Mini Countryman Cooper D,Jaipur,2017,8525,Diesel,Automatic,Second,5.0,23.0,16.6,1998.0,112.0,Mini,3,litre,2.51,0.24,10.45833,0.1512048192771084
Hyundai i20 Asta 1.4 CRDi,Bangalore,2014,29000,Diesel,Manual,First,5.0,8.35,22.54,1396.0,88.73,Hyundai,6,litre,2.51,0.24,10.45833,0.11135758651286601
Audi A6 2011-2015 2.0 TDI Premium Plus,Mumbai,2014,40000,Diesel,Automatic,First,5.0,22.95,17.68,1968.0,174.33,Audi,6,litre,2.51,0.24,10.45833,0.1419683257918552
Chevrolet Beat Diesel LT,Jaipur,2012,88000,Diesel,Manual,First,5.0,1.5,25.44,936.0,57.6,Chevrolet,8,litre,2.51,0.24,10.45833,0.09866352201257861
Skoda Superb Elegance 1.8 TSI AT,Kochi,2012,53537,Petrol,Automatic,First,5.0,6.89,13.7,1798.0,157.75,Skoda,8,litre,2.1,0.22,9.545455,0.15328467153284672
Ford Fiesta 1.4 TDCi EXI Limited Edition,Chennai,2006,216000,Diesel,Manual,Second,5.0,1.45,17.8,1399.0,68.0,Ford,14,litre,2.51,0.24,10.45833,0.14101123595505616
BMW 5 Series 520d Luxury Line,Hyderabad,2014,51000,Diesel,Automatic,First,5.0,33.5,22.48,1995.0,190.0,BMW,6,litre,2.51,0.24,10.45833,0.11165480427046262
Chevrolet Optra Magnum 1.6 LS BS3,Jaipur,2007,118500,Petrol,Manual,First,5.0,1.25,12.9,1598.0,102.5,Chevrolet,13,litre,2.1,0.22,9.545455,0.16279069767441862
Volkswagen Polo Diesel Highline 1.2L,Hyderabad,2012,63000,Diesel,Manual,First,5.0,4.2,22.07,1199.0,73.9,Volkswagen,8,litre,2.51,0.24,10.45833,0.11372904395106478
Renault Lodgy 110PS RxZ 8 Seater,Mumbai,2015,25000,Diesel,Manual,First,8.0,6.75,19.98,1461.0,108.5,Renault,5,litre,2.51,0.24,10.45833,0.12562562562562563
Mercedes-Benz E-Class E250 CDI Avantgrade,Bangalore,2014,37382,Diesel,Automatic,First,5.0,32.0,13.0,2143.0,201.1,Mercedes-Benz,6,litre,2.51,0.24,10.45833,0.19307692307692306
Maruti Baleno Alpha,Kochi,2017,24773,Petrol,Manual,First,5.0,7.5,21.4,1197.0,83.1,Maruti,3,litre,2.1,0.22,9.545455,0.09813084112149534
Hyundai Verna 1.6 SX,Delhi,2012,62000,Diesel,Manual,First,5.0,4.6,22.32,1582.0,126.32,Hyundai,8,litre,2.51,0.24,10.45833,0.11245519713261648
Hyundai i10 Magna 1.1,Kochi,2017,52340,Petrol,Manual,First,5.0,4.04,19.81,1086.0,68.05,Hyundai,3,litre,2.1,0.22,9.545455,0.1060070671378092
Mahindra Scorpio 1.99 S10 4WD,Kochi,2016,56739,Diesel,Manual,First,7.0,10.31,15.4,1997.0,120.0,Mahindra,4,litre,2.51,0.24,10.45833,0.16298701298701296
Land Rover Range Rover 2.2L Dynamic,Coimbatore,2018,36091,Diesel,Automatic,First,5.0,55.76,12.7,2179.0,187.7,Land,2,litre,2.51,0.24,10.45833,0.19763779527559056
Ford Figo Diesel ZXI,Chennai,2010,120000,Diesel,Manual,First,5.0,2.6,20.0,1399.0,68.0,Ford,10,litre,2.51,0.24,10.45833,0.1255
Maruti Ertiga ZDI,Mumbai,2016,33000,Diesel,Manual,First,7.0,8.5,25.47,1248.0,88.5,Maruti,4,litre,2.51,0.24,10.45833,0.09854731056144483
Honda City 1.5 GXI,Ahmedabad,2007,60006,Petrol,Manual,First,5.0,2.95,0.0,1493.0,97.7,Honda,13,litre,2.1,0.22,9.545455,0.12352941176470589
Honda Amaze S i-Dtech,Kolkata,2014,52000,Diesel,Manual,First,5.0,3.5,25.8,1498.0,98.6,Honda,6,litre,2.51,0.24,10.45833,0.09728682170542635
Hyundai i10 Magna,Jaipur,2015,43571,Petrol,Manual,First,5.0,3.55,20.36,1197.0,78.9,Hyundai,5,litre,2.1,0.22,9.545455,0.1031434184675835
Honda Amaze S i-Dtech,Kolkata,2013,50000,Diesel,Manual,First,5.0,3.25,25.8,1498.0,98.6,Honda,7,litre,2.51,0.24,10.45833,0.09728682170542635
Skoda Laura Ambiente,Hyderabad,2008,113000,Diesel,Manual,First,5.0,4.5,17.5,1896.0,106.0,Skoda,12,litre,2.51,0.24,10.45833,0.1434285714285714
Renault Duster 85PS Diesel RxL,Delhi,2014,90000,Diesel,Manual,First,5.0,5.35,19.87,1461.0,83.8,Renault,6,litre,2.51,0.24,10.45833,0.1263210870659285
Mahindra NuvoSport N6,Chennai,2017,29000,Diesel,Manual,Second,7.0,6.5,17.45,1493.0,100.0,Mahindra,3,litre,2.51,0.24,10.45833,0.14383954154727793
Maruti Vitara Brezza ZDi Plus Dual Tone,Mumbai,2016,20000,Diesel,Manual,First,5.0,9.0,24.3,1248.0,88.5,Maruti,4,litre,2.51,0.24,10.45833,0.10329218106995884
Hyundai i20 Asta Option 1.2,Kochi,2016,61012,Petrol,Manual,First,5.0,6.0,18.6,1197.0,81.83,Hyundai,4,litre,2.1,0.22,9.545455,0.11290322580645161
Skoda Fabia 1.4 MPI Ambiente,Jaipur,2009,87459,Petrol,Manual,First,5.0,2.75,14.7,1390.0,85.0,Skoda,11,litre,2.1,0.22,9.545455,0.14285714285714288
Tata Indigo eCS GLX,Pune,2010,70500,Petrol,Manual,First,5.0,1.5,15.64,1193.0,64.1,Tata,10,litre,2.1,0.22,9.545455,0.13427109974424553
Audi Q3 2012-2015 35 TDI Quattro Premium Plus,Delhi,2015,64103,Diesel,Automatic,First,5.0,19.9,15.73,1968.0,174.33,Audi,5,litre,2.51,0.24,10.45833,0.15956770502225046
Skoda Octavia Elegance 1.8 TSI AT,Mumbai,2014,76000,Petrol,Automatic,First,5.0,10.0,14.7,1798.0,177.5,Skoda,6,litre,2.1,0.22,9.545455,0.14285714285714288
Toyota Etios Liva GD SP,Delhi,2014,104000,Diesel,Manual,First,5.0,3.0,23.59,1364.0,67.06,Toyota,6,litre,2.51,0.24,10.45833,0.10640101738024586
Maruti Swift 1.3 VXi,Kolkata,2010,42001,Petrol,Manual,First,5.0,2.11,16.1,1493.0,97.7,Maruti,10,litre,2.1,0.22,9.545455,0.13043478260869565
Mercedes-Benz B Class B180,Kochi,2014,37245,Petrol,Automatic,First,5.0,11.96,14.8,1595.0,120.7,Mercedes-Benz,6,litre,2.1,0.22,9.545455,0.14189189189189189
Honda Amaze S Diesel,Kolkata,2013,45000,Diesel,Manual,First,5.0,3.25,27.4,1498.0,98.6,Honda,7,litre,2.51,0.24,10.45833,0.09160583941605839
Hyundai Verna 1.6 SX,Jaipur,2012,117837,Diesel,Manual,Second,5.0,4.75,22.32,1582.0,126.32,Hyundai,8,litre,2.51,0.24,10.45833,0.11245519713261648
Renault Duster 85PS Diesel RxL Optional,Mumbai,2014,30000,Diesel,Manual,First,5.0,5.95,20.46,1461.0,83.8,Renault,6,litre,2.51,0.24,10.45833,0.12267839687194525
Hyundai Creta 1.6 VTVT S,Delhi,2015,27057,Petrol,Manual,Second,5.0,8.15,15.29,1591.0,121.3,Hyundai,5,litre,2.1,0.22,9.545455,0.13734466971877046
Maruti Wagon R AMT VXI,Mumbai,2016,8500,Petrol,Automatic,First,5.0,4.22,20.51,998.0,67.0,Maruti,4,litre,2.1,0.22,9.545455,0.10238907849829351
Mercedes-Benz New C-Class C250 Avantgarde,Kolkata,2010,30500,Petrol,Automatic,First,5.0,10.5,11.74,1796.0,186.0,Mercedes-Benz,10,litre,2.1,0.22,9.545455,0.1788756388415673
Audi A8 L 3.0 TDI quattro,Delhi,2012,56000,Diesel,Automatic,First,5.0,45.0,11.8,2967.0,246.7,Audi,8,litre,2.51,0.24,10.45833,0.21271186440677964
Hyundai i10 Magna 1.1,Pune,2012,44000,Petrol,Manual,Second,5.0,2.9,19.81,1086.0,68.05,Hyundai,8,litre,2.1,0.22,9.545455,0.1060070671378092
Skoda Rapid 1.6 MPI AT Style Black Package,Mumbai,2017,10500,Petrol,Automatic,First,5.0,8.9,14.3,1598.0,103.52,Skoda,3,litre,2.1,0.22,9.545455,0.14685314685314685
Skoda Superb Style 1.8 TSI AT,Hyderabad,2017,26000,Petrol,Automatic,First,5.0,26.0,14.67,1798.0,177.46,Skoda,3,litre,2.1,0.22,9.545455,0.14314928425357873
Hyundai i20 Active 1.2 SX,Coimbatore,2018,25166,Petrol,Manual,First,5.0,8.22,17.19,1197.0,81.86,Hyundai,2,litre,2.1,0.22,9.545455,0.12216404886561955
Honda Amaze VX i-DTEC,Kolkata,2014,64000,Diesel,Manual,Second,5.0,3.5,25.8,1498.0,98.6,Honda,6,litre,2.51,0.24,10.45833,0.09728682170542635
Maruti Wagon R LXI,Chennai,2004,61000,Petrol,Manual,Second,5.0,1.25,18.9,998.0,67.1,Maruti,16,litre,2.1,0.22,9.545455,0.11111111111111112
Mahindra Verito 1.5 D4 BSIV,Hyderabad,2013,107000,Diesel,Manual,First,5.0,3.7,21.03,1461.0,65.0,Mahindra,7,litre,2.51,0.24,10.45833,0.11935330480266285
Mercedes-Benz New C-Class C 220d Avantgarde Edition C,Coimbatore,2018,29161,Diesel,Automatic,First,5.0,39.41,19.27,2143.0,167.62,Mercedes-Benz,2,litre,2.51,0.24,10.45833,0.1302542812662169
Maruti Wagon R VXI,Kolkata,2013,32000,Petrol,Manual,First,5.0,2.65,22.5,998.0,67.04,Maruti,7,litre,2.1,0.22,9.545455,0.09333333333333334
Nissan Terrano XV Premium 110 PS Anniversary Edition,Coimbatore,2015,46173,Diesel,Manual,Second,5.0,8.92,19.01,1461.0,108.5,Nissan,5,litre,2.51,0.24,10.45833,0.13203577064702784
Maruti Swift VDI BSIV,Delhi,2013,47000,Diesel,Manual,First,5.0,4.1,17.8,1248.0,97.7,Maruti,7,litre,2.51,0.24,10.45833,0.14101123595505616
Mini Cooper Convertible S,Kochi,2017,26327,Petrol,Automatic,First,4.0,35.67,16.82,1998.0,189.08,Mini,3,litre,2.1,0.22,9.545455,0.12485136741973842
Ford Figo Diesel,Bangalore,2015,70436,Diesel,Manual,First,5.0,3.6,0.0,1498.0,99.0,Ford,5,litre,2.51,0.24,10.45833,0.12352941176470589
Tata Indica V2 DLS BSII,Jaipur,2007,200000,Diesel,Manual,Second,5.0,0.85,17.2,1396.0,53.5,Tata,13,litre,2.51,0.24,10.45833,0.14593023255813953
Chevrolet Beat LT,Kochi,2016,60813,Petrol,Manual,Second,5.0,3.32,18.6,1199.0,76.8,Chevrolet,4,litre,2.1,0.22,9.545455,0.11290322580645161
Volkswagen Polo Diesel Comfortline 1.2L,Mumbai,2012,45000,Diesel,Manual,First,5.0,3.6,22.07,1199.0,73.9,Volkswagen,8,litre,2.51,0.24,10.45833,0.11372904395106478
Maruti Swift ZDi,Hyderabad,2016,64000,Diesel,Manual,First,5.0,6.8,22.9,1248.0,74.0,Maruti,4,litre,2.51,0.24,10.45833,0.10960698689956332
Ford Figo Diesel EXI,Kolkata,2012,41284,Diesel,Manual,First,5.0,2.5,20.0,1399.0,68.05,Ford,8,litre,2.51,0.24,10.45833,0.1255
Toyota Innova Crysta 2.8 GX AT,Kochi,2019,14165,Diesel,Automatic,First,7.0,19.64,11.36,2755.0,171.5,Toyota,1,litre,2.51,0.24,10.45833,0.2209507042253521
Hyundai Santa Fe 4x4 AT,Mumbai,2011,67000,Diesel,Automatic,Second,7.0,7.0,11.72,2199.0,194.3,Hyundai,9,litre,2.51,0.24,10.45833,0.21416382252559724
Honda City i-VTEC V,Kolkata,2011,32572,Petrol,Manual,First,5.0,3.87,17.4,1497.0,117.3,Honda,9,litre,2.1,0.22,9.545455,0.12068965517241381
Hyundai i20 1.2 Magna Executive,Kochi,2018,14960,Petrol,Manual,First,5.0,6.27,18.6,1197.0,81.83,Hyundai,2,litre,2.1,0.22,9.545455,0.11290322580645161
Mercedes-Benz New C-Class C 220d Avantgarde Edition C,Kochi,2015,55980,Diesel,Automatic,First,5.0,18.12,19.27,2143.0,167.62,Mercedes-Benz,5,litre,2.51,0.24,10.45833,0.1302542812662169
Chevrolet Beat Diesel LT,Mumbai,2013,74000,Diesel,Manual,First,5.0,2.65,25.44,936.0,57.6,Chevrolet,7,litre,2.51,0.24,10.45833,0.09866352201257861
Hyundai i20 Sportz 1.4 CRDi,Kochi,2015,56847,Diesel,Manual,First,5.0,7.2,22.54,1396.0,88.73,Hyundai,5,litre,2.51,0.24,10.45833,0.11135758651286601
Toyota Innova 2.5 Z Diesel 7 Seater,Coimbatore,2015,121374,Diesel,Manual,First,7.0,14.3,12.99,2494.0,100.6,Toyota,5,litre,2.51,0.24,10.45833,0.193225558121632
Maruti Ertiga VDI,Chennai,2013,52000,Diesel,Manual,First,7.0,6.9,20.77,1248.0,88.76,Maruti,7,litre,2.51,0.24,10.45833,0.12084737602311024
Toyota Innova 2.5 V Diesel 7-seater,Mumbai,2014,118000,Diesel,Manual,First,7.0,10.75,12.8,2494.0,102.0,Toyota,6,litre,2.51,0.24,10.45833,0.19609374999999998
Hyundai Santro Xing XO eRLX Euro II,Mumbai,2007,72000,Petrol,Manual,Third,5.0,0.95,17.0,1086.0,97.7,Hyundai,13,litre,2.1,0.22,9.545455,0.12352941176470589
Honda City i VTEC V,Kochi,2016,33915,Petrol,Manual,First,5.0,8.09,17.8,1497.0,117.3,Honda,4,litre,2.1,0.22,9.545455,0.11797752808988764
BMW X1 sDrive20d,Ahmedabad,2014,82002,Diesel,Automatic,First,5.0,18.5,17.05,1995.0,184.0,BMW,6,litre,2.51,0.24,10.45833,0.14721407624633429
Hyundai Grand i10 CRDi Era,Mumbai,2017,33000,Diesel,Manual,First,5.0,4.75,24.0,1120.0,70.0,Hyundai,3,litre,2.51,0.24,10.45833,0.10458333333333332
Maruti Ciaz 1.3 Alpha,Chennai,2016,34000,Diesel,Manual,First,5.0,8.45,28.09,1248.0,88.5,Maruti,4,litre,2.51,0.24,10.45833,0.08935564257742969
Skoda Rapid Leisure 1.6 TDI MT,Kolkata,2012,55000,Diesel,Manual,First,5.0,3.5,20.5,1598.0,103.6,Skoda,8,litre,2.51,0.24,10.45833,0.12243902439024389
Hyundai Accent CRDi,Kochi,2006,160538,Diesel,Manual,First,5.0,1.8,13.1,1493.0,82.0,Hyundai,14,litre,2.51,0.24,10.45833,0.1916030534351145
Volkswagen Polo GT 1.5 TDI,Jaipur,2014,60000,Diesel,Manual,Second,5.0,3.7,19.91,1498.0,103.6,Volkswagen,6,litre,2.51,0.24,10.45833,0.12606730286288295
Honda Jazz 1.2 VX i VTEC,Coimbatore,2017,49575,Petrol,Manual,First,5.0,7.17,18.7,1199.0,88.7,Honda,3,litre,2.1,0.22,9.545455,0.11229946524064172
Hyundai i10 Era,Jaipur,2010,83000,Petrol,Manual,First,5.0,1.75,19.81,1086.0,68.05,Hyundai,10,litre,2.1,0.22,9.545455,0.1060070671378092
Hyundai Tucson 2.0 e-VGT 2WD AT GLS,Kochi,2018,51346,Diesel,Automatic,First,5.0,21.99,16.38,1995.0,183.0,Hyundai,2,litre,2.51,0.24,10.45833,0.15323565323565322
Toyota Innova Crysta 2.4 ZX MT,Pune,2017,43000,Diesel,Manual,First,7.0,18.65,13.68,2393.0,147.8,Toyota,3,litre,2.51,0.24,10.45833,0.1834795321637427
Maruti Omni MPI CARGO BSIII W/ IMMOBILISER,Jaipur,2011,35000,Petrol,Manual,Third,5.0,1.85,19.7,796.0,35.0,Maruti,9,litre,2.1,0.22,9.545455,0.10659898477157362
Maruti Swift VXI BSIV,Coimbatore,2017,27872,Petrol,Manual,Second,5.0,5.95,20.4,1197.0,81.8,Maruti,3,litre,2.1,0.22,9.545455,0.10294117647058824
Hyundai Grand i10 Magna,Mumbai,2014,16514,Petrol,Manual,First,5.0,3.75,18.9,1197.0,82.0,Hyundai,6,litre,2.1,0.22,9.545455,0.11111111111111112
Maruti Swift VDI,Pune,2012,120000,Diesel,Manual,First,5.0,3.75,22.9,1248.0,74.0,Maruti,8,litre,2.51,0.24,10.45833,0.10960698689956332
Hyundai Verna CRDi 1.6 SX,Hyderabad,2008,143275,Diesel,Manual,First,5.0,2.6,22.0,1582.0,126.2,Hyundai,12,litre,2.51,0.24,10.45833,0.11409090909090908
Hyundai Santro Xing XL,Hyderabad,2006,99000,Petrol,Manual,First,5.0,1.75,0.0,1086.0,97.7,Hyundai,14,litre,2.1,0.22,9.545455,0.12352941176470589
Hyundai i20 1.2 Sportz,Mumbai,2010,52000,Petrol,Manual,First,5.0,2.8,17.0,1197.0,80.0,Hyundai,10,litre,2.1,0.22,9.545455,0.12352941176470589
Mercedes-Benz GLE 350d,Coimbatore,2017,29819,Diesel,Automatic,First,5.0,61.29,11.57,2987.0,254.79,Mercedes-Benz,3,litre,2.51,0.24,10.45833,0.21694036300777872
Mercedes-Benz New C-Class C 220 CDI CLASSIC,Bangalore,2014,57000,Diesel,Manual,Second,5.0,18.0,15.8,2148.0,170.0,Mercedes-Benz,6,litre,2.51,0.24,10.45833,0.15886075949367087
Maruti Ritz ZDi,Hyderabad,2014,88500,Diesel,Manual,First,5.0,4.35,23.2,1248.0,73.94,Maruti,6,litre,2.51,0.24,10.45833,0.10818965517241379
Hyundai Creta 1.6 CRDi SX,Bangalore,2016,28000,Diesel,Manual,First,5.0,13.75,19.67,1582.0,126.2,Hyundai,4,litre,2.51,0.24,10.45833,0.1276054905948144
Maruti A-Star Vxi,Pune,2010,67000,Petrol,Manual,First,5.0,2.0,19.0,998.0,66.1,Maruti,10,litre,2.1,0.22,9.545455,0.1105263157894737
Renault Duster 110PS Diesel RXZ Option,Delhi,2016,26000,Diesel,Manual,First,5.0,10.0,19.64,1461.0,108.45,Renault,4,litre,2.51,0.24,10.45833,0.12780040733197554
Fiat Grande Punto 1.3 Emotion Pack (Diesel),Delhi,2010,120000,Diesel,Manual,First,5.0,1.65,17.8,1248.0,76.0,Fiat,10,litre,2.51,0.24,10.45833,0.14101123595505616
BMW X3 xDrive30d M Sport,Coimbatore,2017,51982,Diesel,Automatic,First,5.0,45.77,16.55,2993.0,258.0,BMW,3,litre,2.51,0.24,10.45833,0.15166163141993955
Hyundai i10 Sportz,Bangalore,2010,36000,Petrol,Manual,Second,5.0,3.25,20.36,1197.0,78.9,Hyundai,10,litre,2.1,0.22,9.545455,0.1031434184675835
Toyota Innova 2.5 G4 Diesel 7-seater,Pune,2016,47000,Diesel,Manual,First,7.0,12.8,12.8,2494.0,102.0,Toyota,4,litre,2.51,0.24,10.45833,0.19609374999999998
Maruti Zen VXI BSII,Mumbai,2002,60000,Petrol,Manual,Third,5.0,0.55,17.3,993.0,60.0,Maruti,18,litre,2.1,0.22,9.545455,0.12138728323699421
Maruti Swift VDI,Hyderabad,2018,31025,Diesel,Manual,First,5.0,7.15,28.4,1248.0,74.0,Maruti,2,litre,2.51,0.24,10.45833,0.08838028169014084
Mahindra Scorpio VLX 2.2 mHawk Airbag BSIV,Pune,2013,105000,Diesel,Manual,Second,8.0,7.0,12.05,2179.0,120.0,Mahindra,7,litre,2.51,0.24,10.45833,0.20829875518672197
Tata Zest Quadrajet 1.3 75PS XE,Pune,2017,121900,Diesel,Manual,First,5.0,3.75,22.95,1248.0,74.0,Tata,3,litre,2.51,0.24,10.45833,0.10936819172113289
Ford EcoSport 1.0 Ecoboost Titanium Plus,Mumbai,2017,22695,Petrol,Manual,First,5.0,8.5,18.88,999.0,123.24,Ford,3,litre,2.1,0.22,9.545455,0.11122881355932204
Maruti Swift Dzire ZDI,Jaipur,2012,73000,Diesel,Manual,First,5.0,4.35,23.4,1248.0,74.0,Maruti,8,litre,2.51,0.24,10.45833,0.10726495726495726
Maruti Alto 800 LXI,Kochi,2016,32227,Petrol,Manual,First,5.0,3.26,22.74,796.0,47.3,Maruti,4,litre,2.1,0.22,9.545455,0.09234828496042218
Honda City 1.5 S MT,Jaipur,2011,55000,Petrol,Manual,First,5.0,4.21,17.0,1497.0,118.0,Honda,9,litre,2.1,0.22,9.545455,0.12352941176470589
Audi Q7 3.0 TDI Quattro Technology,Kochi,2018,11287,Diesel,Automatic,First,7.0,70.36,12.07,2967.0,241.4,Audi,2,litre,2.51,0.24,10.45833,0.20795360397680196
Skoda Laura 1.9 TDI AT Ambiente,Mumbai,2009,48000,Diesel,Automatic,Second,5.0,2.95,17.0,1896.0,105.0,Skoda,11,litre,2.51,0.24,10.45833,0.1476470588235294
Hyundai Verna 1.6 SX VTVT (O),Kochi,2012,54308,Petrol,Manual,First,5.0,4.28,17.1,1591.0,121.3,Hyundai,8,litre,2.1,0.22,9.545455,0.12280701754385964
Honda City 1.5 V AT,Jaipur,2009,78442,Petrol,Automatic,First,5.0,3.57,16.8,1497.0,118.0,Honda,11,litre,2.1,0.22,9.545455,0.125
Hyundai i20 Magna Optional 1.4 CRDi,Kolkata,2013,46000,Diesel,Manual,First,5.0,3.11,21.9,1396.0,88.8,Hyundai,7,litre,2.51,0.24,10.45833,0.11461187214611872
Hyundai i20 Sportz AT 1.4,Coimbatore,2014,45051,Petrol,Automatic,First,5.0,5.96,15.0,1396.0,98.6,Hyundai,6,litre,2.1,0.22,9.545455,0.14
Volkswagen Vento Diesel Highline,Hyderabad,2011,69000,Diesel,Manual,First,5.0,4.7,20.54,1598.0,103.6,Volkswagen,9,litre,2.51,0.24,10.45833,0.12220058422590067
Honda City i VTEC VX,Ahmedabad,2014,49000,Petrol,Manual,First,5.0,6.9,17.4,1497.0,117.3,Honda,6,litre,2.1,0.22,9.545455,0.12068965517241381
Tata Zest Quadrajet 1.3 75PS XE,Pune,2018,45000,Diesel,Manual,First,5.0,5.25,22.95,1248.0,74.0,Tata,2,litre,2.51,0.24,10.45833,0.10936819172113289
BMW 5 Series 2003-2012 520d,Pune,2015,64000,Diesel,Automatic,First,5.0,28.0,18.48,1995.0,177.0,BMW,5,litre,2.51,0.24,10.45833,0.13582251082251082
Maruti Wagon R LXI Minor,Delhi,2009,60000,Petrol,Manual,First,5.0,1.35,18.9,1061.0,67.0,Maruti,11,litre,2.1,0.22,9.545455,0.11111111111111112
Honda Jazz VX,Delhi,2015,62178,Petrol,Manual,First,5.0,4.85,18.2,1199.0,88.7,Honda,5,litre,2.1,0.22,9.545455,0.11538461538461539
Volkswagen Jetta 2007-2011 2.0 TDI Comfortline,Coimbatore,2012,58006,Diesel,Manual,First,5.0,6.7,15.0,1896.0,105.0,Volkswagen,8,litre,2.51,0.24,10.45833,0.1673333333333333
Hyundai i10 Magna 1.2,Hyderabad,2010,74000,Petrol,Manual,First,5.0,3.1,20.36,1197.0,78.9,Hyundai,10,litre,2.1,0.22,9.545455,0.1031434184675835
Mercedes-Benz New C-Class C 220 CDI Avantgarde,Kochi,2015,77771,Diesel,Automatic,First,5.0,18.64,19.27,2143.0,170.0,Mercedes-Benz,5,litre,2.51,0.24,10.45833,0.1302542812662169
Hyundai i10 Magna 1.2 iTech SE,Pune,2012,45275,Petrol,Manual,First,5.0,2.8,20.36,1197.0,78.9,Hyundai,8,litre,2.1,0.22,9.545455,0.1031434184675835
Toyota Innova Crysta 2.4 ZX MT,Chennai,2016,48000,Diesel,Manual,First,7.0,20.25,13.68,2393.0,147.8,Toyota,4,litre,2.51,0.24,10.45833,0.1834795321637427
Audi A6 2011-2015 2.0 TDI Technology,Kochi,2015,31652,Diesel,Automatic,First,5.0,26.78,17.68,1968.0,174.33,Audi,5,litre,2.51,0.24,10.45833,0.1419683257918552
Toyota Innova 2.5 VX (Diesel) 7 Seater,Hyderabad,2010,109000,Diesel,Manual,Second,7.0,8.26,12.99,2494.0,100.6,Toyota,10,litre,2.51,0.24,10.45833,0.193225558121632
Volkswagen Polo Petrol Trendline 1.2L,Mumbai,2015,31978,Petrol,Manual,First,5.0,3.89,16.47,1198.0,73.9,Volkswagen,5,litre,2.1,0.22,9.545455,0.12750455373406194
Maruti Alto K10 LXI,Hyderabad,2011,70000,Petrol,Manual,First,5.0,2.1,20.92,998.0,67.1,Maruti,9,litre,2.1,0.22,9.545455,0.10038240917782026
Honda City i-VTEC CVT ZX,Mumbai,2017,15000,Petrol,Automatic,First,5.0,12.69,18.0,1497.0,117.3,Honda,3,litre,2.1,0.22,9.545455,0.11666666666666667
Tata Indigo LX,Coimbatore,2013,59138,Diesel,Manual,First,5.0,2.58,17.0,1405.0,70.0,Tata,7,litre,2.51,0.24,10.45833,0.1476470588235294
Audi A6 2011-2015 2.0 TDI Premium Plus,Kochi,2014,61726,Diesel,Automatic,First,5.0,20.77,17.68,1968.0,174.33,Audi,6,litre,2.51,0.24,10.45833,0.1419683257918552
Mercedes-Benz GLA Class 200 CDI SPORT,Delhi,2015,48000,Diesel,Automatic,First,5.0,20.26,17.9,2143.0,136.0,Mercedes-Benz,5,litre,2.51,0.24,10.45833,0.14022346368715083
Hyundai Santro Xing XL,Chennai,2006,58000,Petrol,Manual,Second,5.0,1.5,0.0,1086.0,97.7,Hyundai,14,litre,2.1,0.22,9.545455,0.12352941176470589
Maruti Swift VDI BSIV,Kolkata,2011,60020,Diesel,Manual,First,5.0,2.5,17.8,1248.0,97.7,Maruti,9,litre,2.51,0.24,10.45833,0.14101123595505616
Maruti Celerio VXI AT,Hyderabad,2014,77815,Petrol,Automatic,First,5.0,4.25,23.1,998.0,67.04,Maruti,6,litre,2.1,0.22,9.545455,0.09090909090909091
Mercedes-Benz GLE 250d,Hyderabad,2017,29000,Diesel,Automatic,First,5.0,57.0,17.9,2143.0,201.15,Mercedes-Benz,3,litre,2.51,0.24,10.45833,0.14022346368715083
Land Rover Range Rover HSE Dynamic,Delhi,2017,44000,Diesel,Automatic,First,5.0,44.0,12.7,2179.0,187.7,Land,3,litre,2.51,0.24,10.45833,0.19763779527559056
Volkswagen Vento Diesel Trendline,Hyderabad,2011,108626,Diesel,Manual,First,5.0,3.65,20.54,1598.0,103.6,Volkswagen,9,litre,2.51,0.24,10.45833,0.12220058422590067
Maruti Omni 8 Seater BSIV,Hyderabad,2012,71791,Petrol,Manual,First,5.0,2.05,14.0,796.0,35.0,Maruti,8,litre,2.1,0.22,9.545455,0.15
Honda Brio 1.2 VX MT,Kochi,2012,91931,Petrol,Manual,First,5.0,3.13,18.5,1198.0,86.8,Honda,8,litre,2.1,0.22,9.545455,0.11351351351351352
Tata Sumo Delux,Hyderabad,2000,158000,Diesel,Manual,Second,7.0,1.5,14.07,2956.0,83.1,Tata,20,litre,2.51,0.24,10.45833,0.17839374555792464
Tata Indica Vista Aura 1.3 Quadrajet,Pune,2012,91183,Diesel,Manual,First,5.0,2.85,18.0,1248.0,75.0,Tata,8,litre,2.51,0.24,10.45833,0.13944444444444443
Maruti Wagon R LXI BS IV,Delhi,2012,65000,Petrol,Manual,First,5.0,2.65,18.9,998.0,67.1,Maruti,8,litre,2.1,0.22,9.545455,0.11111111111111112
Mahindra XUV500 W8 4WD,Hyderabad,2015,88428,Diesel,Manual,First,7.0,10.6,16.0,2179.0,140.0,Mahindra,5,litre,2.51,0.24,10.45833,0.156875
Tata Indigo LS Dicor,Pune,2008,138000,Diesel,Manual,Second,5.0,1.25,17.1,1396.0,70.0,Tata,12,litre,2.51,0.24,10.45833,0.14678362573099413
Maruti Ertiga Paseo VXI,Mumbai,2018,18000,Petrol,Manual,First,7.0,8.25,16.02,1373.0,93.7,Maruti,2,litre,2.1,0.22,9.545455,0.1310861423220974
Honda Accord 2.4 A/T,Mumbai,2011,60000,Petrol,Automatic,First,5.0,4.45,11.7,2354.0,177.6,Honda,9,litre,2.1,0.22,9.545455,0.17948717948717952
Maruti Swift Dzire VDi,Kolkata,2012,48000,Diesel,Manual,First,5.0,3.7,19.3,1248.0,73.9,Maruti,8,litre,2.51,0.24,10.45833,0.13005181347150258
Ford Fiesta EXi 1.4 TDCi Ltd,Hyderabad,2009,160000,Diesel,Manual,First,5.0,2.8,17.8,1399.0,68.0,Ford,11,litre,2.51,0.24,10.45833,0.14101123595505616
Honda City ZX GXi,Kolkata,2008,40000,Petrol,Manual,First,5.0,1.8,17.7,1497.0,78.0,Honda,12,litre,2.1,0.22,9.545455,0.11864406779661017
Audi A6 2011-2015 2.0 TDI Premium Plus,Kochi,2014,51495,Diesel,Automatic,First,5.0,21.95,17.68,1968.0,174.33,Audi,6,litre,2.51,0.24,10.45833,0.1419683257918552
BMW 6 Series 640d Gran Coupe,Mumbai,2011,30000,Diesel,Automatic,First,4.0,49.0,9.52,2993.0,313.0,BMW,9,litre,2.51,0.24,10.45833,0.26365546218487396
Audi Q7 45 TDI Quattro Technology,Coimbatore,2017,97430,Diesel,Automatic,First,7.0,62.67,14.75,2967.0,245.0,Audi,3,litre,2.51,0.24,10.45833,0.1701694915254237
Maruti Zen Estilo LXI Green (CNG),Pune,2008,42496,CNG,Manual,First,5.0,1.4,26.3,998.0,67.1,Maruti,12,kg,2.5625,0.18,14.23611,0.09743346007604563
Hyundai i20 1.4 CRDi Asta,Pune,2012,83000,Diesel,Manual,First,5.0,5.5,23.0,1396.0,90.0,Hyundai,8,litre,2.51,0.24,10.45833,0.10913043478260868
Hyundai i10 Sportz AT,Bangalore,2009,37000,Petrol,Automatic,Third,5.0,2.95,16.95,1197.0,78.9,Hyundai,11,litre,2.1,0.22,9.545455,0.12389380530973453
Honda Jazz 1.2 V CVT i VTEC,Kochi,2016,28503,Petrol,Automatic,First,5.0,6.86,19.0,1199.0,88.7,Honda,4,litre,2.1,0.22,9.545455,0.1105263157894737
Maruti Swift VDI BSIV,Hyderabad,2015,76496,Diesel,Manual,First,5.0,6.15,25.2,1248.0,74.0,Maruti,5,litre,2.51,0.24,10.45833,0.0996031746031746
Hyundai i20 Asta 1.2,Pune,2011,79152,Petrol,Manual,Second,5.0,3.3,18.5,1197.0,82.85,Hyundai,9,litre,2.1,0.22,9.545455,0.11351351351351352
Volkswagen Polo Petrol Comfortline 1.2L,Kolkata,2011,32000,Petrol,Manual,First,5.0,2.55,16.47,1198.0,73.9,Volkswagen,9,litre,2.1,0.22,9.545455,0.12750455373406194
Maruti Alto LXi,Ahmedabad,2009,35000,Petrol,Manual,First,5.0,1.5,19.7,796.0,46.3,Maruti,11,litre,2.1,0.22,9.545455,0.10659898477157362
Toyota Corolla H4,Chennai,2004,105000,Petrol,Automatic,Second,5.0,2.5,11.3,1794.0,125.0,Toyota,16,litre,2.1,0.22,9.545455,0.18584070796460175
Maruti Alto LXi,Chennai,2006,56000,Petrol,Manual,Second,5.0,1.4,19.7,796.0,46.3,Maruti,14,litre,2.1,0.22,9.545455,0.10659898477157362
Tata Manza ELAN Quadrajet BS IV,Pune,2012,73000,Diesel,Manual,First,5.0,3.4,21.12,1248.0,88.8,Tata,8,litre,2.51,0.24,10.45833,0.11884469696969695
Maruti Alto LXi,Pune,2012,38000,Petrol,Manual,First,5.0,2.25,19.7,796.0,46.3,Maruti,8,litre,2.1,0.22,9.545455,0.10659898477157362
Toyota Corolla H4,Kolkata,2008,80000,Petrol,Automatic,First,5.0,2.8,11.3,1794.0,125.0,Toyota,12,litre,2.1,0.22,9.545455,0.18584070796460175
Hyundai i20 Asta Option 1.2,Coimbatore,2016,24973,Petrol,Manual,First,5.0,7.66,18.6,1197.0,81.83,Hyundai,4,litre,2.1,0.22,9.545455,0.11290322580645161
Maruti Vitara Brezza LDi,Chennai,2016,45000,Diesel,Manual,First,5.0,7.15,24.3,1248.0,88.5,Maruti,4,litre,2.51,0.24,10.45833,0.10329218106995884
Honda City 1.5 V MT,Delhi,2010,87430,Petrol,Manual,First,5.0,3.5,17.0,1497.0,118.0,Honda,10,litre,2.1,0.22,9.545455,0.12352941176470589
Tata Indica Vista Aqua 1.3 Quadrajet,Hyderabad,2014,133944,Diesel,Manual,Second,5.0,3.5,18.0,1248.0,75.0,Tata,6,litre,2.51,0.24,10.45833,0.13944444444444443
Honda Amaze S i-Dtech,Kolkata,2013,57000,Diesel,Manual,First,5.0,3.45,25.8,1498.0,98.6,Honda,7,litre,2.51,0.24,10.45833,0.09728682170542635
Hyundai EON D Lite Plus,Coimbatore,2016,27904,Petrol,Manual,First,5.0,3.55,21.1,814.0,55.2,Hyundai,4,litre,2.1,0.22,9.545455,0.0995260663507109
BMW 3 Series Luxury Line,Kochi,2015,30717,Diesel,Automatic,Second,5.0,25.99,21.76,1995.0,190.0,BMW,5,litre,2.51,0.24,10.45833,0.11534926470588233
Hyundai Verna 1.6 SX,Bangalore,2012,80000,Diesel,Manual,First,5.0,5.25,22.32,1582.0,126.32,Hyundai,8,litre,2.51,0.24,10.45833,0.11245519713261648
Tata Manza Club Class Quadrajet90 LS,Ahmedabad,2013,47304,Diesel,Manual,First,5.0,2.9,21.02,1248.0,88.8,Tata,7,litre,2.51,0.24,10.45833,0.11941008563273073
Skoda Octavia RS,Jaipur,2005,100000,Petrol,Automatic,First,5.0,2.05,14.45,1984.0,227.0,Skoda,15,litre,2.1,0.22,9.545455,0.1453287197231834
Maruti Alto K10 VXI,Pune,2017,30000,Petrol,Manual,First,5.0,3.75,24.07,998.0,67.1,Maruti,3,litre,2.1,0.22,9.545455,0.08724553385957624
Ford Ecosport 1.5 DV5 MT Titanium Optional,Mumbai,2014,68000,Diesel,Manual,First,5.0,6.75,22.7,1498.0,89.84,Ford,6,litre,2.51,0.24,10.45833,0.11057268722466959
Chevrolet Spark 1.0 LS,Kolkata,2011,21000,Petrol,Manual,Second,5.0,0.95,18.0,995.0,62.0,Chevrolet,9,litre,2.1,0.22,9.545455,0.11666666666666667
Jaguar XF 2.0 Diesel Portfolio,Hyderabad,2017,21000,Diesel,Automatic,First,5.0,52.0,19.33,1999.0,177.0,Jaguar,3,litre,2.51,0.24,10.45833,0.1298499741334713
Honda CR-V RVi MT,Jaipur,2007,119000,Petrol,Manual,Third,5.0,3.91,13.1,1997.0,141.1,Honda,13,litre,2.1,0.22,9.545455,0.1603053435114504
Skoda Superb L&K 1.8 TSI AT,Kochi,2019,13747,Petrol,Automatic,First,5.0,27.3,14.67,1798.0,177.46,Skoda,1,litre,2.1,0.22,9.545455,0.14314928425357873
Maruti Swift LDI,Delhi,2013,70000,Diesel,Manual,First,5.0,3.5,22.9,1248.0,74.0,Maruti,7,litre,2.51,0.24,10.45833,0.10960698689956332
Maruti Swift Dzire VXi AT,Mumbai,2016,18000,Petrol,Automatic,First,5.0,6.2,18.5,1197.0,83.14,Maruti,4,litre,2.1,0.22,9.545455,0.11351351351351352
Nissan Micra Diesel XV,Chennai,2011,83000,Diesel,Manual,First,5.0,2.75,23.08,1461.0,63.1,Nissan,9,litre,2.51,0.24,10.45833,0.10875216637781629
Maruti Swift Dzire Tour LDI,Mumbai,2015,130000,Diesel,Manual,First,5.0,3.25,23.4,1248.0,74.0,Maruti,5,litre,2.51,0.24,10.45833,0.10726495726495726
Ford Fiesta Classic 1.4 Duratorq CLXI,Pune,2012,63400,Diesel,Manual,First,5.0,3.25,17.8,1399.0,67.0,Ford,8,litre,2.51,0.24,10.45833,0.14101123595505616
Maruti Zen LX,Kolkata,2003,65000,Petrol,Manual,First,5.0,0.65,17.3,993.0,60.0,Maruti,17,litre,2.1,0.22,9.545455,0.12138728323699421
Mini Clubman Cooper S,Pune,2017,8350,Petrol,Manual,First,5.0,35.0,13.8,1998.0,192.0,Mini,3,litre,2.1,0.22,9.545455,0.15217391304347827
Toyota Etios GD,Kolkata,2014,45000,Diesel,Manual,First,5.0,3.25,23.59,1364.0,67.05,Toyota,6,litre,2.51,0.24,10.45833,0.10640101738024586
Maruti Alto 800 2016-2019 LXI,Kolkata,2018,26200,Petrol,Manual,First,5.0,2.9,24.7,796.0,47.3,Maruti,2,litre,2.1,0.22,9.545455,0.08502024291497977
Maruti Alto VXi,Bangalore,2011,11000,Petrol,Manual,Third,5.0,2.9,18.9,796.0,47.0,Maruti,9,litre,2.1,0.22,9.545455,0.11111111111111112
BMW X5 3.0d,Bangalore,2009,90000,Diesel,Automatic,Second,5.0,17.75,11.0,2993.0,235.0,BMW,11,litre,2.51,0.24,10.45833,0.22818181818181815
Nissan Teana XV,Mumbai,2015,74000,Petrol,Automatic,Second,5.0,8.25,11.07,2496.0,179.5,Nissan,5,litre,2.1,0.22,9.545455,0.1897018970189702
Hyundai Grand i10 AT Asta,Coimbatore,2015,37081,Petrol,Automatic,First,5.0,5.77,18.9,1197.0,82.0,Hyundai,5,litre,2.1,0.22,9.545455,0.11111111111111112
Maruti Vitara Brezza ZDi Plus,Hyderabad,2017,39000,Diesel,Manual,First,5.0,9.49,24.3,1248.0,88.5,Maruti,3,litre,2.51,0.24,10.45833,0.10329218106995884
Audi Q7 3.0 TDI Quattro Premium Plus,Mumbai,2008,99000,Diesel,Automatic,Third,7.0,12.95,12.07,2967.0,241.4,Audi,12,litre,2.51,0.24,10.45833,0.20795360397680196
Mercedes-Benz GLA Class 200 CDI,Chennai,2015,38000,Diesel,Automatic,First,5.0,20.0,17.9,2143.0,136.0,Mercedes-Benz,5,litre,2.51,0.24,10.45833,0.14022346368715083
Maruti 800 AC,Chennai,2007,72000,Petrol,Manual,Third,4.0,1.0,16.1,796.0,37.0,Maruti,13,litre,2.1,0.22,9.545455,0.13043478260869565
Renault Duster 85PS Diesel RxL,Chennai,2015,93000,Diesel,Manual,Second,5.0,7.1,20.45,1461.0,83.8,Renault,5,litre,2.51,0.24,10.45833,0.12273838630806845
Toyota Corolla Altis D-4D GL,Mumbai,2017,5900,Diesel,Manual,First,5.0,16.5,21.43,1364.0,87.2,Toyota,3,litre,2.51,0.24,10.45833,0.11712552496500232
Mercedes-Benz New C-Class 220,Chennai,2014,25000,Diesel,Manual,First,5.0,26.0,15.8,2148.0,170.0,Mercedes-Benz,6,litre,2.51,0.24,10.45833,0.15886075949367087
Maruti Ritz VDi,Hyderabad,2010,68000,Diesel,Manual,Second,5.0,3.2,21.1,1248.0,73.9,Maruti,10,litre,2.51,0.24,10.45833,0.11895734597156396
Honda BRV i-VTEC V CVT,Kochi,2017,35676,Petrol,Automatic,First,7.0,9.48,16.0,1497.0,117.3,Honda,3,litre,2.1,0.22,9.545455,0.13125
Hyundai Xcent 1.1 CRDi Base,Kochi,2015,74310,Diesel,Manual,First,5.0,4.0,24.4,1120.0,71.0,Hyundai,5,litre,2.51,0.24,10.45833,0.10286885245901639
Mercedes-Benz E-Class 2009-2013 E250 CDI Avantgarde,Jaipur,2014,59364,Diesel,Automatic,First,5.0,26.5,14.21,2143.0,203.0,Mercedes-Benz,6,litre,2.51,0.24,10.45833,0.17663617171006332
Mercedes-Benz B Class B180,Kochi,2014,41380,Petrol,Automatic,Second,5.0,11.77,14.8,1595.0,120.7,Mercedes-Benz,6,litre,2.1,0.22,9.545455,0.14189189189189189
Mercedes-Benz E-Class 2015-2017 E250 Edition E,Bangalore,2017,33900,Diesel,Automatic,First,5.0,37.0,15.0,2143.0,204.0,Mercedes-Benz,3,litre,2.51,0.24,10.45833,0.1673333333333333
Honda City i VTEC VX Option,Mumbai,2016,28000,Petrol,Manual,First,5.0,8.75,17.8,1497.0,117.3,Honda,4,litre,2.1,0.22,9.545455,0.11797752808988764
Hyundai Santro Xing XL eRLX Euro III,Hyderabad,2007,50958,Petrol,Manual,First,5.0,1.95,17.0,1086.0,97.7,Hyundai,13,litre,2.1,0.22,9.545455,0.12352941176470589
Honda City 1.5 S MT,Chennai,2011,93982,Petrol,Manual,First,5.0,3.75,17.0,1497.0,118.0,Honda,9,litre,2.1,0.22,9.545455,0.12352941176470589
Hyundai Verna Transform VTVT,Pune,2010,95000,Petrol,Manual,First,5.0,2.5,16.2,1599.0,103.2,Hyundai,10,litre,2.1,0.22,9.545455,0.12962962962962965
Jaguar XE Portfolio,Mumbai,2017,9000,Petrol,Automatic,First,5.0,34.5,13.5,1999.0,246.74,Jaguar,3,litre,2.1,0.22,9.545455,0.15555555555555556
Honda Amaze S i-Vtech,Delhi,2015,52516,Petrol,Manual,First,5.0,4.65,18.0,1198.0,86.7,Honda,5,litre,2.1,0.22,9.545455,0.11666666666666667
Mini Cooper Convertible 1.6,Bangalore,2015,20000,Petrol,Automatic,First,4.0,32.0,18.86,1598.0,122.0,Mini,5,litre,2.1,0.22,9.545455,0.11134676564156946
Mercedes-Benz S Class 2005 2013 S 350 CDI,Coimbatore,2017,56451,Diesel,Automatic,First,5.0,62.81,13.5,2987.0,282.0,Mercedes-Benz,3,litre,2.51,0.24,10.45833,0.1859259259259259
Hyundai EON Magna Plus,Chennai,2014,37000,Petrol,Manual,First,5.0,3.25,21.1,814.0,55.2,Hyundai,6,litre,2.1,0.22,9.545455,0.0995260663507109
Maruti Wagon R VXI BS IV,Kolkata,2014,17400,Petrol,Manual,First,5.0,3.1,20.51,998.0,67.04,Maruti,6,litre,2.1,0.22,9.545455,0.10238907849829351
Maruti Ritz LDi,Coimbatore,2011,90207,Diesel,Manual,First,5.0,3.91,21.1,1248.0,73.9,Maruti,9,litre,2.51,0.24,10.45833,0.11895734597156396
BMW 3 Series 320d Sedan,Chennai,2011,89616,Diesel,Automatic,First,5.0,11.0,16.07,1995.0,181.0,BMW,9,litre,2.51,0.24,10.45833,0.1561916614810205
Tata Xenon XT EX 4X2,Pune,2014,85000,Diesel,Manual,First,5.0,3.5,13.49,2179.0,138.03,Tata,6,litre,2.51,0.24,10.45833,0.1860637509266123
Audi A3 35 TDI Attraction,Chennai,2014,79271,Diesel,Automatic,First,5.0,16.5,20.38,1968.0,143.0,Audi,6,litre,2.51,0.24,10.45833,0.12315996074582924
Land Rover Range Rover 2.2L Dynamic,Hyderabad,2012,56000,Diesel,Automatic,First,5.0,30.0,12.7,2179.0,187.7,Land,8,litre,2.51,0.24,10.45833,0.19763779527559056
Mercedes-Benz GL-Class 2007 2012 350 CDI Luxury,Pune,2010,85001,Diesel,Automatic,Second,7.0,28.0,12.0,2987.0,224.0,Mercedes-Benz,10,litre,2.51,0.24,10.45833,0.20916666666666664
Mitsubishi Pajero Sport 4X2 AT DualTone BlackTop,Hyderabad,2018,12000,Diesel,Automatic,First,7.0,28.0,13.5,2477.0,175.56,Mitsubishi,2,litre,2.51,0.24,10.45833,0.1859259259259259
Maruti Alto LX,Jaipur,2010,125000,Petrol,Manual,First,5.0,0.92,19.7,796.0,46.3,Maruti,10,litre,2.1,0.22,9.545455,0.10659898477157362
Maruti Wagon R LXI BSIII,Pune,2013,53000,Petrol,Manual,First,5.0,2.75,14.0,1061.0,64.0,Maruti,7,litre,2.1,0.22,9.545455,0.15
Land Rover Range Rover 2.2L Prestige,Coimbatore,2017,34990,Diesel,Automatic,First,5.0,53.83,12.7,2179.0,187.7,Land,3,litre,2.51,0.24,10.45833,0.19763779527559056
Hyundai Verna 1.6 SX VTVT,Pune,2011,49768,Petrol,Manual,Second,5.0,4.95,17.01,1591.0,121.3,Hyundai,9,litre,2.1,0.22,9.545455,0.12345679012345678
BMW 5 Series 525d Sedan,Hyderabad,2013,56000,Diesel,Automatic,First,5.0,33.5,16.73,2993.0,218.0,BMW,7,litre,2.51,0.24,10.45833,0.15002988643156007
Jaguar XF Diesel,Bangalore,2013,75000,Diesel,Automatic,First,5.0,27.95,14.74,2993.0,270.9,Jaguar,7,litre,2.51,0.24,10.45833,0.17028493894165533
Skoda Superb Elegance 1.8 TSI AT,Hyderabad,2010,57000,Petrol,Automatic,First,5.0,7.25,13.7,1798.0,157.75,Skoda,10,litre,2.1,0.22,9.545455,0.15328467153284672
Audi Q3 35 TDI Quattro Premium,Kochi,2017,37542,Diesel,Automatic,First,5.0,25.71,15.73,1968.0,174.33,Audi,3,litre,2.51,0.24,10.45833,0.15956770502225046
Land Rover Range Rover 2.2L Pure,Coimbatore,2014,95649,Diesel,Automatic,First,5.0,29.67,12.7,2179.0,187.7,Land,6,litre,2.51,0.24,10.45833,0.19763779527559056
Mercedes-Benz New C-Class 220 CDI AT,Jaipur,2013,35299,Diesel,Automatic,First,5.0,19.0,14.84,2143.0,170.0,Mercedes-Benz,7,litre,2.51,0.24,10.45833,0.1691374663072776
Mahindra Scorpio S10 4WD,Kochi,2017,28464,Diesel,Manual,First,7.0,13.05,15.4,2179.0,120.0,Mahindra,3,litre,2.51,0.24,10.45833,0.16298701298701296
BMW 3 Series Luxury Line,Mumbai,2015,41000,Diesel,Automatic,First,5.0,25.5,21.76,1995.0,190.0,BMW,5,litre,2.51,0.24,10.45833,0.11534926470588233
Honda BR-V i-VTEC S MT,Pune,2017,9000,Petrol,Manual,First,7.0,8.5,15.4,1497.0,117.3,Honda,3,litre,2.1,0.22,9.545455,0.13636363636363635
Volvo S80 2006-2013 D5,Chennai,2010,92098,Diesel,Automatic,Second,5.0,7.25,16.0,2400.0,215.0,Volvo,10,litre,2.51,0.24,10.45833,0.156875
Hyundai Accent GLE,Pune,2005,5834,Petrol,Manual,First,5.0,0.8,13.2,1495.0,94.0,Hyundai,15,litre,2.1,0.22,9.545455,0.15909090909090912
Hyundai i20 Active SX Petrol,Jaipur,2017,40250,Petrol,Manual,First,5.0,6.9,17.19,1197.0,81.86,Hyundai,3,litre,2.1,0.22,9.545455,0.12216404886561955
Mercedes-Benz GLC 43 AMG Coupe,Coimbatore,2018,22397,Petrol,Automatic,First,5.0,70.99,11.5,2996.0,367.0,Mercedes-Benz,2,litre,2.1,0.22,9.545455,0.1826086956521739
Hyundai EON Magna Plus,Kolkata,2015,20800,Petrol,Manual,Second,5.0,2.25,21.1,814.0,55.2,Hyundai,5,litre,2.1,0.22,9.545455,0.0995260663507109
Hyundai Grand i10 SportZ Edition,Kochi,2018,40322,Petrol,Manual,First,5.0,5.5,18.9,1197.0,81.86,Hyundai,2,litre,2.1,0.22,9.545455,0.11111111111111112
Honda City 1.5 EXI S,Mumbai,2013,52576,Petrol,Manual,First,5.0,4.35,13.0,1493.0,100.0,Honda,7,litre,2.1,0.22,9.545455,0.16153846153846155
Volkswagen Polo Petrol Trendline 1.2L,Kolkata,2010,55000,Petrol,Manual,First,5.0,2.25,16.47,1198.0,73.9,Volkswagen,10,litre,2.1,0.22,9.545455,0.12750455373406194
Audi A6 35 TFSI Matrix,Mumbai,2016,47000,Petrol,Automatic,First,5.0,24.5,15.26,1798.0,187.74,Audi,4,litre,2.1,0.22,9.545455,0.13761467889908258
Volkswagen Jetta 2007-2011 1.9 L TDI,Hyderabad,2010,42021,Diesel,Manual,First,5.0,5.45,0.0,1968.0,97.7,Volkswagen,10,litre,2.51,0.24,10.45833,0.12352941176470589
Hyundai Creta 1.6 SX Plus Dual Tone Petrol,Coimbatore,2017,23163,Petrol,Manual,First,5.0,12.03,15.29,1591.0,121.3,Hyundai,3,litre,2.1,0.22,9.545455,0.13734466971877046
Mercedes-Benz New C-Class C 200 CGI Avantgarde,Mumbai,2011,50000,Petrol,Automatic,Second,5.0,8.5,11.74,1796.0,186.0,Mercedes-Benz,9,litre,2.1,0.22,9.545455,0.1788756388415673
Mini Cooper Convertible S,Mumbai,2014,11900,Petrol,Automatic,First,4.0,28.5,16.82,1998.0,189.08,Mini,6,litre,2.1,0.22,9.545455,0.12485136741973842
Hyundai Santro Xing XO eRLX Euro II,Pune,2006,108000,Petrol,Manual,Second,5.0,1.2,17.0,1086.0,97.7,Hyundai,14,litre,2.1,0.22,9.545455,0.12352941176470589
Toyota Etios VD,Bangalore,2013,37000,Diesel,Manual,First,5.0,5.75,23.59,1364.0,67.04,Toyota,7,litre,2.51,0.24,10.45833,0.10640101738024586
Honda Brio S MT,Delhi,2014,30000,Petrol,Manual,Second,5.0,3.2,19.4,1198.0,86.8,Honda,6,litre,2.1,0.22,9.545455,0.10824742268041239
Maruti Baleno Alpha Automatic,Coimbatore,2018,12831,Petrol,Automatic,First,5.0,9.89,21.4,1197.0,83.1,Maruti,2,litre,2.1,0.22,9.545455,0.09813084112149534
Skoda Laura Ambiente 2.0 TDI CR AT,Coimbatore,2012,143017,Diesel,Automatic,First,5.0,6.58,20.0,1968.0,138.1,Skoda,8,litre,2.51,0.24,10.45833,0.1255
Hyundai EON Era Plus,Kochi,2018,13102,Petrol,Manual,First,5.0,4.06,21.1,814.0,55.2,Hyundai,2,litre,2.1,0.22,9.545455,0.0995260663507109
Renault Captur 1.5 Diesel RXL,Coimbatore,2019,24950,Diesel,Manual,First,5.0,13.37,20.37,1461.0,108.45,Renault,1,litre,2.51,0.24,10.45833,0.12322042218949433
BMW 5 Series 2003-2012 GT 530d LE,Coimbatore,2011,57832,Diesel,Automatic,First,5.0,25.82,16.2,2993.0,258.0,BMW,9,litre,2.51,0.24,10.45833,0.15493827160493825
Maruti Alto 800 LXI,Kochi,2016,34267,Petrol,Manual,First,5.0,3.74,22.74,796.0,47.3,Maruti,4,litre,2.1,0.22,9.545455,0.09234828496042218
Volvo V40 D3,Bangalore,2015,33000,Diesel,Automatic,Second,5.0,22.0,16.8,1984.0,150.0,Volvo,5,litre,2.51,0.24,10.45833,0.14940476190476187
Maruti Wagon R LXI BSII,Ahmedabad,2007,55100,Petrol,Manual,First,5.0,1.45,18.9,998.0,67.1,Maruti,13,litre,2.1,0.22,9.545455,0.11111111111111112
Honda City ZX GXi,Kolkata,2008,40000,Petrol,Manual,First,5.0,2.0,17.7,1497.0,78.0,Honda,12,litre,2.1,0.22,9.545455,0.11864406779661017
Maruti Eeco 5 STR With AC Plus HTR CNG,Kochi,2017,31841,CNG,Manual,First,5.0,4.7,15.1,1196.0,73.0,Maruti,3,kg,2.5625,0.18,14.23611,0.1697019867549669
Chevrolet Enjoy 1.4 LS 8,Kolkata,2014,15000,Petrol,Manual,First,8.0,3.75,13.7,1399.0,98.79,Chevrolet,6,litre,2.1,0.22,9.545455,0.15328467153284672
Mahindra Bolero ZLX,Coimbatore,2016,82756,Diesel,Manual,First,7.0,7.7,15.96,2523.0,62.1,Mahindra,4,litre,2.51,0.24,10.45833,0.15726817042606514
Hyundai Santro GLS I - Euro I,Coimbatore,2012,50243,Petrol,Manual,First,5.0,3.35,0.0,1086.0,97.7,Hyundai,8,litre,2.1,0.22,9.545455,0.12352941176470589
Hyundai EON D Lite,Hyderabad,2014,20600,Petrol,Manual,First,5.0,2.6,21.1,814.0,55.2,Hyundai,6,litre,2.1,0.22,9.545455,0.0995260663507109
Hyundai Creta 1.6 SX Plus Petrol Automatic,Coimbatore,2017,29952,Petrol,Automatic,First,5.0,13.77,13.0,1591.0,121.3,Hyundai,3,litre,2.1,0.22,9.545455,0.16153846153846155
Volkswagen Vento 1.6 Comfortline,Mumbai,2017,15000,Petrol,Manual,Second,5.0,7.1,16.09,1598.0,103.5,Volkswagen,3,litre,2.1,0.22,9.545455,0.1305158483530143
Honda Civic 2006-2010 1.8 S AT,Pune,2008,61938,Petrol,Automatic,Second,5.0,2.65,12.9,1799.0,130.0,Honda,12,litre,2.1,0.22,9.545455,0.16279069767441862
Tata Indica Vista Quadrajet LS,Hyderabad,2014,67000,Diesel,Manual,First,5.0,2.5,22.3,1248.0,74.0,Tata,6,litre,2.51,0.24,10.45833,0.11255605381165917
Mahindra XUV500 W8 2WD,Kochi,2013,61672,Diesel,Manual,First,7.0,7.53,16.0,2179.0,140.0,Mahindra,7,litre,2.51,0.24,10.45833,0.156875
Hyundai i20 1.2 Asta Option,Coimbatore,2017,26185,Petrol,Manual,First,5.0,7.98,18.6,1197.0,81.83,Hyundai,3,litre,2.1,0.22,9.545455,0.11290322580645161
Audi Q5 30 TDI quattro Premium Plus,Bangalore,2014,38000,Diesel,Automatic,Second,5.0,39.0,14.16,1968.0,174.3,Audi,6,litre,2.51,0.24,10.45833,0.1772598870056497
Maruti Ritz VXi,Chennai,2011,67000,Petrol,Manual,Second,5.0,2.25,18.5,1197.0,85.8,Maruti,9,litre,2.1,0.22,9.545455,0.11351351351351352
Mitsubishi Cedia Sports,Chennai,2010,66000,Petrol,Manual,Second,5.0,3.85,13.17,1999.0,114.0,Mitsubishi,10,litre,2.1,0.22,9.545455,0.15945330296127563
Toyota Innova 2.5 V Diesel 7-seater,Hyderabad,2015,80883,Diesel,Manual,First,7.0,13.5,12.8,2494.0,102.0,Toyota,5,litre,2.51,0.24,10.45833,0.19609374999999998
Maruti Celerio LDi,Hyderabad,2016,80219,Diesel,Manual,First,5.0,3.5,27.62,793.0,47.0,Maruti,4,litre,2.51,0.24,10.45833,0.09087617668356263
Maruti S-Cross Delta DDiS 200 SH,Delhi,2018,12923,Diesel,Manual,First,5.0,8.92,25.1,1248.0,88.5,Maruti,2,litre,2.51,0.24,10.45833,0.09999999999999999
Audi Q3 35 TDI Quattro Premium Plus,Coimbatore,2016,86642,Diesel,Automatic,First,5.0,20.37,15.17,1968.0,181.0,Audi,4,litre,2.51,0.24,10.45833,0.16545814106789716
BMW 3 Series Luxury Line,Bangalore,2016,19235,Diesel,Automatic,First,5.0,36.5,21.76,1995.0,190.0,BMW,4,litre,2.51,0.24,10.45833,0.11534926470588233
Audi Q7 4.2 TDI Quattro Technology,Coimbatore,2016,51002,Diesel,Automatic,First,7.0,48.91,11.33,4134.0,335.2,Audi,4,litre,2.51,0.24,10.45833,0.22153574580759045
Hyundai i20 2015-2017 Asta 1.2,Pune,2016,6800,Petrol,Manual,First,5.0,7.2,18.6,1197.0,81.83,Hyundai,4,litre,2.1,0.22,9.545455,0.11290322580645161
Renault Duster 110PS Diesel RxL,Hyderabad,2012,82749,Diesel,Manual,First,5.0,5.99,19.01,1461.0,108.45,Renault,8,litre,2.51,0.24,10.45833,0.13203577064702784
Hyundai Xcent 1.1 CRDi S Celebration Edition,Pune,2016,51000,Diesel,Manual,First,5.0,5.25,24.4,1120.0,71.0,Hyundai,4,litre,2.51,0.24,10.45833,0.10286885245901639
Ford Ecosport 1.5 DV5 MT Titanium,Delhi,2014,31465,Diesel,Manual,First,5.0,6.5,22.7,1498.0,89.84,Ford,6,litre,2.51,0.24,10.45833,0.11057268722466959
Volkswagen Polo Petrol Trendline 1.2L,Hyderabad,2013,76476,Petrol,Manual,First,5.0,4.4,16.47,1198.0,73.9,Volkswagen,7,litre,2.1,0.22,9.545455,0.12750455373406194
Hyundai Grand i10 CRDi Magna,Kolkata,2017,14000,Diesel,Manual,First,5.0,4.6,24.0,1120.0,70.0,Hyundai,3,litre,2.51,0.24,10.45833,0.10458333333333332
Tata Manza Aqua Quadrajet BS IV,Ahmedabad,2013,47000,Diesel,Manual,First,5.0,2.95,21.12,1248.0,88.8,Tata,7,litre,2.51,0.24,10.45833,0.11884469696969695
Honda City 1.5 V MT,Kolkata,2011,48466,Petrol,Manual,First,5.0,3.26,17.0,1497.0,118.0,Honda,9,litre,2.1,0.22,9.545455,0.12352941176470589
Hyundai Santro Xing GLS,Bangalore,2008,46000,Petrol,Manual,Second,5.0,2.22,17.92,1086.0,62.1,Hyundai,12,litre,2.1,0.22,9.545455,0.1171875
Toyota Innova 2.5 VX (Diesel) 7 Seater,Hyderabad,2012,162663,Diesel,Manual,First,7.0,10.5,12.99,2494.0,100.0,Toyota,8,litre,2.51,0.24,10.45833,0.193225558121632
Maruti Ciaz 1.3 S,Coimbatore,2017,25142,Diesel,Manual,First,5.0,8.26,28.09,1248.0,88.5,Maruti,3,litre,2.51,0.24,10.45833,0.08935564257742969
Toyota Fortuner 4x4 MT TRD Sportivo,Delhi,2013,69000,Diesel,Manual,First,7.0,14.45,12.55,2982.0,169.0,Toyota,7,litre,2.51,0.24,10.45833,0.19999999999999998
Ford Fiesta 1.6 SXI ABS Duratec,Chennai,2009,80524,Petrol,Manual,Second,5.0,2.5,15.3,1596.0,97.7,Ford,11,litre,2.1,0.22,9.545455,0.13725490196078433
Mercedes-Benz E-Class E 220 d,Kochi,2018,26405,Petrol,Automatic,First,5.0,51.43,12.6,1950.0,191.34,Mercedes-Benz,2,litre,2.1,0.22,9.545455,0.16666666666666669
Mercedes-Benz New C-Class 220 CDI MT,Chennai,2014,45000,Diesel,Manual,First,5.0,23.0,15.8,2148.0,170.0,Mercedes-Benz,6,litre,2.51,0.24,10.45833,0.15886075949367087
Skoda Yeti Ambition 4X2,Kolkata,2012,64284,Diesel,Manual,First,5.0,5.5,17.72,1968.0,108.49,Skoda,8,litre,2.51,0.24,10.45833,0.14164785553047404
Hyundai Grand i10 Sportz,Delhi,2015,27000,Petrol,Manual,First,5.0,4.5,18.9,1197.0,82.0,Hyundai,5,litre,2.1,0.22,9.545455,0.11111111111111112
Ford Figo 2015-2019 1.2P Titanium MT,Hyderabad,2018,3678,Petrol,Manual,First,5.0,6.8,18.16,1196.0,86.8,Ford,2,litre,2.1,0.22,9.545455,0.1156387665198238
Skoda Octavia Ambition 1.4 TSI MT,Mumbai,2013,21000,Petrol,Manual,First,5.0,8.75,16.8,1395.0,138.02,Skoda,7,litre,2.1,0.22,9.545455,0.125
Renault Duster 85PS Diesel RxL Option,Mumbai,2015,67000,Diesel,Manual,Second,5.0,7.0,19.87,1461.0,83.8,Renault,5,litre,2.51,0.24,10.45833,0.1263210870659285
Land Rover Range Rover Evoque 2.0 TD4 Pure,Delhi,2015,24000,Diesel,Automatic,Second,5.0,33.5,15.68,1999.0,177.0,Land,5,litre,2.51,0.24,10.45833,0.1600765306122449
Ford Figo Diesel EXI,Chennai,2011,75000,Diesel,Manual,Second,5.0,2.25,20.0,1399.0,68.0,Ford,9,litre,2.51,0.24,10.45833,0.1255
Ford Endeavour Hurricane Limited Edition,Hyderabad,2008,179000,Diesel,Automatic,Second,7.0,4.24,12.8,2953.0,156.0,Ford,12,litre,2.51,0.24,10.45833,0.19609374999999998
Toyota Fortuner 4x4 MT,Coimbatore,2017,47198,Diesel,Manual,First,7.0,28.42,12.55,2982.0,168.5,Toyota,3,litre,2.51,0.24,10.45833,0.19999999999999998
Volkswagen Polo Diesel Comfortline 1.2L,Kolkata,2012,52000,Diesel,Manual,First,5.0,2.75,22.07,1199.0,73.9,Volkswagen,8,litre,2.51,0.24,10.45833,0.11372904395106478
Maruti Ritz VDi,Jaipur,2011,91000,Diesel,Manual,First,5.0,3.0,23.2,1248.0,73.94,Maruti,9,litre,2.51,0.24,10.45833,0.10818965517241379
Nissan Micra Diesel XV Premium,Pune,2013,60000,Diesel,Manual,First,5.0,3.55,23.08,1461.0,63.1,Nissan,7,litre,2.51,0.24,10.45833,0.10875216637781629
Hyundai Verna 1.6 SX,Kolkata,2013,37873,Diesel,Manual,First,5.0,4.8,22.32,1582.0,126.32,Hyundai,7,litre,2.51,0.24,10.45833,0.11245519713261648
BMW 5 Series 2003-2012 523i,Kolkata,2011,31000,Petrol,Automatic,First,5.0,13.5,10.8,2497.0,150.0,BMW,9,litre,2.1,0.22,9.545455,0.19444444444444445
Mercedes-Benz GLS 350d 4MATIC,Pune,2017,129000,Diesel,Automatic,First,7.0,56.0,11.0,2987.0,258.0,Mercedes-Benz,3,litre,2.51,0.24,10.45833,0.22818181818181815
Honda CR-V 2.4L 4WD AT,Hyderabad,2004,78000,Petrol,Automatic,First,5.0,3.99,12.0,2354.0,187.4,Honda,16,litre,2.1,0.22,9.545455,0.17500000000000002
Hyundai Creta 1.6 CRDi AT SX Plus,Bangalore,2016,32000,Diesel,Automatic,First,5.0,15.5,17.01,1582.0,126.2,Hyundai,4,litre,2.51,0.24,10.45833,0.14756025867136977
Hyundai i10 Era,Jaipur,2010,59000,Petrol,Manual,Second,5.0,2.32,19.81,1086.0,68.05,Hyundai,10,litre,2.1,0.22,9.545455,0.1060070671378092
Mercedes-Benz A Class A200 CDI Sport,Kochi,2016,35437,Diesel,Automatic,First,5.0,18.58,20.0,2143.0,136.0,Mercedes-Benz,4,litre,2.51,0.24,10.45833,0.1255
Maruti Ertiga VXI,Jaipur,2014,98000,Petrol,Manual,First,7.0,5.5,16.02,1373.0,93.7,Maruti,6,litre,2.1,0.22,9.545455,0.1310861423220974
Skoda Octavia Classic 1.9 TDI MT,Chennai,2006,72000,Diesel,Manual,Second,5.0,3.2,18.7,1896.0,66.0,Skoda,14,litre,2.51,0.24,10.45833,0.13422459893048128
Honda Amaze VX i-Vtech,Pune,2015,79000,Petrol,Manual,First,5.0,4.0,18.0,1198.0,86.7,Honda,5,litre,2.1,0.22,9.545455,0.11666666666666667
Maruti Zen LXi BSII,Chennai,2004,29000,Petrol,Manual,First,5.0,1.6,17.3,993.0,60.0,Maruti,16,litre,2.1,0.22,9.545455,0.12138728323699421
Maruti SX4 ZXI MT BSIV,Kochi,2013,66012,Petrol,Manual,First,5.0,4.15,15.5,1586.0,103.3,Maruti,7,litre,2.1,0.22,9.545455,0.13548387096774195
Honda Brio VX AT,Mumbai,2014,35000,Petrol,Automatic,First,5.0,4.25,16.5,1198.0,86.8,Honda,6,litre,2.1,0.22,9.545455,0.1272727272727273
Maruti Wagon R VXI,Ahmedabad,2011,75000,Petrol,Manual,First,5.0,2.6,18.9,998.0,67.1,Maruti,9,litre,2.1,0.22,9.545455,0.11111111111111112
Toyota Camry A/T,Mumbai,2008,80000,Petrol,Automatic,Second,5.0,3.43,12.1,2362.0,164.7,Toyota,12,litre,2.1,0.22,9.545455,0.17355371900826447
Chevrolet Beat LS,Kochi,2012,32717,Petrol,Manual,First,5.0,2.55,18.6,1199.0,79.4,Chevrolet,8,litre,2.1,0.22,9.545455,0.11290322580645161
Toyota Fortuner 4x4 AT,Delhi,2017,25000,Diesel,Automatic,First,7.0,32.0,12.55,2982.0,168.5,Toyota,3,litre,2.51,0.24,10.45833,0.19999999999999998
Ford Ecosport 1.5 DV5 MT Titanium Optional,Mumbai,2014,79000,Diesel,Manual,First,5.0,6.25,22.7,1498.0,89.84,Ford,6,litre,2.51,0.24,10.45833,0.11057268722466959
Maruti Swift Vdi BSIII,Hyderabad,2010,86000,Diesel,Manual,Second,5.0,3.6,17.8,1248.0,75.0,Maruti,10,litre,2.51,0.24,10.45833,0.14101123595505616
Mercedes-Benz S Class 2005 2013 S 350 CDI,Pune,2010,137000,Diesel,Automatic,First,5.0,18.5,13.5,2987.0,282.0,Mercedes-Benz,10,litre,2.51,0.24,10.45833,0.1859259259259259
Honda Mobilio S i VTEC,Mumbai,2015,25000,Petrol,Manual,Second,7.0,4.25,17.3,1497.0,117.3,Honda,5,litre,2.1,0.22,9.545455,0.12138728323699421
Hyundai Grand i10 Sportz,Mumbai,2017,8500,Petrol,Manual,Second,5.0,4.8,18.9,1197.0,82.0,Hyundai,3,litre,2.1,0.22,9.545455,0.11111111111111112
Mahindra XUV500 AT W8 FWD,Bangalore,2015,34000,Diesel,Automatic,First,7.0,13.0,16.0,2179.0,140.0,Mahindra,5,litre,2.51,0.24,10.45833,0.156875
Skoda Fabia 1.6 MPI Elegance,Pune,2012,41629,Petrol,Manual,Second,5.0,2.25,14.83,1598.0,105.0,Skoda,8,litre,2.1,0.22,9.545455,0.14160485502360082
Hyundai Santro Xing GLS,Hyderabad,2009,80227,Petrol,Manual,First,5.0,2.3,17.92,1086.0,62.1,Hyundai,11,litre,2.1,0.22,9.545455,0.1171875
Hyundai Creta 1.6 SX Plus Dual Tone Petrol,Kochi,2019,8587,Petrol,Manual,First,5.0,13.56,15.29,1591.0,121.3,Hyundai,1,litre,2.1,0.22,9.545455,0.13734466971877046
Mahindra Scorpio 1.99 S8,Delhi,2017,30000,Diesel,Manual,First,7.0,12.25,15.4,1997.0,120.0,Mahindra,3,litre,2.51,0.24,10.45833,0.16298701298701296
Skoda Rapid 1.6 TDI Ambition,Pune,2013,64186,Diesel,Manual,First,5.0,3.76,20.5,1598.0,103.5,Skoda,7,litre,2.51,0.24,10.45833,0.12243902439024389
Renault Duster 110PS Diesel RxZ,Coimbatore,2015,76427,Diesel,Manual,First,5.0,8.58,19.01,1461.0,108.45,Renault,5,litre,2.51,0.24,10.45833,0.13203577064702784
BMW X5 xDrive 30d,Hyderabad,2011,75000,Diesel,Automatic,First,5.0,27.5,11.7,2993.0,245.0,BMW,9,litre,2.51,0.24,10.45833,0.21452991452991452
Toyota Etios G,Coimbatore,2013,27075,Petrol,Manual,First,5.0,4.95,17.6,1496.0,88.73,Toyota,7,litre,2.1,0.22,9.545455,0.11931818181818181
Maruti Wagon R LXI,Ahmedabad,2012,30000,Petrol,Manual,First,5.0,3.3,22.5,998.0,67.04,Maruti,8,litre,2.1,0.22,9.545455,0.09333333333333334
Hyundai Creta 1.6 SX,Chennai,2016,69434,Petrol,Manual,First,5.0,8.0,15.8,1591.0,121.3,Hyundai,4,litre,2.1,0.22,9.545455,0.13291139240506328
Maruti Celerio VXI,Jaipur,2014,56000,Petrol,Manual,First,5.0,2.79,23.1,998.0,67.04,Maruti,6,litre,2.1,0.22,9.545455,0.09090909090909091
Land Rover Range Rover HSE Dynamic,Coimbatore,2017,49275,Diesel,Automatic,First,5.0,45.64,12.7,2179.0,187.7,Land,3,litre,2.51,0.24,10.45833,0.19763779527559056
Chevrolet Beat LT,Pune,2014,8700,Petrol,Manual,First,5.0,2.55,18.6,1199.0,76.8,Chevrolet,6,litre,2.1,0.22,9.545455,0.11290322580645161
Tata Nano Twist XT,Ahmedabad,2014,18000,Petrol,Manual,Second,4.0,1.0,25.4,624.0,37.5,Tata,6,litre,2.1,0.22,9.545455,0.08267716535433071
Audi A6 2011-2015 35 TDI Technology,Coimbatore,2017,41041,Diesel,Automatic,First,5.0,37.56,17.68,1968.0,174.33,Audi,3,litre,2.51,0.24,10.45833,0.1419683257918552
Mercedes-Benz E-Class 280 CDI,Kochi,2009,80464,Diesel,Automatic,Second,5.0,9.29,11.0,2987.0,198.5,Mercedes-Benz,11,litre,2.51,0.24,10.45833,0.22818181818181815
Maruti Swift VXI,Kochi,2019,20667,Petrol,Manual,First,5.0,6.37,22.0,1197.0,81.8,Maruti,1,litre,2.1,0.22,9.545455,0.09545454545454546
Fiat Linea T Jet,Coimbatore,2013,60283,Petrol,Manual,First,5.0,2.98,14.6,1368.0,112.0,Fiat,7,litre,2.1,0.22,9.545455,0.14383561643835618
Maruti Swift VXI Optional,Kochi,2017,31696,Petrol,Manual,First,5.0,5.75,20.4,1197.0,81.8,Maruti,3,litre,2.1,0.22,9.545455,0.10294117647058824
Toyota Fortuner 3.0 Diesel,Hyderabad,2010,100000,Diesel,Manual,First,7.0,13.0,11.5,2982.0,171.0,Toyota,10,litre,2.51,0.24,10.45833,0.21826086956521737
Maruti Ertiga ZXI,Mumbai,2014,13361,Petrol,Manual,First,7.0,6.8,16.02,1373.0,93.7,Maruti,6,litre,2.1,0.22,9.545455,0.1310861423220974
BMW 3 Series 320i Sedan,Coimbatore,2010,48394,Petrol,Automatic,First,5.0,10.49,12.05,1995.0,154.0,BMW,10,litre,2.1,0.22,9.545455,0.17427385892116182
Maruti Ertiga VXI,Jaipur,2014,47399,Petrol,Manual,First,7.0,5.6,16.02,1373.0,93.7,Maruti,6,litre,2.1,0.22,9.545455,0.1310861423220974
Honda City 1.5 V AT,Mumbai,2010,69000,Petrol,Automatic,Second,5.0,2.85,16.8,1497.0,118.0,Honda,10,litre,2.1,0.22,9.545455,0.125
Hyundai Santa Fe 4X4,Coimbatore,2013,65278,Diesel,Manual,First,7.0,8.36,14.66,2199.0,194.3,Hyundai,7,litre,2.51,0.24,10.45833,0.17121418826739426
Tata Indigo LS,Jaipur,2005,108000,Diesel,Manual,First,5.0,1.0,17.0,1405.0,70.0,Tata,15,litre,2.51,0.24,10.45833,0.1476470588235294
Mercedes-Benz E-Class 2009-2013 E 250 Elegance,Kolkata,2010,50645,Petrol,Automatic,Second,5.0,10.75,10.93,2497.0,204.0,Mercedes-Benz,10,litre,2.1,0.22,9.545455,0.19213174748398903
Maruti Swift Dzire LDi,Hyderabad,2011,130002,Diesel,Manual,First,5.0,3.85,19.3,1248.0,73.9,Maruti,9,litre,2.51,0.24,10.45833,0.13005181347150258
Ford Fiesta Classic 1.4 Duratorq CLXI,Hyderabad,2012,107000,Diesel,Manual,First,5.0,3.0,17.8,1399.0,67.0,Ford,8,litre,2.51,0.24,10.45833,0.14101123595505616
Honda City i VTEC CVT VX,Coimbatore,2015,41950,Petrol,Automatic,First,5.0,9.6,18.0,1497.0,117.3,Honda,5,litre,2.1,0.22,9.545455,0.11666666666666667
Toyota Fortuner 4x2 Manual,Delhi,2012,109000,Diesel,Manual,First,7.0,13.25,13.0,2982.0,168.5,Toyota,8,litre,2.51,0.24,10.45833,0.19307692307692306
Honda Amaze VX O i VTEC,Mumbai,2016,9000,Petrol,Manual,First,5.0,5.75,18.0,1198.0,86.7,Honda,4,litre,2.1,0.22,9.545455,0.11666666666666667
Hyundai i20 Asta 1.4 CRDi,Delhi,2014,43900,Diesel,Manual,First,5.0,6.75,22.54,1396.0,88.73,Hyundai,6,litre,2.51,0.24,10.45833,0.11135758651286601
Chevrolet Enjoy TCDi LTZ 7 Seater,Bangalore,2013,64000,Diesel,Manual,Second,7.0,4.85,18.2,1248.0,73.8,Chevrolet,7,litre,2.51,0.24,10.45833,0.1379120879120879
Mercedes-Benz New C-Class Progressive C 200,Kochi,2019,13190,Petrol,Automatic,First,5.0,38.99,0.0,1950.0,181.43,Mercedes-Benz,1,litre,2.1,0.22,9.545455,0.12352941176470589
Maruti SX4 ZXI AT Leather,Mumbai,2009,77652,Petrol,Automatic,First,5.0,2.85,12.6,1586.0,103.2,Maruti,11,litre,2.1,0.22,9.545455,0.16666666666666669
Toyota Innova 2.5 VX (Diesel) 7 Seater,Mumbai,2012,55000,Diesel,Manual,First,7.0,9.51,12.99,2494.0,100.0,Toyota,8,litre,2.51,0.24,10.45833,0.193225558121632
BMW 5 Series 2003-2012 520d,Ahmedabad,2012,59900,Diesel,Automatic,Second,5.0,18.5,18.48,1995.0,177.0,BMW,8,litre,2.51,0.24,10.45833,0.13582251082251082
Renault Duster 110PS Diesel RxZ,Delhi,2015,73539,Diesel,Manual,First,5.0,6.75,19.01,1461.0,108.45,Renault,5,litre,2.51,0.24,10.45833,0.13203577064702784
BMW X1 sDrive 20d xLine,Coimbatore,2017,31645,Diesel,Automatic,First,5.0,29.4,20.68,1995.0,190.0,BMW,3,litre,2.51,0.24,10.45833,0.1213733075435203
Honda City ZX GXi,Kochi,2009,69690,Petrol,Manual,First,5.0,3.29,17.7,1497.0,78.0,Honda,11,litre,2.1,0.22,9.545455,0.11864406779661017
Maruti Ciaz RS ZDi Plus SHVS,Delhi,2016,41000,Diesel,Manual,First,5.0,9.5,28.09,1248.0,88.5,Maruti,4,litre,2.51,0.24,10.45833,0.08935564257742969
Maruti Swift Dzire VXi,Pune,2010,109200,Petrol,Manual,Second,5.0,2.2,17.5,1298.0,85.8,Maruti,10,litre,2.1,0.22,9.545455,0.12000000000000001
Mahindra XUV500 W6 2WD,Pune,2012,80000,Diesel,Manual,First,7.0,6.5,15.1,2179.0,140.0,Mahindra,8,litre,2.51,0.24,10.45833,0.1662251655629139
Honda Civic 2006-2010 1.8 S MT,Ahmedabad,2007,51000,Petrol,Manual,First,5.0,4.9,13.5,1799.0,130.0,Honda,13,litre,2.1,0.22,9.545455,0.15555555555555556
Maruti Ertiga ZDI,Pune,2013,105000,Diesel,Manual,Second,7.0,6.75,25.47,1248.0,88.5,Maruti,7,litre,2.51,0.24,10.45833,0.09854731056144483
Toyota Etios Liva GD,Chennai,2013,179000,Diesel,Manual,First,5.0,3.8,23.59,1364.0,67.04,Toyota,7,litre,2.51,0.24,10.45833,0.10640101738024586
Audi TT 2.0 TFSI,Delhi,2013,12100,Petrol,Automatic,First,2.0,29.5,9.9,1984.0,207.8,Audi,7,litre,2.1,0.22,9.545455,0.21212121212121213
Skoda Rapid 1.5 TDI Style,Hyderabad,2017,31000,Diesel,Manual,First,5.0,10.5,21.13,1498.0,108.4,Skoda,3,litre,2.51,0.24,10.45833,0.11878845243729294
Volkswagen Polo 1.5 TDI Highline,Hyderabad,2015,50000,Diesel,Manual,First,5.0,6.2,20.14,1498.0,88.8,Volkswagen,5,litre,2.51,0.24,10.45833,0.12462760675273087
Skoda Laura 1.9 TDI AT Elegance,Jaipur,2009,48000,Diesel,Automatic,First,5.0,5.0,17.0,1896.0,105.0,Skoda,11,litre,2.51,0.24,10.45833,0.1476470588235294
Mahindra Renault Logan 1.5 DLE Diesel,Chennai,2007,35000,Diesel,Manual,First,5.0,2.3,19.2,1461.0,65.0,Mahindra,13,litre,2.51,0.24,10.45833,0.13072916666666667
Toyota Innova Crysta 2.8 GX AT,Ahmedabad,2016,100200,Diesel,Automatic,First,7.0,17.0,11.36,2755.0,171.5,Toyota,4,litre,2.51,0.24,10.45833,0.2209507042253521
BMW 3 Series 320d Luxury Line,Bangalore,2014,47000,Diesel,Automatic,First,5.0,25.5,18.88,1995.0,184.0,BMW,6,litre,2.51,0.24,10.45833,0.1329449152542373
Honda Jazz 1.5 S i DTEC,Jaipur,2015,63642,Diesel,Manual,First,5.0,5.65,27.3,1498.0,98.6,Honda,5,litre,2.51,0.24,10.45833,0.09194139194139193
Honda Amaze VX i-DTEC,Kochi,2015,62550,Diesel,Manual,First,5.0,5.6,25.8,1498.0,98.6,Honda,5,litre,2.51,0.24,10.45833,0.09728682170542635
Jaguar XF 2.2 Litre Luxury,Kochi,2015,37340,Diesel,Automatic,First,5.0,29.98,16.36,2179.0,187.7,Jaguar,5,litre,2.51,0.24,10.45833,0.15342298288508557
Maruti Swift Dzire VDI,Coimbatore,2016,38461,Diesel,Manual,First,5.0,7.39,26.59,1248.0,74.0,Maruti,4,litre,2.51,0.24,10.45833,0.09439638962015795
Jeep Compass 2.0 Limited,Jaipur,2018,29000,Diesel,Manual,First,5.0,19.0,17.1,1956.0,170.0,Jeep,2,litre,2.51,0.24,10.45833,0.14678362573099413
Toyota Corolla Altis 1.8 Sport,Pune,2010,31000,Petrol,Manual,First,5.0,5.0,12.5,1794.0,132.0,Toyota,10,litre,2.1,0.22,9.545455,0.168
Honda City 1.5 V MT,Kolkata,2011,42086,Petrol,Manual,First,5.0,3.35,17.0,1497.0,118.0,Honda,9,litre,2.1,0.22,9.545455,0.12352941176470589
Maruti Swift ZXI,Chennai,2013,49000,Petrol,Manual,First,5.0,4.45,18.6,1197.0,85.8,Maruti,7,litre,2.1,0.22,9.545455,0.11290322580645161
Hyundai Verna 1.6 SX CRDI (O) AT,Coimbatore,2019,77240,Diesel,Automatic,First,5.0,8.31,22.32,1582.0,126.32,Hyundai,1,litre,2.51,0.24,10.45833,0.11245519713261648
Mahindra Bolero ZLX,Jaipur,2012,105000,Diesel,Manual,Second,7.0,6.0,15.96,2523.0,62.1,Mahindra,8,litre,2.51,0.24,10.45833,0.15726817042606514
Maruti Swift VDI,Chennai,2014,35000,Diesel,Manual,First,5.0,5.25,22.9,1248.0,74.0,Maruti,6,litre,2.51,0.24,10.45833,0.10960698689956332
Hyundai Santro Xing XO,Chennai,2006,83072,Petrol,Manual,First,5.0,1.4,17.0,1086.0,97.7,Hyundai,14,litre,2.1,0.22,9.545455,0.12352941176470589
Audi A6 2011-2015 2.0 TDI Premium Plus,Hyderabad,2012,202082,Diesel,Automatic,First,5.0,12.3,17.68,1968.0,174.33,Audi,8,litre,2.51,0.24,10.45833,0.1419683257918552
Ford Ikon 1.3 LXi NXt,Chennai,2004,129000,Petrol,Manual,Third,5.0,1.5,13.8,1299.0,70.0,Ford,16,litre,2.1,0.22,9.545455,0.15217391304347827
Volkswagen Polo 1.5 TDI Highline,Coimbatore,2018,33558,Diesel,Manual,First,5.0,8.12,20.14,1498.0,88.0,Volkswagen,2,litre,2.51,0.24,10.45833,0.12462760675273087
Mahindra Bolero VLX CRDe,Coimbatore,2012,60271,Diesel,Manual,First,7.0,6.12,13.6,2523.0,63.0,Mahindra,8,litre,2.51,0.24,10.45833,0.18455882352941175
Honda City i DTEC VX Option,Coimbatore,2017,45366,Diesel,Manual,First,5.0,10.88,25.1,1498.0,98.6,Honda,3,litre,2.51,0.24,10.45833,0.09999999999999999
Chevrolet Sail Hatchback 1.2 LS,Kolkata,2014,9500,Petrol,Manual,First,5.0,3.5,18.2,1199.0,82.5,Chevrolet,6,litre,2.1,0.22,9.545455,0.11538461538461539
Hyundai i20 1.2 Spotz,Kochi,2016,42362,Petrol,Manual,First,5.0,6.15,18.6,1197.0,81.83,Hyundai,4,litre,2.1,0.22,9.545455,0.11290322580645161
BMW X1 sDrive 20d Sportline,Chennai,2016,21000,Diesel,Automatic,First,5.0,33.0,17.05,1995.0,184.0,BMW,4,litre,2.51,0.24,10.45833,0.14721407624633429
BMW X1 sDrive 20d Exclusive,Mumbai,2012,15200,Diesel,Automatic,First,5.0,13.5,15.06,1995.0,177.0,BMW,8,litre,2.51,0.24,10.45833,0.16666666666666666
Toyota Fortuner 4x2 AT,Mumbai,2015,43690,Diesel,Automatic,First,7.0,17.11,12.55,2982.0,168.5,Toyota,5,litre,2.51,0.24,10.45833,0.19999999999999998
Audi Q7 4.2 TDI Quattro Technology,Kochi,2014,79926,Diesel,Automatic,First,7.0,29.77,11.33,4134.0,335.2,Audi,6,litre,2.51,0.24,10.45833,0.22153574580759045
Maruti Ertiga VDI,Kolkata,2013,53073,Diesel,Manual,First,7.0,5.95,20.77,1248.0,88.76,Maruti,7,litre,2.51,0.24,10.45833,0.12084737602311024
Hyundai i20 1.2 Magna,Bangalore,2015,59000,Petrol,Manual,First,5.0,5.75,18.5,1197.0,80.0,Hyundai,5,litre,2.1,0.22,9.545455,0.11351351351351352
Mercedes-Benz S Class 2005 2013 S 350 L,Bangalore,2006,47088,Petrol,Automatic,Second,5.0,19.0,10.13,3498.0,364.9,Mercedes-Benz,14,litre,2.1,0.22,9.545455,0.2073050345508391
Renault Duster 85PS Diesel RxL,Ahmedabad,2014,55000,Diesel,Manual,First,5.0,4.75,20.45,1461.0,83.8,Renault,6,litre,2.51,0.24,10.45833,0.12273838630806845
Mahindra Quanto C2,Hyderabad,2013,80430,Diesel,Manual,Second,7.0,3.3,17.21,1493.0,100.0,Mahindra,7,litre,2.51,0.24,10.45833,0.1458454386984311
Toyota Fortuner 4x2 AT,Delhi,2013,71932,Diesel,Automatic,First,7.0,16.5,12.55,2982.0,168.5,Toyota,7,litre,2.51,0.24,10.45833,0.19999999999999998
BMW X5 2014-2019 xDrive 30d Design Pure Experience 7 Seater,Mumbai,2014,19000,Diesel,Automatic,First,7.0,44.0,15.97,2993.0,258.0,BMW,6,litre,2.51,0.24,10.45833,0.15716969317470256
Maruti Swift Dzire VDi,Hyderabad,2011,81759,Diesel,Manual,First,5.0,4.39,19.3,1248.0,73.9,Maruti,9,litre,2.51,0.24,10.45833,0.13005181347150258
Maruti Swift LDI Optional,Kochi,2018,52010,Diesel,Manual,First,5.0,6.2,25.2,1248.0,74.0,Maruti,2,litre,2.51,0.24,10.45833,0.0996031746031746
Audi A6 2011-2015 35 TFSI Technology,Kochi,2016,58953,Petrol,Automatic,First,5.0,24.22,13.53,1984.0,177.01,Audi,4,litre,2.1,0.22,9.545455,0.15521064301552107
Mitsubishi Pajero 2.8 SFX BSIV Dual Tone,Mumbai,2008,93000,Diesel,Manual,Third,6.0,5.45,10.5,2835.0,107.2,Mitsubishi,12,litre,2.51,0.24,10.45833,0.23904761904761904
Jaguar XF 2.2 Litre Executive,Delhi,2016,10000,Diesel,Automatic,First,5.0,44.0,16.36,2179.0,187.7,Jaguar,4,litre,2.51,0.24,10.45833,0.15342298288508557
Toyota Innova Crysta 2.8 ZX AT,Coimbatore,2019,40674,Diesel,Automatic,First,7.0,24.82,11.36,2755.0,171.5,Toyota,1,litre,2.51,0.24,10.45833,0.2209507042253521
Skoda Octavia Ambition 2.0 TDI AT,Mumbai,2015,50000,Diesel,Automatic,First,5.0,11.69,19.3,1968.0,141.0,Skoda,5,litre,2.51,0.24,10.45833,0.13005181347150258
Toyota Corolla Altis VL AT,Bangalore,2018,1331,Petrol,Automatic,First,5.0,20.0,14.28,1798.0,138.03,Toyota,2,litre,2.1,0.22,9.545455,0.14705882352941177
Maruti Omni 8 Seater BSII,Pune,2010,60000,Petrol,Manual,First,8.0,1.45,19.7,796.0,35.0,Maruti,10,litre,2.1,0.22,9.545455,0.10659898477157362
Mercedes-Benz GLC 220d 4MATIC Style,Mumbai,2018,10003,Diesel,Automatic,First,5.0,48.5,17.9,2143.0,170.0,Mercedes-Benz,2,litre,2.51,0.24,10.45833,0.14022346368715083
Volkswagen Vento 1.5 TDI Highline AT,Mumbai,2016,25000,Diesel,Automatic,First,5.0,9.45,21.5,1498.0,108.5,Volkswagen,4,litre,2.51,0.24,10.45833,0.11674418604651161
Mahindra XUV500 W10 2WD,Ahmedabad,2015,73000,Diesel,Manual,First,7.0,12.5,16.0,2179.0,140.0,Mahindra,5,litre,2.51,0.24,10.45833,0.156875
Nissan Terrano XL 85 PS,Hyderabad,2014,59962,Diesel,Manual,First,5.0,6.9,20.45,1461.0,83.8,Nissan,6,litre,2.51,0.24,10.45833,0.12273838630806845
Hyundai Verna 1.6 SX CRDi (O),Jaipur,2012,72000,Diesel,Manual,Second,5.0,5.8,22.32,1582.0,126.32,Hyundai,8,litre,2.51,0.24,10.45833,0.11245519713261648
BMW 5 Series 2013-2017 530d M Sport,Coimbatore,2016,20967,Diesel,Automatic,First,5.0,44.56,14.69,2993.0,258.0,BMW,4,litre,2.51,0.24,10.45833,0.1708645336963921
Mahindra Scorpio S4 Plus,Bangalore,2015,35000,Diesel,Manual,Second,7.0,8.5,15.4,2179.0,120.0,Mahindra,5,litre,2.51,0.24,10.45833,0.16298701298701296
Hyundai Verna 1.6 CRDi SX,Coimbatore,2017,38056,Diesel,Manual,First,5.0,10.7,23.9,1582.0,126.2,Hyundai,3,litre,2.51,0.24,10.45833,0.10502092050209205
Audi Q7 3.0 TDI Quattro Premium Plus,Pune,2009,94000,Diesel,Automatic,Second,7.0,12.0,12.07,2967.0,241.4,Audi,11,litre,2.51,0.24,10.45833,0.20795360397680196
Chevrolet Aveo U-VA 1.2 LT,Coimbatore,2010,64236,Petrol,Manual,First,5.0,2.44,14.7,1150.0,76.0,Chevrolet,10,litre,2.1,0.22,9.545455,0.14285714285714288
Mahindra Bolero ZLX BSIII,Kolkata,2000,124000,Diesel,Manual,First,7.0,1.95,13.6,2523.0,63.0,Mahindra,20,litre,2.51,0.24,10.45833,0.18455882352941175
Hyundai Xcent 1.2 Kappa S,Mumbai,2014,7400,Petrol,Manual,First,5.0,4.35,19.1,1197.0,82.0,Hyundai,6,litre,2.1,0.22,9.545455,0.10994764397905758
Toyota Innova Crysta 2.4 GX MT 8S,Hyderabad,2017,52000,Diesel,Manual,First,8.0,17.5,13.68,2393.0,147.8,Toyota,3,litre,2.51,0.24,10.45833,0.1834795321637427
Hyundai EON Era Plus,Hyderabad,2015,68764,Petrol,Manual,First,5.0,2.9,21.1,814.0,55.2,Hyundai,5,litre,2.1,0.22,9.545455,0.0995260663507109
Volkswagen Polo Diesel Comfortline 1.2L,Delhi,2013,64000,Diesel,Manual,First,5.0,2.9,22.07,1199.0,73.9,Volkswagen,7,litre,2.51,0.24,10.45833,0.11372904395106478
Maruti Vitara Brezza ZDi,Pune,2016,21558,Diesel,Manual,First,5.0,8.9,24.3,1248.0,88.5,Maruti,4,litre,2.51,0.24,10.45833,0.10329218106995884
BMW 3 Series 320d Prestige,Mumbai,2013,37500,Diesel,Automatic,First,5.0,16.75,18.88,1995.0,184.0,BMW,7,litre,2.51,0.24,10.45833,0.1329449152542373
Hyundai EON Sportz,Coimbatore,2016,14077,Petrol,Manual,First,5.0,3.95,21.1,814.0,55.2,Hyundai,4,litre,2.1,0.22,9.545455,0.0995260663507109
Honda City 1.5 S MT,Mumbai,2009,70000,Petrol,Manual,First,5.0,2.1,17.0,1497.0,118.0,Honda,11,litre,2.1,0.22,9.545455,0.12352941176470589
Honda Accord 2.4 MT,Kochi,2011,54316,Petrol,Manual,Second,5.0,4.29,12.8,2354.0,177.6,Honda,9,litre,2.1,0.22,9.545455,0.1640625
Mahindra Xylo E8,Hyderabad,2009,90764,Diesel,Manual,First,8.0,3.85,14.0,2498.0,112.0,Mahindra,11,litre,2.51,0.24,10.45833,0.17928571428571427
BMW 3 Series 320d,Chennai,2009,137000,Diesel,Automatic,Second,5.0,9.0,13.2,1995.0,170.0,BMW,11,litre,2.51,0.24,10.45833,0.19015151515151515
Honda City V MT,Pune,2013,127000,Petrol,Manual,Second,5.0,4.5,16.8,1497.0,116.3,Honda,7,litre,2.1,0.22,9.545455,0.125
Mahindra XUV500 W10 2WD,Kochi,2016,51884,Diesel,Manual,First,7.0,12.46,16.0,2179.0,140.0,Mahindra,4,litre,2.51,0.24,10.45833,0.156875
Hyundai i20 Asta 1.4 CRDi,Delhi,2014,67407,Diesel,Manual,First,5.0,4.65,21.27,1396.0,88.76,Hyundai,6,litre,2.51,0.24,10.45833,0.11800658204043253
Toyota Fortuner 4x2 Manual,Hyderabad,2014,107825,Diesel,Manual,First,7.0,20.5,13.0,2982.0,168.5,Toyota,6,litre,2.51,0.24,10.45833,0.19307692307692306
Mahindra Bolero DI BSII,Chennai,2006,82453,Diesel,Manual,First,8.0,2.9,13.6,2523.0,63.0,Mahindra,14,litre,2.51,0.24,10.45833,0.18455882352941175
Maruti Esteem Vxi - BSIII,Chennai,2007,30441,Petrol,Manual,First,5.0,1.45,15.9,1298.0,85.0,Maruti,13,litre,2.1,0.22,9.545455,0.1320754716981132
Hyundai Santro LS zipPlus,Chennai,2002,70000,Petrol,Manual,Third,5.0,0.65,0.0,1086.0,97.7,Hyundai,18,litre,2.1,0.22,9.545455,0.12352941176470589
Mini Cooper 5 DOOR D,Mumbai,2016,11000,Diesel,Automatic,First,5.0,29.5,20.7,1496.0,113.98,Mini,4,litre,2.51,0.24,10.45833,0.121256038647343
Audi Q3 35 TDI Quattro Premium,Hyderabad,2015,61000,Diesel,Automatic,First,5.0,25.0,15.73,1968.0,174.33,Audi,5,litre,2.51,0.24,10.45833,0.15956770502225046
Hyundai i20 Sportz Option,Delhi,2013,48454,Petrol,Manual,Second,5.0,3.5,17.0,1197.0,80.0,Hyundai,7,litre,2.1,0.22,9.545455,0.12352941176470589
Tata Safari Storme VX Varicor 400,Jaipur,2017,37000,Diesel,Manual,First,7.0,11.25,14.1,2179.0,154.0,Tata,3,litre,2.51,0.24,10.45833,0.1780141843971631
Honda BR-V i-DTEC VX MT,Kochi,2017,32249,Diesel,Manual,First,7.0,10.79,21.9,1498.0,98.6,Honda,3,litre,2.51,0.24,10.45833,0.11461187214611872
Volkswagen Jetta 2013-2015 2.0L TDI Highline,Kolkata,2013,58000,Diesel,Manual,First,5.0,5.9,19.33,1968.0,138.03,Volkswagen,7,litre,2.51,0.24,10.45833,0.1298499741334713
Hyundai Xcent 1.2 Kappa S Option,Jaipur,2017,28360,Petrol,Manual,First,5.0,5.12,19.1,1197.0,81.86,Hyundai,3,litre,2.1,0.22,9.545455,0.10994764397905758
Maruti Ignis 1.2 Alpha,Mumbai,2017,7000,Petrol,Manual,First,5.0,5.7,20.89,1197.0,81.8,Maruti,3,litre,2.1,0.22,9.545455,0.10052656773575874
BMW 5 Series 2013-2017 520d Luxury Line,Coimbatore,2016,19658,Diesel,Automatic,First,5.0,35.84,18.12,1995.0,190.0,BMW,4,litre,2.51,0.24,10.45833,0.13852097130242824
Ford Ikon 1.3 CLXi,Hyderabad,2007,92000,Petrol,Manual,First,5.0,1.25,13.8,1299.0,70.0,Ford,13,litre,2.1,0.22,9.545455,0.15217391304347827
Hyundai i10 Sportz,Kolkata,2013,25000,Petrol,Manual,First,5.0,2.65,20.36,1197.0,78.9,Hyundai,7,litre,2.1,0.22,9.545455,0.1031434184675835
Hyundai Verna 1.6 CRDI,Coimbatore,2016,37882,Diesel,Manual,First,5.0,9.19,22.32,1582.0,126.3,Hyundai,4,litre,2.51,0.24,10.45833,0.11245519713261648
BMW 3 Series 320d Highline,Bangalore,2014,69330,Diesel,Automatic,First,5.0,23.5,16.07,1995.0,181.0,BMW,6,litre,2.51,0.24,10.45833,0.1561916614810205
Mercedes-Benz E-Class 2009-2013 E200 CGI Blue Efficiency,Delhi,2011,61000,Petrol,Automatic,First,5.0,12.5,12.3,1796.0,185.0,Mercedes-Benz,9,litre,2.1,0.22,9.545455,0.17073170731707316
Chevrolet Beat Option Pack,Kolkata,2010,35000,Petrol,Manual,Second,5.0,1.5,18.6,1199.0,79.4,Chevrolet,10,litre,2.1,0.22,9.545455,0.11290322580645161
Hyundai Santro Xing XP,Jaipur,2004,200000,Petrol,Manual,First,5.0,0.8,0.0,1086.0,97.7,Hyundai,16,litre,2.1,0.22,9.545455,0.12352941176470589
Tata Indica DLS,Jaipur,2009,82000,Diesel,Manual,Second,5.0,0.75,13.5,1405.0,97.7,Tata,11,litre,2.51,0.24,10.45833,0.1859259259259259
Mahindra XUV500 W8 2WD,Delhi,2012,72450,Diesel,Manual,First,7.0,8.1,15.1,2179.0,140.0,Mahindra,8,litre,2.51,0.24,10.45833,0.1662251655629139
Maruti Ciaz ZDi Plus SHVS,Jaipur,2017,36381,Diesel,Manual,First,5.0,9.75,28.09,1248.0,88.5,Maruti,3,litre,2.51,0.24,10.45833,0.08935564257742969
Mercedes-Benz New C-Class C 250 CDI Avantgarde,Coimbatore,2017,25559,Diesel,Automatic,First,5.0,37.93,19.71,2143.0,201.15,Mercedes-Benz,3,litre,2.51,0.24,10.45833,0.12734652460679857
Honda City ZX CVT,Chennai,2005,100000,Petrol,Automatic,Third,5.0,1.96,16.4,1497.0,78.0,Honda,15,litre,2.1,0.22,9.545455,0.12804878048780488
Toyota Fortuner 4x2 4 Speed AT,Jaipur,2015,94000,Diesel,Automatic,First,7.0,20.5,11.5,2982.0,169.0,Toyota,5,litre,2.51,0.24,10.45833,0.21826086956521737
Maruti Alto K10 VXI,Bangalore,2011,64357,Petrol,Manual,First,5.0,2.75,24.07,998.0,67.1,Maruti,9,litre,2.1,0.22,9.545455,0.08724553385957624
Jaguar XJ 2.0L Portfolio,Mumbai,2017,10501,Petrol,Automatic,First,5.0,75.0,9.43,1999.0,237.4,Jaguar,3,litre,2.1,0.22,9.545455,0.22269353128313893
Hyundai i20 1.4 Magna ABS,Chennai,2009,47000,Diesel,Manual,First,5.0,2.8,21.9,1396.0,90.0,Hyundai,11,litre,2.51,0.24,10.45833,0.11461187214611872
Honda BRV i-VTEC V CVT,Mumbai,2017,18000,Petrol,Automatic,First,7.0,9.25,16.0,1497.0,117.3,Honda,3,litre,2.1,0.22,9.545455,0.13125
Toyota Corolla Executive (HE),Chennai,2007,89000,Petrol,Manual,First,5.0,3.0,13.4,1794.0,125.0,Toyota,13,litre,2.1,0.22,9.545455,0.15671641791044777
Audi A6 2011-2015 2.0 TDI Premium Plus,Coimbatore,2014,49964,Diesel,Automatic,First,5.0,23.89,17.68,1968.0,174.33,Audi,6,litre,2.51,0.24,10.45833,0.1419683257918552
Toyota Innova 2.5 ZX Diesel 7 Seater BSIII,Mumbai,2014,35000,Diesel,Manual,First,7.0,12.75,12.99,2494.0,100.6,Toyota,6,litre,2.51,0.24,10.45833,0.193225558121632
Hyundai Grand i10 CRDi Sportz,Jaipur,2014,64000,Diesel,Manual,First,5.0,4.15,24.0,1120.0,70.0,Hyundai,6,litre,2.51,0.24,10.45833,0.10458333333333332
Volkswagen Vento IPL II Petrol Highline AT,Mumbai,2013,36000,Petrol,Automatic,First,5.0,4.65,14.8,1598.0,105.0,Volkswagen,7,litre,2.1,0.22,9.545455,0.14189189189189189
Toyota Innova 2.5 VX (Diesel) 7 Seater BS IV,Delhi,2012,78600,Diesel,Manual,First,7.0,8.9,12.8,2494.0,102.0,Toyota,8,litre,2.51,0.24,10.45833,0.19609374999999998
Hyundai Verna CRDi SX,Jaipur,2008,170000,Diesel,Manual,Second,5.0,1.5,16.8,1493.0,110.0,Hyundai,12,litre,2.51,0.24,10.45833,0.14940476190476187
Maruti Ritz VDi,Pune,2015,65000,Diesel,Manual,Second,5.0,3.27,23.2,1248.0,73.94,Maruti,5,litre,2.51,0.24,10.45833,0.10818965517241379
Audi Q7 3.0 TDI Quattro Technology,Pune,2008,120300,Diesel,Automatic,Second,7.0,18.0,12.07,2967.0,241.4,Audi,12,litre,2.51,0.24,10.45833,0.20795360397680196
Hyundai i20 Asta Option 1.2,Pune,2016,21000,Petrol,Manual,First,5.0,6.3,18.6,1197.0,81.83,Hyundai,4,litre,2.1,0.22,9.545455,0.11290322580645161
Maruti Vitara Brezza ZDi Plus Dual Tone,Coimbatore,2017,18108,Diesel,Manual,First,5.0,11.31,24.3,1248.0,88.5,Maruti,3,litre,2.51,0.24,10.45833,0.10329218106995884
Honda City i VTEC S,Pune,2014,58407,Petrol,Manual,First,5.0,6.16,17.4,1497.0,117.3,Honda,6,litre,2.1,0.22,9.545455,0.12068965517241381
Maruti Ciaz ZXi,Pune,2014,49500,Petrol,Manual,First,5.0,6.0,20.73,1373.0,91.1,Maruti,6,litre,2.1,0.22,9.545455,0.10130246020260492
Nissan Sunny XV CVT,Kochi,2013,37199,Petrol,Automatic,First,5.0,5.43,17.5,1498.0,99.6,Nissan,7,litre,2.1,0.22,9.545455,0.12000000000000001
Volkswagen Polo Diesel Highline 1.2L,Hyderabad,2012,62000,Diesel,Manual,First,5.0,4.65,22.07,1199.0,73.9,Volkswagen,8,litre,2.51,0.24,10.45833,0.11372904395106478
Maruti Ertiga ZDI,Hyderabad,2015,59000,Diesel,Manual,First,7.0,7.5,20.77,1248.0,88.8,Maruti,5,litre,2.51,0.24,10.45833,0.12084737602311024
Maruti Swift Dzire VDI,Jaipur,2015,60000,Diesel,Manual,First,5.0,6.25,26.59,1248.0,74.0,Maruti,5,litre,2.51,0.24,10.45833,0.09439638962015795
Mercedes-Benz New C-Class C 220 CDI Elegance AT,Bangalore,2007,39037,Diesel,Automatic,First,5.0,9.25,14.84,2143.0,170.0,Mercedes-Benz,13,litre,2.51,0.24,10.45833,0.1691374663072776
Honda Brio S MT,Mumbai,2013,17003,Petrol,Manual,First,5.0,3.15,19.4,1198.0,86.8,Honda,7,litre,2.1,0.22,9.545455,0.10824742268041239
Hyundai i10 Magna Optional 1.1L,Hyderabad,2008,80400,Petrol,Manual,First,5.0,2.3,16.0,1086.0,66.7,Hyundai,12,litre,2.1,0.22,9.545455,0.13125
Hyundai Verna 1.6 SX CRDi (O),Jaipur,2012,75200,Diesel,Manual,First,5.0,5.25,22.32,1582.0,126.32,Hyundai,8,litre,2.51,0.24,10.45833,0.11245519713261648
Maruti Ciaz VDI SHVS,Kochi,2017,41217,Diesel,Manual,First,5.0,7.4,28.09,1248.0,88.5,Maruti,3,litre,2.51,0.24,10.45833,0.08935564257742969
Ford Ikon 1.3 Flair,Pune,2006,98293,Petrol,Manual,Second,5.0,1.55,13.8,1299.0,70.0,Ford,14,litre,2.1,0.22,9.545455,0.15217391304347827
Volkswagen Polo 1.2 MPI Highline,Pune,2017,54000,Petrol,Manual,Second,5.0,6.0,16.2,1199.0,74.0,Volkswagen,3,litre,2.1,0.22,9.545455,0.12962962962962965
Honda Jazz 1.2 V i VTEC,Chennai,2016,17377,Petrol,Manual,First,5.0,5.9,18.7,1199.0,88.7,Honda,4,litre,2.1,0.22,9.545455,0.11229946524064172
Honda Amaze EX i-Dtech,Bangalore,2013,33800,Diesel,Manual,Second,5.0,4.7,25.8,1498.0,98.6,Honda,7,litre,2.51,0.24,10.45833,0.09728682170542635
Hyundai i20 Asta 1.4 CRDi,Hyderabad,2015,86157,Diesel,Manual,First,5.0,6.5,22.54,1396.0,88.73,Hyundai,5,litre,2.51,0.24,10.45833,0.11135758651286601
Maruti Ritz VDi,Hyderabad,2012,146824,Diesel,Manual,First,5.0,3.55,21.1,1248.0,73.9,Maruti,8,litre,2.51,0.24,10.45833,0.11895734597156396
Honda City V MT,Chennai,2014,55000,Petrol,Manual,First,5.0,7.1,16.8,1497.0,116.3,Honda,6,litre,2.1,0.22,9.545455,0.125
Skoda Superb 1.8 TSI MT,Hyderabad,2010,53293,Petrol,Manual,First,5.0,6.0,13.14,1798.0,160.0,Skoda,10,litre,2.1,0.22,9.545455,0.1598173515981735
Maruti Vitara Brezza LDi Option,Pune,2017,38000,Diesel,Manual,First,5.0,7.99,24.3,1248.0,88.5,Maruti,3,litre,2.51,0.24,10.45833,0.10329218106995884
Hyundai i20 Asta,Bangalore,2009,64000,Petrol,Manual,Second,5.0,4.1,17.0,1197.0,80.0,Hyundai,11,litre,2.1,0.22,9.545455,0.12352941176470589
Maruti Alto K10 VXI AGS,Hyderabad,2017,25058,Petrol,Automatic,First,5.0,3.95,24.07,998.0,67.1,Maruti,3,litre,2.1,0.22,9.545455,0.08724553385957624
Hyundai EON Era Plus,Kochi,2016,36700,Petrol,Manual,First,5.0,4.38,21.1,814.0,55.2,Hyundai,4,litre,2.1,0.22,9.545455,0.0995260663507109
Hyundai i10 Sportz,Mumbai,2011,35000,Petrol,Manual,First,5.0,2.75,20.36,1197.0,78.9,Hyundai,9,litre,2.1,0.22,9.545455,0.1031434184675835
Mercedes-Benz SLK-Class SLK 350,Coimbatore,2016,22732,Petrol,Automatic,First,2.0,55.54,18.1,3498.0,306.0,Mercedes-Benz,4,litre,2.1,0.22,9.545455,0.11602209944751381
Audi A6 2.0 TDI Design Edition,Hyderabad,2014,48000,Diesel,Automatic,First,5.0,29.0,18.53,1968.0,187.74,Audi,6,litre,2.51,0.24,10.45833,0.13545601726929302
Ford EcoSport 1.5 TDCi Titanium,Bangalore,2013,62084,Diesel,Manual,First,5.0,6.6,22.77,1498.0,98.59,Ford,7,litre,2.51,0.24,10.45833,0.11023276240667544
Volkswagen Passat Highline DSG,Kolkata,2012,39273,Diesel,Automatic,First,5.0,6.99,14.3,1968.0,140.0,Volkswagen,8,litre,2.51,0.24,10.45833,0.1755244755244755
Toyota Innova Crysta 2.4 ZX MT,Bangalore,2017,64798,Diesel,Manual,First,7.0,18.75,13.68,2393.0,147.8,Toyota,3,litre,2.51,0.24,10.45833,0.1834795321637427
Ford Figo Diesel ZXI,Jaipur,2010,100002,Diesel,Manual,Third,5.0,1.28,20.0,1399.0,68.0,Ford,10,litre,2.51,0.24,10.45833,0.1255
Chevrolet Aveo 1.4,Pune,2006,78000,Petrol,Manual,Third,5.0,1.2,14.49,1399.0,92.7,Chevrolet,14,litre,2.1,0.22,9.545455,0.14492753623188406
Maruti Ritz LXi,Coimbatore,2013,57717,Petrol,Manual,First,5.0,4.31,18.5,1197.0,85.8,Maruti,7,litre,2.1,0.22,9.545455,0.11351351351351352
Land Rover Freelander 2 SE,Chennai,2011,109000,Diesel,Automatic,First,5.0,16.5,12.39,2179.0,147.51,Land,9,litre,2.51,0.24,10.45833,0.2025827280064568
Hyundai Grand i10 Asta,Coimbatore,2017,74515,Petrol,Manual,First,5.0,5.64,18.9,1197.0,82.0,Hyundai,3,litre,2.1,0.22,9.545455,0.11111111111111112
Ford Endeavour 3.2 Trend AT 4X4,Coimbatore,2017,50484,Diesel,Automatic,First,7.0,31.12,10.91,3198.0,197.2,Ford,3,litre,2.51,0.24,10.45833,0.23006416131989
Audi Q5 2008-2012 2.0 TDI,Kochi,2013,13452,Diesel,Automatic,First,5.0,25.46,12.8,1968.0,167.6,Audi,7,litre,2.51,0.24,10.45833,0.19609374999999998
Hyundai Verna 1.6 VTVT,Kochi,2017,37688,Petrol,Manual,First,5.0,7.88,17.01,1591.0,121.3,Hyundai,3,litre,2.1,0.22,9.545455,0.12345679012345678
Mercedes-Benz E-Class 2015-2017 E250 CDI Avantgarde,Chennai,2017,34000,Diesel,Automatic,First,5.0,36.0,13.0,2143.0,204.0,Mercedes-Benz,3,litre,2.51,0.24,10.45833,0.19307692307692306
Mercedes-Benz M-Class ML 350 4Matic,Pune,2014,120000,Diesel,Automatic,First,5.0,30.0,0.0,2987.0,165.0,Mercedes-Benz,6,litre,2.51,0.24,10.45833,0.12352941176470589
Maruti Swift Dzire ZXi,Pune,2008,64000,Petrol,Manual,Second,5.0,2.85,17.5,1298.0,85.8,Maruti,12,litre,2.1,0.22,9.545455,0.12000000000000001
Honda City 1.3 EXI S,Delhi,2011,100000,Petrol,Manual,First,5.0,3.5,13.0,1343.0,90.0,Honda,9,litre,2.1,0.22,9.545455,0.16153846153846155
Renault Duster 85PS Diesel RxL Optional,Jaipur,2014,75000,Diesel,Manual,First,5.0,7.5,20.46,1461.0,83.8,Renault,6,litre,2.51,0.24,10.45833,0.12267839687194525
Mercedes-Benz New C-Class 220 CDI AT,Hyderabad,2012,86000,Diesel,Automatic,First,5.0,19.0,14.84,2143.0,170.0,Mercedes-Benz,8,litre,2.51,0.24,10.45833,0.1691374663072776
BMW X5 xDrive 30d Design Pure Experience 5 Seater,Hyderabad,2015,69000,Diesel,Automatic,First,5.0,54.0,15.97,2993.0,258.0,BMW,5,litre,2.51,0.24,10.45833,0.15716969317470256
Hyundai Xcent 1.2 Kappa SX Option,Kochi,2015,41721,Petrol,Manual,First,5.0,4.7,19.1,1197.0,82.0,Hyundai,5,litre,2.1,0.22,9.545455,0.10994764397905758
Maruti Dzire AMT ZXI Plus,Hyderabad,2017,13000,Petrol,Automatic,First,5.0,8.5,22.0,1197.0,81.8,Maruti,3,litre,2.1,0.22,9.545455,0.09545454545454546
BMW 3 Series 320d Corporate Edition,Kolkata,2013,38998,Diesel,Automatic,First,4.0,17.0,16.07,1995.0,181.0,BMW,7,litre,2.51,0.24,10.45833,0.1561916614810205
Maruti Alto 800 LXI,Kochi,2017,54250,Petrol,Manual,First,5.0,3.51,22.74,796.0,47.3,Maruti,3,litre,2.1,0.22,9.545455,0.09234828496042218
Audi A4 2.0 TDI 177 Bhp Premium Plus,Bangalore,2013,45979,Diesel,Automatic,Second,5.0,19.5,17.11,1968.0,174.33,Audi,7,litre,2.51,0.24,10.45833,0.146697837521917
Mini Cooper S,Pune,2012,37000,Petrol,Automatic,Second,4.0,17.0,13.6,1598.0,181.0,Mini,8,litre,2.1,0.22,9.545455,0.15441176470588236
Audi Q7 3.0 TDI Quattro Premium Plus,Coimbatore,2015,46983,Diesel,Automatic,Second,7.0,43.35,12.07,2967.0,241.4,Audi,5,litre,2.51,0.24,10.45833,0.20795360397680196
Chevrolet Beat Diesel LT,Bangalore,2012,40700,Diesel,Manual,First,5.0,2.65,25.44,936.0,57.6,Chevrolet,8,litre,2.51,0.24,10.45833,0.09866352201257861
Maruti Wagon R LXI BS IV,Kochi,2015,43828,Petrol,Manual,First,5.0,3.52,20.51,998.0,67.04,Maruti,5,litre,2.1,0.22,9.545455,0.10238907849829351
Nissan Terrano XV Premium 110 PS,Kolkata,2016,53000,Diesel,Manual,First,5.0,6.25,19.01,1461.0,108.5,Nissan,4,litre,2.51,0.24,10.45833,0.13203577064702784
BMW 3 Series 320d Luxury Plus,Ahmedabad,2015,100000,Diesel,Automatic,First,5.0,24.75,18.88,1995.0,184.0,BMW,5,litre,2.51,0.24,10.45833,0.1329449152542373
Maruti Swift Dzire VXI,Mumbai,2015,19000,Petrol,Manual,First,5.0,5.25,20.85,1197.0,83.14,Maruti,5,litre,2.1,0.22,9.545455,0.10071942446043165
Skoda Yeti Elegance 4X2,Jaipur,2016,84000,Diesel,Manual,First,5.0,11.0,17.72,1968.0,108.5,Skoda,4,litre,2.51,0.24,10.45833,0.14164785553047404
Ford EcoSport 1.5 Ti VCT AT Titanium,Kochi,2018,37630,Petrol,Automatic,First,5.0,9.1,15.63,1499.0,110.4,Ford,2,litre,2.1,0.22,9.545455,0.1343570057581574
Hyundai i20 1.2 Magna,Chennai,2010,67714,Petrol,Manual,First,5.0,3.25,18.5,1197.0,80.0,Hyundai,10,litre,2.1,0.22,9.545455,0.11351351351351352
Maruti S Cross DDiS 200 Sigma Option,Pune,2017,32000,Diesel,Manual,First,5.0,8.5,15.0,1248.0,88.5,Maruti,3,litre,2.51,0.24,10.45833,0.1673333333333333
Hyundai Verna Transform VTVT,Pune,2010,51000,Petrol,Manual,First,5.0,3.1,16.2,1599.0,103.2,Hyundai,10,litre,2.1,0.22,9.545455,0.12962962962962965
BMW 3 Series 320d Luxury Line,Kochi,2015,58390,Diesel,Automatic,First,5.0,19.86,18.88,1995.0,184.0,BMW,5,litre,2.51,0.24,10.45833,0.1329449152542373
Hyundai Grand i10 1.2 CRDi Magna,Kolkata,2017,14000,Diesel,Manual,First,5.0,4.9,24.0,1186.0,73.97,Hyundai,3,litre,2.51,0.24,10.45833,0.10458333333333332
Honda City i-VTEC V,Delhi,2014,55818,Petrol,Manual,Second,5.0,5.7,17.4,1497.0,117.3,Honda,6,litre,2.1,0.22,9.545455,0.12068965517241381
Maruti Swift 1.3 VXi,Chennai,2006,97800,Petrol,Manual,Third,5.0,1.75,16.1,1493.0,97.7,Maruti,14,litre,2.1,0.22,9.545455,0.13043478260869565
Maruti Swift VDI BSIV,Kolkata,2012,52241,Diesel,Manual,First,5.0,2.9,25.2,1248.0,74.0,Maruti,8,litre,2.51,0.24,10.45833,0.0996031746031746
Maruti Baleno Zeta 1.3,Coimbatore,2018,25433,Diesel,Manual,First,5.0,7.83,27.39,1248.0,74.0,Maruti,2,litre,2.51,0.24,10.45833,0.09163928441036874
Tata Safari Storme 2012-2015 LX,Kochi,2015,40611,Diesel,Manual,First,7.0,8.15,14.0,2179.0,138.1,Tata,5,litre,2.51,0.24,10.45833,0.17928571428571427
Hyundai Accent GLS,Bangalore,2008,72000,Petrol,Manual,Second,5.0,2.0,13.2,1495.0,94.0,Hyundai,12,litre,2.1,0.22,9.545455,0.15909090909090912
Maruti Swift LDI SP Limited Edition,Hyderabad,2016,54631,Diesel,Manual,First,5.0,6.25,25.2,1248.0,74.0,Maruti,4,litre,2.51,0.24,10.45833,0.0996031746031746
Maruti Swift VDI BSIV,Bangalore,2007,60000,Diesel,Manual,Second,5.0,3.4,17.8,1248.0,97.7,Maruti,13,litre,2.51,0.24,10.45833,0.14101123595505616
Tata Nano XTA,Coimbatore,2016,24941,Petrol,Automatic,First,4.0,3.19,21.9,624.0,37.48,Tata,4,litre,2.1,0.22,9.545455,0.09589041095890412
Maruti Ertiga VDI,Ahmedabad,2017,63939,Diesel,Manual,First,7.0,7.75,25.47,1248.0,88.5,Maruti,3,litre,2.51,0.24,10.45833,0.09854731056144483
Maruti Celerio VXI AMT,Delhi,2014,35214,Petrol,Automatic,Second,5.0,3.2,23.1,998.0,67.04,Maruti,6,litre,2.1,0.22,9.545455,0.09090909090909091
Maruti Swift VDI BSIV,Delhi,2015,63000,Diesel,Manual,First,5.0,4.9,25.2,1248.0,74.0,Maruti,5,litre,2.51,0.24,10.45833,0.0996031746031746
Volkswagen Vento Petrol Highline,Kochi,2012,121377,Petrol,Manual,First,5.0,3.8,15.04,1598.0,103.6,Volkswagen,8,litre,2.1,0.22,9.545455,0.1396276595744681
Volkswagen Jetta 2007-2011 1.9 Highline TDI,Chennai,2009,100970,Diesel,Automatic,First,5.0,4.0,15.5,1896.0,105.0,Volkswagen,11,litre,2.51,0.24,10.45833,0.16193548387096773
Mini Cooper 5 DOOR D,Hyderabad,2014,60000,Diesel,Automatic,Second,5.0,23.5,20.7,1496.0,113.98,Mini,6,litre,2.51,0.24,10.45833,0.121256038647343
Tata Indica V2 DLS,Chennai,2008,77650,Diesel,Manual,First,5.0,1.15,17.2,1396.0,53.5,Tata,12,litre,2.51,0.24,10.45833,0.14593023255813953
Hyundai Santro Xing XO,Hyderabad,2007,71297,Petrol,Manual,First,5.0,2.2,17.0,1086.0,97.7,Hyundai,13,litre,2.1,0.22,9.545455,0.12352941176470589
Land Rover Range Rover 3.0 D,Mumbai,2008,55001,Diesel,Automatic,Second,5.0,26.5,0.0,1493.0,97.7,Land,12,litre,2.51,0.24,10.45833,0.12352941176470589
Honda City i-VTEC CVT VX,Bangalore,2015,18955,Petrol,Automatic,First,5.0,10.65,18.0,1497.0,117.3,Honda,5,litre,2.1,0.22,9.545455,0.11666666666666667
Jaguar XF 2.2 Litre Luxury,Coimbatore,2016,47877,Diesel,Automatic,First,5.0,35.68,16.36,2179.0,187.7,Jaguar,4,litre,2.51,0.24,10.45833,0.15342298288508557
Mercedes-Benz E-Class 2015-2017 E250 Edition E,Kochi,2017,43368,Diesel,Automatic,First,5.0,31.94,15.0,2143.0,204.0,Mercedes-Benz,3,litre,2.51,0.24,10.45833,0.1673333333333333
Chevrolet Cruze LTZ,Chennai,2011,73000,Diesel,Manual,Third,5.0,4.2,18.3,1991.0,147.9,Chevrolet,9,litre,2.51,0.24,10.45833,0.1371584699453552
Mahindra XUV500 W8 2WD,Ahmedabad,2015,72007,Diesel,Manual,First,7.0,9.9,15.1,2179.0,140.0,Mahindra,5,litre,2.51,0.24,10.45833,0.1662251655629139
Mercedes-Benz New C-Class C 200 CGI Avantgarde,Kochi,2014,56778,Petrol,Automatic,First,5.0,15.46,11.74,1796.0,186.0,Mercedes-Benz,6,litre,2.1,0.22,9.545455,0.1788756388415673
Honda Jazz VX,Kochi,2018,20024,Petrol,Manual,First,5.0,8.46,18.2,1199.0,88.7,Honda,2,litre,2.1,0.22,9.545455,0.11538461538461539
Toyota Etios G,Kolkata,2013,42103,Petrol,Manual,First,5.0,3.25,16.78,1496.0,88.73,Toyota,7,litre,2.1,0.22,9.545455,0.12514898688915374
Maruti Alto LXi BSIII,Hyderabad,2012,67147,Petrol,Manual,First,5.0,2.6,19.7,796.0,46.3,Maruti,8,litre,2.1,0.22,9.545455,0.10659898477157362
Maruti Swift VXI BSIV,Coimbatore,2016,37806,Petrol,Manual,First,5.0,5.2,20.4,1197.0,81.8,Maruti,4,litre,2.1,0.22,9.545455,0.10294117647058824
Maruti A-Star Vxi,Pune,2009,85000,Petrol,Manual,Third,5.0,1.8,19.0,998.0,66.1,Maruti,11,litre,2.1,0.22,9.545455,0.1105263157894737
Tata Nano Lx BSIV,Chennai,2011,35000,Petrol,Manual,First,4.0,1.6,25.4,624.0,37.48,Tata,9,litre,2.1,0.22,9.545455,0.08267716535433071
Ford Figo Titanium Diesel,Kolkata,2015,72035,Diesel,Manual,First,5.0,2.5,25.5,1498.0,99.0,Ford,5,litre,2.51,0.24,10.45833,0.0984313725490196
Fiat Linea Emotion,Jaipur,2011,48500,Petrol,Manual,First,5.0,2.5,16.0,1368.0,90.0,Fiat,9,litre,2.1,0.22,9.545455,0.13125
Ford Figo Aspire 1.2 Ti-VCT Trend,Coimbatore,2017,28854,Petrol,Manual,First,5.0,6.7,18.16,1196.0,86.8,Ford,3,litre,2.1,0.22,9.545455,0.1156387665198238
Maruti Baleno LXI,Hyderabad,2005,92450,Petrol,Manual,First,5.0,1.2,15.4,1590.0,94.0,Maruti,15,litre,2.1,0.22,9.545455,0.13636363636363635
BMW 3 Series 320d Luxury Line,Coimbatore,2016,14351,Diesel,Automatic,First,5.0,35.55,18.88,1995.0,184.0,BMW,4,litre,2.51,0.24,10.45833,0.1329449152542373
Chevrolet Cruze LTZ,Jaipur,2017,51087,Diesel,Manual,First,5.0,7.75,17.9,1998.0,163.7,Chevrolet,3,litre,2.51,0.24,10.45833,0.14022346368715083
Mahindra Scorpio 2.6 DX,Chennai,2005,50000,Diesel,Manual,First,8.0,1.94,12.7,2609.0,116.6,Mahindra,15,litre,2.51,0.24,10.45833,0.19763779527559056
Tata Indica V2 eLS,Hyderabad,2016,73000,Diesel,Manual,First,5.0,2.2,25.0,1396.0,69.0,Tata,4,litre,2.51,0.24,10.45833,0.10039999999999999
Chevrolet Cruze LTZ AT,Ahmedabad,2011,60000,Diesel,Automatic,First,4.0,3.8,18.1,1991.0,147.9,Chevrolet,9,litre,2.51,0.24,10.45833,0.13867403314917126
Toyota Innova 2.5 V Diesel 8-seater,Chennai,2016,50000,Diesel,Manual,First,8.0,15.65,12.8,2494.0,102.0,Toyota,4,litre,2.51,0.24,10.45833,0.19609374999999998
Mercedes-Benz New C-Class C 220d Avantgarde Edition C,Coimbatore,2018,36797,Diesel,Automatic,First,5.0,39.47,19.27,2143.0,167.62,Mercedes-Benz,2,litre,2.51,0.24,10.45833,0.1302542812662169
Maruti Ritz VXi,Kolkata,2011,50000,Petrol,Manual,Second,5.0,1.5,18.5,1197.0,85.8,Maruti,9,litre,2.1,0.22,9.545455,0.11351351351351352
Toyota Innova 2.5 GX (Diesel) 8 Seater BS IV,Ahmedabad,2013,94000,Diesel,Manual,First,8.0,8.85,12.8,2494.0,102.0,Toyota,7,litre,2.51,0.24,10.45833,0.19609374999999998
Toyota Fortuner 4x4 MT,Bangalore,2013,74000,Diesel,Manual,Second,7.0,17.9,12.55,2982.0,168.5,Toyota,7,litre,2.51,0.24,10.45833,0.19999999999999998
Hyundai i10 Sportz AT,Coimbatore,2014,41016,Petrol,Automatic,Second,5.0,5.08,16.95,1197.0,78.9,Hyundai,6,litre,2.1,0.22,9.545455,0.12389380530973453
Hyundai Verna 1.6 SX,Bangalore,2012,67000,Diesel,Manual,First,5.0,6.25,22.32,1582.0,126.32,Hyundai,8,litre,2.51,0.24,10.45833,0.11245519713261648
Audi Q3 2012-2015 35 TDI Quattro Premium Plus,Bangalore,2015,76927,Diesel,Automatic,First,5.0,22.75,15.73,1968.0,174.33,Audi,5,litre,2.51,0.24,10.45833,0.15956770502225046
Chevrolet Beat LS,Kolkata,2010,17088,Petrol,Manual,First,5.0,1.46,18.6,1199.0,79.4,Chevrolet,10,litre,2.1,0.22,9.545455,0.11290322580645161
Ford Fiesta 1.4 Duratorq ZXI,Pune,2007,112808,Diesel,Manual,Second,5.0,2.05,17.8,1399.0,68.0,Ford,13,litre,2.51,0.24,10.45833,0.14101123595505616
Ford Figo Diesel EXI,Coimbatore,2014,74980,Diesel,Manual,First,5.0,4.08,20.0,1399.0,68.0,Ford,6,litre,2.51,0.24,10.45833,0.1255
Maruti Celerio VXI AT,Hyderabad,2014,44600,Petrol,Automatic,First,5.0,4.55,23.1,998.0,67.04,Maruti,6,litre,2.1,0.22,9.545455,0.09090909090909091
Mercedes-Benz A Class A180 CDI,Mumbai,2013,37000,Diesel,Automatic,First,5.0,14.0,20.0,2143.0,107.3,Mercedes-Benz,7,litre,2.51,0.24,10.45833,0.1255
Hyundai Creta 1.6 SX,Ahmedabad,2016,21000,Petrol,Manual,First,5.0,10.9,15.8,1591.0,121.3,Hyundai,4,litre,2.1,0.22,9.545455,0.13291139240506328
Maruti Wagon R VXI BS IV,Bangalore,2010,81245,Petrol,Manual,First,5.0,2.45,18.9,998.0,67.1,Maruti,10,litre,2.1,0.22,9.545455,0.11111111111111112
Mercedes-Benz E-Class 2009-2013 E 220 CDI Avantgarde,Delhi,2013,70000,Diesel,Automatic,First,5.0,15.8,10.0,2148.0,170.0,Mercedes-Benz,7,litre,2.51,0.24,10.45833,0.251
Ford EcoSport 1.5 Ti VCT MT Titanium BE,Mumbai,2017,4018,Petrol,Manual,First,5.0,8.25,18.88,1499.0,110.4,Ford,3,litre,2.1,0.22,9.545455,0.11122881355932204
Renault Koleos 2.0 Diesel,Delhi,2013,70000,Diesel,Automatic,Second,5.0,8.5,13.73,1995.0,148.0,Renault,7,litre,2.51,0.24,10.45833,0.18281136198106335
Mahindra XUV500 W10 2WD,Coimbatore,2016,56532,Diesel,Manual,First,7.0,15.54,16.0,2179.0,140.0,Mahindra,4,litre,2.51,0.24,10.45833,0.156875
Maruti Omni E 8 Str STD,Hyderabad,2013,26875,Petrol,Manual,First,8.0,2.35,16.8,796.0,34.2,Maruti,7,litre,2.1,0.22,9.545455,0.125
Maruti Wagon R VXI,Coimbatore,2015,72599,Petrol,Manual,First,5.0,4.32,22.5,998.0,67.04,Maruti,5,litre,2.1,0.22,9.545455,0.09333333333333334
Ford Endeavour XLT TDCi 4X2,Jaipur,2008,205000,Diesel,Manual,Second,7.0,3.9,13.1,2499.0,141.0,Ford,12,litre,2.51,0.24,10.45833,0.1916030534351145
Hyundai Verna 1.6 SX,Hyderabad,2011,98000,Diesel,Manual,Second,5.0,5.2,22.32,1582.0,126.32,Hyundai,9,litre,2.51,0.24,10.45833,0.11245519713261648
Hyundai i20 Magna 1.2,Mumbai,2018,19500,Petrol,Manual,First,5.0,5.85,18.6,1197.0,81.83,Hyundai,2,litre,2.1,0.22,9.545455,0.11290322580645161
Maruti Ertiga ZXI,Bangalore,2013,68000,Petrol,Manual,Second,7.0,6.25,16.02,1373.0,93.7,Maruti,7,litre,2.1,0.22,9.545455,0.1310861423220974
Mahindra XUV500 W9 AT,Coimbatore,2019,19654,Diesel,Automatic,First,7.0,17.63,14.0,2179.0,155.0,Mahindra,1,litre,2.51,0.24,10.45833,0.17928571428571427
Maruti SX4 S Cross DDiS 200 Zeta,Mumbai,2017,26000,Diesel,Manual,First,5.0,9.75,23.65,1248.0,88.5,Maruti,3,litre,2.51,0.24,10.45833,0.10613107822410148
Mercedes-Benz SLK-Class SLK 350,Bangalore,2015,10000,Petrol,Automatic,First,2.0,55.0,18.1,3498.0,306.0,Mercedes-Benz,5,litre,2.1,0.22,9.545455,0.11602209944751381
Volkswagen Polo Diesel Comfortline 1.2L,Hyderabad,2011,75020,Diesel,Manual,First,5.0,4.1,22.07,1199.0,73.9,Volkswagen,9,litre,2.51,0.24,10.45833,0.11372904395106478
Toyota Fortuner 4x4 MT,Hyderabad,2011,157000,Diesel,Manual,First,7.0,11.99,12.55,2982.0,168.5,Toyota,9,litre,2.51,0.24,10.45833,0.19999999999999998
Mahindra XUV500 W10 2WD,Kochi,2017,43773,Diesel,Manual,First,7.0,13.54,16.0,2179.0,140.0,Mahindra,3,litre,2.51,0.24,10.45833,0.156875
Mercedes-Benz GLE 250d,Mumbai,2016,21000,Diesel,Automatic,First,5.0,56.0,17.9,2143.0,201.15,Mercedes-Benz,4,litre,2.51,0.24,10.45833,0.14022346368715083
Honda Jazz 1.2 VX i VTEC,Chennai,2016,23280,Petrol,Manual,First,5.0,6.5,18.7,1199.0,88.7,Honda,4,litre,2.1,0.22,9.545455,0.11229946524064172
Maruti Swift Dzire VDI,Pune,2013,88000,Diesel,Manual,First,5.0,4.75,23.4,1248.0,74.0,Maruti,7,litre,2.51,0.24,10.45833,0.10726495726495726
Hyundai Verna 1.6 SX VTVT,Hyderabad,2014,67000,Petrol,Manual,First,5.0,5.6,17.01,1591.0,121.3,Hyundai,6,litre,2.1,0.22,9.545455,0.12345679012345678
Ford Endeavour 3.2 Titanium AT 4X4,Coimbatore,2017,59636,Diesel,Automatic,First,7.0,29.2,10.91,3198.0,197.0,Ford,3,litre,2.51,0.24,10.45833,0.23006416131989
Hyundai i20 1.2 Asta Option,Kolkata,2018,11000,Petrol,Manual,First,5.0,6.35,18.6,1197.0,81.83,Hyundai,2,litre,2.1,0.22,9.545455,0.11290322580645161
Honda City 1.5 V MT Sunroof,Mumbai,2013,60669,Petrol,Manual,First,5.0,4.95,16.8,1497.0,116.3,Honda,7,litre,2.1,0.22,9.545455,0.125
Honda Amaze VX Diesel,Hyderabad,2018,12000,Diesel,Manual,First,5.0,8.5,27.4,1498.0,98.6,Honda,2,litre,2.51,0.24,10.45833,0.09160583941605839
Hyundai Verna 1.6 SX VTVT (O),Kolkata,2013,35000,Petrol,Manual,First,5.0,4.5,17.1,1591.0,121.3,Hyundai,7,litre,2.1,0.22,9.545455,0.12280701754385964
Honda Mobilio S i DTEC,Chennai,2015,65000,Diesel,Manual,First,7.0,5.5,24.2,1498.0,98.6,Honda,5,litre,2.51,0.24,10.45833,0.1037190082644628
Maruti Ertiga ZDI,Kochi,2013,39929,Diesel,Manual,First,7.0,6.56,20.77,1248.0,88.8,Maruti,7,litre,2.51,0.24,10.45833,0.12084737602311024
Maruti Alto K10 LXI,Pune,2014,49000,Petrol,Manual,First,5.0,2.3,24.07,998.0,67.1,Maruti,6,litre,2.1,0.22,9.545455,0.08724553385957624
Toyota Qualis FS B2,Pune,2004,77757,Diesel,Manual,Second,10.0,3.5,13.1,2446.0,75.0,Toyota,16,litre,2.51,0.24,10.45833,0.1916030534351145
Hyundai i10 Sportz,Kochi,2016,21456,Petrol,Manual,First,5.0,4.55,20.36,1197.0,78.9,Hyundai,4,litre,2.1,0.22,9.545455,0.1031434184675835
Skoda Laura 1.9 TDI AT Ambiente,Bangalore,2009,74000,Diesel,Automatic,Second,5.0,7.75,17.0,1896.0,105.0,Skoda,11,litre,2.51,0.24,10.45833,0.1476470588235294
Hyundai i20 Asta Option 1.2,Mumbai,2015,37000,Petrol,Manual,Second,5.0,5.25,18.6,1197.0,81.83,Hyundai,5,litre,2.1,0.22,9.545455,0.11290322580645161
BMW 5 Series 2003-2012 530d Highline,Coimbatore,2013,108640,Diesel,Automatic,First,5.0,23.29,11.5,2993.0,235.0,BMW,7,litre,2.51,0.24,10.45833,0.21826086956521737
BMW 3 Series 320d M Sport,Mumbai,2016,38000,Diesel,Automatic,First,5.0,23.99,22.69,1995.0,190.0,BMW,4,litre,2.51,0.24,10.45833,0.11062141912736886
Chevrolet Aveo 1.4 LT ABS BSIV,Pune,2010,80000,Petrol,Manual,First,5.0,1.79,14.49,1399.0,92.7,Chevrolet,10,litre,2.1,0.22,9.545455,0.14492753623188406
Mercedes-Benz E-Class 2009-2013 E250 CDI Elegance,Mumbai,2011,47000,Diesel,Automatic,Second,5.0,13.9,14.21,2143.0,203.0,Mercedes-Benz,9,litre,2.51,0.24,10.45833,0.17663617171006332
Audi A6 2011-2015 2.0 TDI Premium Plus,Kolkata,2013,31000,Diesel,Automatic,First,5.0,18.95,17.68,1968.0,174.33,Audi,7,litre,2.51,0.24,10.45833,0.1419683257918552
Maruti Wagon R LXI BS IV,Kolkata,2014,40000,Petrol,Manual,First,5.0,2.49,20.51,998.0,67.04,Maruti,6,litre,2.1,0.22,9.545455,0.10238907849829351
Renault KWID RXT,Jaipur,2016,4152,Petrol,Manual,First,5.0,3.15,25.17,799.0,53.3,Renault,4,litre,2.1,0.22,9.545455,0.08343265792610251
Volkswagen Ameo 1.5 TDI Highline,Mumbai,2017,51000,Diesel,Manual,First,5.0,6.45,21.66,1498.0,108.62,Volkswagen,3,litre,2.51,0.24,10.45833,0.11588180978762695
Volkswagen Polo Diesel Comfortline 1.2L,Ahmedabad,2013,55000,Diesel,Manual,First,5.0,4.25,22.07,1199.0,73.9,Volkswagen,7,litre,2.51,0.24,10.45833,0.11372904395106478
Maruti Alto 800 LXI,Hyderabad,2014,58500,Petrol,Manual,First,5.0,2.75,22.74,796.0,47.3,Maruti,6,litre,2.1,0.22,9.545455,0.09234828496042218
Hyundai i20 Asta Option 1.2,Kochi,2017,58620,Petrol,Manual,First,5.0,7.14,18.6,1197.0,81.83,Hyundai,3,litre,2.1,0.22,9.545455,0.11290322580645161
Toyota Etios Liva G,Mumbai,2012,29605,Petrol,Manual,First,5.0,2.44,18.3,1197.0,97.7,Toyota,8,litre,2.1,0.22,9.545455,0.11475409836065574
Hyundai i20 1.2 Sportz,Jaipur,2012,71172,Petrol,Manual,Third,5.0,3.5,17.0,1197.0,80.0,Hyundai,8,litre,2.1,0.22,9.545455,0.12352941176470589
Hyundai i20 1.4 Asta,Chennai,2017,12000,Diesel,Manual,First,5.0,7.3,22.54,1396.0,88.73,Hyundai,3,litre,2.51,0.24,10.45833,0.11135758651286601
Maruti Wagon R LXI Optional,Kolkata,2014,25000,Petrol,Manual,First,5.0,2.75,20.51,998.0,67.04,Maruti,6,litre,2.1,0.22,9.545455,0.10238907849829351
Hyundai i20 1.4 Asta Option,Bangalore,2017,43000,Diesel,Manual,Second,5.0,8.2,22.54,1396.0,88.73,Hyundai,3,litre,2.51,0.24,10.45833,0.11135758651286601
Volkswagen Polo GT TSI,Mumbai,2015,57022,Petrol,Automatic,First,5.0,6.51,17.21,1197.0,103.6,Volkswagen,5,litre,2.1,0.22,9.545455,0.12202208018593841
Ford Figo Diesel Titanium,Pune,2015,92000,Diesel,Manual,First,5.0,4.25,20.0,1399.0,68.05,Ford,5,litre,2.51,0.24,10.45833,0.1255
Maruti Swift ZXI,Coimbatore,2014,33372,Petrol,Manual,Second,5.0,6.21,18.6,1197.0,85.8,Maruti,6,litre,2.1,0.22,9.545455,0.11290322580645161
Hyundai Grand i10 CRDi Magna,Kochi,2016,52625,Diesel,Manual,First,5.0,4.58,24.0,1120.0,70.0,Hyundai,4,litre,2.51,0.24,10.45833,0.10458333333333332
Mahindra Xylo H4,Chennai,2016,215000,Diesel,Manual,First,7.0,7.5,14.02,2179.0,118.3,Mahindra,4,litre,2.51,0.24,10.45833,0.17902995720399428
Maruti Alto Green LXi (CNG),Delhi,2012,65537,CNG,Manual,First,5.0,2.1,26.83,796.0,38.4,Maruti,8,kg,2.5625,0.18,14.23611,0.09550875885203132
Hyundai i10 Magna 1.1,Coimbatore,2014,60138,Petrol,Manual,First,5.0,4.09,19.81,1086.0,68.05,Hyundai,6,litre,2.1,0.22,9.545455,0.1060070671378092
Skoda Octavia Elegance 2.0 TDI AT,Mumbai,2014,84000,Diesel,Automatic,First,5.0,10.75,19.3,1968.0,141.0,Skoda,6,litre,2.51,0.24,10.45833,0.13005181347150258
BMW X5 2014-2019 xDrive 30d Design Pure Experience 7 Seater,Mumbai,2014,47000,Diesel,Automatic,First,7.0,41.5,15.97,2993.0,258.0,BMW,6,litre,2.51,0.24,10.45833,0.15716969317470256
Maruti Celerio VXI AT,Hyderabad,2014,33450,Petrol,Automatic,First,5.0,4.4,23.1,998.0,67.04,Maruti,6,litre,2.1,0.22,9.545455,0.09090909090909091
Volkswagen Vento Diesel Comfortline,Jaipur,2013,125000,Diesel,Manual,Second,5.0,6.25,20.54,1598.0,103.6,Volkswagen,7,litre,2.51,0.24,10.45833,0.12220058422590067
BMW 3 Series 320d Highline,Pune,2011,99606,Diesel,Automatic,Second,5.0,10.5,16.07,1995.0,181.0,BMW,9,litre,2.51,0.24,10.45833,0.1561916614810205
Maruti Ertiga ZDI,Mumbai,2014,64000,Diesel,Manual,First,7.0,7.25,20.77,1248.0,88.8,Maruti,6,litre,2.51,0.24,10.45833,0.12084737602311024
Ford Figo Diesel ZXI,Hyderabad,2013,51000,Diesel,Manual,First,5.0,3.2,20.0,1399.0,68.05,Ford,7,litre,2.51,0.24,10.45833,0.1255
Volkswagen Polo 1.2 MPI Highline,Mumbai,2014,57000,Petrol,Manual,First,5.0,3.95,16.47,1198.0,74.0,Volkswagen,6,litre,2.1,0.22,9.545455,0.12750455373406194
Audi A6 3.0 TDI quattro,Coimbatore,2009,48040,Diesel,Automatic,Second,5.0,12.07,16.77,2967.0,241.38,Audi,11,litre,2.51,0.24,10.45833,0.14967203339296362
Toyota Innova Crysta 2.4 ZX MT,Pune,2017,43200,Diesel,Manual,First,7.0,18.6,13.68,2393.0,147.8,Toyota,3,litre,2.51,0.24,10.45833,0.1834795321637427
Hyundai Verna 1.6 CRDi EX AT,Delhi,2013,66000,Diesel,Automatic,First,5.0,5.7,22.32,1582.0,126.3,Hyundai,7,litre,2.51,0.24,10.45833,0.11245519713261648
Hyundai Santro Xing GL Plus,Kolkata,2013,31000,Petrol,Manual,First,5.0,1.75,17.92,1086.0,62.1,Hyundai,7,litre,2.1,0.22,9.545455,0.1171875
Audi A4 2.0 TDI,Delhi,2011,46000,Diesel,Automatic,Second,5.0,10.99,16.55,1968.0,147.51,Audi,9,litre,2.51,0.24,10.45833,0.15166163141993955
Audi A4 2.0 TDI,Kolkata,2012,47346,Diesel,Automatic,First,5.0,14.5,16.55,1968.0,147.51,Audi,8,litre,2.51,0.24,10.45833,0.15166163141993955
Skoda Laura 1.9 TDI MT Ambiente,Jaipur,2009,100000,Diesel,Manual,First,5.0,3.11,17.0,1896.0,105.0,Skoda,11,litre,2.51,0.24,10.45833,0.1476470588235294
Honda CR-V 2.0L 2WD AT,Coimbatore,2015,63856,Petrol,Automatic,First,5.0,13.96,13.7,1997.0,153.86,Honda,5,litre,2.1,0.22,9.545455,0.15328467153284672
Hyundai Verna 1.6 SX CRDi (O),Coimbatore,2015,72996,Diesel,Manual,First,5.0,7.11,22.32,1582.0,126.32,Hyundai,5,litre,2.51,0.24,10.45833,0.11245519713261648
Honda Mobilio RS i DTEC,Chennai,2014,23000,Diesel,Manual,First,7.0,6.9,24.5,1498.0,98.6,Honda,6,litre,2.51,0.24,10.45833,0.10244897959183673
Hyundai i20 1.2 Asta Option,Coimbatore,2018,15985,Petrol,Manual,First,5.0,7.77,18.6,1197.0,81.83,Hyundai,2,litre,2.1,0.22,9.545455,0.11290322580645161
Toyota Innova 2.5 G (Diesel) 7 Seater BS IV,Kolkata,2011,98000,Diesel,Manual,Second,8.0,5.5,12.8,2494.0,102.0,Toyota,9,litre,2.51,0.24,10.45833,0.19609374999999998
Hyundai i20 Magna 1.2,Hyderabad,2014,70089,Petrol,Manual,First,5.0,5.35,18.6,1197.0,81.83,Hyundai,6,litre,2.1,0.22,9.545455,0.11290322580645161
Mahindra Bolero VLX BS IV,Chennai,2011,99000,Diesel,Manual,Second,7.0,4.5,13.6,2523.0,63.0,Mahindra,9,litre,2.51,0.24,10.45833,0.18455882352941175
Volkswagen Vento 1.5 TDI Comfortline,Jaipur,2014,72000,Diesel,Manual,First,5.0,4.75,20.34,1498.0,103.2,Volkswagen,6,litre,2.51,0.24,10.45833,0.12340216322517207
Jaguar XF 2.2 Litre Luxury,Coimbatore,2015,44194,Diesel,Automatic,First,5.0,32.8,16.36,2179.0,187.7,Jaguar,5,litre,2.51,0.24,10.45833,0.15342298288508557
Maruti Zen LXi - BS III,Mumbai,2005,102000,Petrol,Manual,First,5.0,0.7,17.3,993.0,60.0,Maruti,15,litre,2.1,0.22,9.545455,0.12138728323699421
Mercedes-Benz E-Class Facelift,Coimbatore,2018,56652,Diesel,Automatic,First,5.0,50.29,13.0,2987.0,258.0,Mercedes-Benz,2,litre,2.51,0.24,10.45833,0.19307692307692306
Toyota Fortuner 3.0 Diesel,Mumbai,2010,41650,Diesel,Manual,Second,7.0,10.99,11.5,2982.0,171.0,Toyota,10,litre,2.51,0.24,10.45833,0.21826086956521737
Hyundai Grand i10 AT Asta,Coimbatore,2015,61717,Petrol,Automatic,First,5.0,5.57,18.9,1197.0,82.0,Hyundai,5,litre,2.1,0.22,9.545455,0.11111111111111112
Hyundai Xcent 1.2 CRDi S,Jaipur,2018,25302,Diesel,Manual,First,5.0,5.9,25.4,1186.0,73.97,Hyundai,2,litre,2.51,0.24,10.45833,0.09881889763779528
Hyundai Creta 1.6 VTVT S,Coimbatore,2016,47016,Petrol,Manual,First,5.0,9.43,15.29,1591.0,121.3,Hyundai,4,litre,2.1,0.22,9.545455,0.13734466971877046
Hyundai i10 Sportz,Bangalore,2010,69000,Petrol,Manual,First,5.0,2.9,20.36,1197.0,78.9,Hyundai,10,litre,2.1,0.22,9.545455,0.1031434184675835
Honda Brio S MT,Delhi,2016,32700,Petrol,Manual,First,5.0,3.68,19.4,1198.0,86.8,Honda,4,litre,2.1,0.22,9.545455,0.10824742268041239
Toyota Fortuner 4x2 AT,Coimbatore,2015,101337,Diesel,Automatic,First,7.0,21.67,12.55,2982.0,168.5,Toyota,5,litre,2.51,0.24,10.45833,0.19999999999999998
Audi A4 2.0 TDI Multitronic,Ahmedabad,2011,59000,Diesel,Automatic,First,5.0,12.5,16.55,1968.0,140.0,Audi,9,litre,2.51,0.24,10.45833,0.15166163141993955
Toyota Innova Crysta 2.8 ZX AT,Kochi,2018,41736,Diesel,Automatic,First,7.0,19.92,11.36,2755.0,171.5,Toyota,2,litre,2.51,0.24,10.45833,0.2209507042253521
Honda City i DTEC VX,Jaipur,2014,71649,Diesel,Manual,First,5.0,6.75,25.1,1498.0,98.6,Honda,6,litre,2.51,0.24,10.45833,0.09999999999999999
Honda City i DTEC VX,Kochi,2015,80606,Diesel,Manual,First,5.0,6.96,25.1,1498.0,98.6,Honda,5,litre,2.51,0.24,10.45833,0.09999999999999999
Renault KWID 1.0 RXT Optional,Jaipur,2017,63262,Petrol,Manual,First,5.0,3.25,21.7,999.0,67.0,Renault,3,litre,2.1,0.22,9.545455,0.09677419354838711
Maruti Swift DDiS ZDI Plus,Hyderabad,2018,5456,Diesel,Manual,First,5.0,8.65,28.4,1248.0,74.0,Maruti,2,litre,2.51,0.24,10.45833,0.08838028169014084
Maruti Celerio VXI Optional AMT,Pune,2017,7500,Petrol,Automatic,First,5.0,5.0,23.1,998.0,67.04,Maruti,3,litre,2.1,0.22,9.545455,0.09090909090909091
Mahindra XUV500 W8 2WD,Delhi,2011,66000,Diesel,Manual,First,7.0,5.5,15.1,2179.0,140.0,Mahindra,9,litre,2.51,0.24,10.45833,0.1662251655629139
Hyundai i10 Magna,Jaipur,2010,66770,Petrol,Manual,Second,5.0,2.6,20.36,1197.0,78.9,Hyundai,10,litre,2.1,0.22,9.545455,0.1031434184675835
Hyundai i10 Magna 1.1,Kochi,2014,58472,Petrol,Manual,First,5.0,3.41,19.81,1086.0,68.05,Hyundai,6,litre,2.1,0.22,9.545455,0.1060070671378092
Maruti Dzire VXI,Kolkata,2011,46687,Petrol,Manual,First,5.0,2.7,22.0,1197.0,81.8,Maruti,9,litre,2.1,0.22,9.545455,0.09545454545454546
Maruti Grand Vitara AT,Chennai,2008,77000,Petrol,Automatic,Fourth & Above,5.0,5.5,9.7,1995.0,163.5,Maruti,12,litre,2.1,0.22,9.545455,0.21649484536082478
Audi TT 40 TFSI,Kolkata,2012,7000,Petrol,Automatic,First,4.0,35.0,14.33,1984.0,226.6,Audi,8,litre,2.1,0.22,9.545455,0.1465457083042568
Mercedes-Benz New C-Class C 200 CGI,Mumbai,2011,48000,Petrol,Automatic,Second,5.0,9.75,14.74,1991.0,184.0,Mercedes-Benz,9,litre,2.1,0.22,9.545455,0.1424694708276798
Nissan Sunny 2011-2014 Diesel XV,Mumbai,2013,47000,Diesel,Manual,First,5.0,4.25,21.64,1461.0,84.8,Nissan,7,litre,2.51,0.24,10.45833,0.11598890942698704
Maruti Wagon R LXI,Ahmedabad,2015,51530,Petrol,Manual,First,5.0,3.2,18.9,998.0,67.1,Maruti,5,litre,2.1,0.22,9.545455,0.11111111111111112
Maruti Swift Dzire ZDI,Bangalore,2014,25789,Diesel,Manual,Second,5.0,6.85,23.4,1248.0,74.0,Maruti,6,litre,2.51,0.24,10.45833,0.10726495726495726
Honda Amaze S i-Dtech,Delhi,2015,48000,Diesel,Manual,First,5.0,4.5,25.8,1498.0,98.6,Honda,5,litre,2.51,0.24,10.45833,0.09728682170542635
Maruti Swift ZDI,Delhi,2012,52000,Diesel,Manual,First,5.0,3.55,28.4,1248.0,74.0,Maruti,8,litre,2.51,0.24,10.45833,0.08838028169014084
Hyundai Accent Executive CNG,Hyderabad,2010,95637,CNG,Manual,Second,5.0,1.9,13.2,1495.0,93.7,Hyundai,10,kg,2.5625,0.18,14.23611,0.1941287878787879
Mahindra Scorpio LX 2.6 Turbo,Hyderabad,2008,131000,Diesel,Manual,First,7.0,3.6,10.5,2609.0,120.0,Mahindra,12,litre,2.51,0.24,10.45833,0.23904761904761904
Mercedes-Benz E-Class E250 CDI Avantgrade,Kochi,2015,42076,Diesel,Automatic,First,5.0,21.8,13.0,2143.0,201.1,Mercedes-Benz,5,litre,2.51,0.24,10.45833,0.19307692307692306
Toyota Fortuner 4x2 Manual,Mumbai,2012,76000,Diesel,Manual,Second,7.0,13.5,13.0,2982.0,168.5,Toyota,8,litre,2.51,0.24,10.45833,0.19307692307692306
Datsun redi-GO T Option,Bangalore,2016,20487,Petrol,Manual,First,5.0,2.66,22.7,799.0,53.64,Datsun,4,litre,2.1,0.22,9.545455,0.09251101321585904
Honda City V MT,Delhi,2010,43000,Petrol,Manual,Second,5.0,3.75,16.8,1497.0,116.3,Honda,10,litre,2.1,0.22,9.545455,0.125
Toyota Camry Hybrid,Pune,2018,17000,Petrol,Automatic,First,5.0,32.0,19.16,2494.0,158.2,Toyota,2,litre,2.1,0.22,9.545455,0.10960334029227557
Honda City i DTec V,Coimbatore,2016,60805,Diesel,Manual,First,5.0,8.07,26.0,1498.0,98.6,Honda,4,litre,2.51,0.24,10.45833,0.09653846153846153
Volkswagen Jetta 2012-2014 2.0L TDI Trendline,Kochi,2012,58775,Diesel,Manual,First,5.0,5.64,19.33,1968.0,138.1,Volkswagen,8,litre,2.51,0.24,10.45833,0.1298499741334713
Audi A6 2011-2015 2.0 TDI,Hyderabad,2013,70181,Diesel,Automatic,First,5.0,23.99,17.68,1968.0,174.33,Audi,7,litre,2.51,0.24,10.45833,0.1419683257918552
Maruti Ertiga VDI,Coimbatore,2016,85827,Diesel,Manual,First,7.0,7.5,20.77,1248.0,88.76,Maruti,4,litre,2.51,0.24,10.45833,0.12084737602311024
Mercedes-Benz New C-Class C 220 CDI Style,Jaipur,2016,58205,Diesel,Automatic,First,5.0,27.0,19.27,2143.0,167.62,Mercedes-Benz,4,litre,2.51,0.24,10.45833,0.1302542812662169
Maruti Swift Dzire Vdi BSIV,Mumbai,2008,91000,Diesel,Manual,Second,5.0,2.85,19.3,1248.0,73.9,Maruti,12,litre,2.51,0.24,10.45833,0.13005181347150258
Renault Duster 110PS Diesel RxZ Pack,Pune,2012,74000,Diesel,Manual,First,5.0,6.35,19.01,1461.0,108.45,Renault,8,litre,2.51,0.24,10.45833,0.13203577064702784
Maruti Ritz VDi,Hyderabad,2010,79324,Diesel,Manual,First,5.0,3.3,21.1,1248.0,73.9,Maruti,10,litre,2.51,0.24,10.45833,0.11895734597156396
Maruti Swift Dzire VXI,Bangalore,2013,38623,Petrol,Manual,First,5.0,5.0,19.1,1197.0,85.8,Maruti,7,litre,2.1,0.22,9.545455,0.10994764397905758
Maruti Swift ZDi,Coimbatore,2014,59923,Diesel,Manual,First,5.0,6.46,22.9,1248.0,74.0,Maruti,6,litre,2.51,0.24,10.45833,0.10960698689956332
Hyundai EON Sportz,Jaipur,2017,23360,Petrol,Manual,First,5.0,3.75,21.1,814.0,55.2,Hyundai,3,litre,2.1,0.22,9.545455,0.0995260663507109
Maruti Zen VXI BSII,Kochi,2003,61495,Petrol,Manual,Third,5.0,1.52,17.3,993.0,60.0,Maruti,17,litre,2.1,0.22,9.545455,0.12138728323699421
Maruti Eeco 7 Seater Standard,Coimbatore,2012,56661,Petrol,Manual,First,7.0,3.61,15.1,1196.0,73.0,Maruti,8,litre,2.1,0.22,9.545455,0.13907284768211922
Audi Q5 30 TDI quattro Premium,Coimbatore,2017,40318,Diesel,Automatic,First,5.0,43.74,14.16,1968.0,174.3,Audi,3,litre,2.51,0.24,10.45833,0.1772598870056497
Audi Q3 2.0 TDI,Chennai,2014,60000,Diesel,Automatic,First,5.0,20.0,15.73,1968.0,174.33,Audi,6,litre,2.51,0.24,10.45833,0.15956770502225046
Smart Fortwo CDI AT,Pune,2008,103000,Diesel,Automatic,Second,2.0,3.0,0.0,799.0,97.7,Smart,12,litre,2.51,0.24,10.45833,0.12352941176470589
Maruti Swift Dzire VDi,Hyderabad,2010,130000,Diesel,Manual,First,5.0,3.65,19.3,1248.0,73.9,Maruti,10,litre,2.51,0.24,10.45833,0.13005181347150258
Tata Sumo DX,Mumbai,2013,20000,Diesel,Manual,First,10.0,5.25,14.07,1978.0,83.1,Tata,7,litre,2.51,0.24,10.45833,0.17839374555792464
BMW X5 2014-2019 xDrive 30d Design Pure Experience 7 Seater,Hyderabad,2016,76000,Diesel,Automatic,First,7.0,58.0,15.97,2993.0,258.0,BMW,4,litre,2.51,0.24,10.45833,0.15716969317470256
Honda City i-VTEC CVT VX,Mumbai,2015,30000,Petrol,Automatic,First,5.0,8.65,18.0,1497.0,117.3,Honda,5,litre,2.1,0.22,9.545455,0.11666666666666667
Tata Indigo eCS eLX BS IV,Delhi,2015,150000,Diesel,Manual,First,5.0,2.5,25.0,1396.0,69.01,Tata,5,litre,2.51,0.24,10.45833,0.10039999999999999
Volkswagen Vento TSI,Chennai,2014,28000,Petrol,Automatic,First,5.0,7.75,16.93,1197.0,103.6,Volkswagen,6,litre,2.1,0.22,9.545455,0.1240401653868872
Maruti Celerio VXI,Bangalore,2015,74000,Petrol,Manual,First,5.0,4.15,23.1,998.0,67.04,Maruti,5,litre,2.1,0.22,9.545455,0.09090909090909091
Toyota Fortuner 3.0 Diesel,Delhi,2011,75000,Diesel,Manual,First,7.0,10.85,11.5,2982.0,171.0,Toyota,9,litre,2.51,0.24,10.45833,0.21826086956521737
Mitsubishi Outlander 2.4,Delhi,2010,76000,Petrol,Automatic,Second,5.0,5.53,11.3,2360.0,170.0,Mitsubishi,10,litre,2.1,0.22,9.545455,0.18584070796460175
Volkswagen Jetta 2007-2011 1.9 Highline TDI,Pune,2014,64889,Diesel,Automatic,First,5.0,11.5,15.5,1896.0,105.0,Volkswagen,6,litre,2.51,0.24,10.45833,0.16193548387096773
Porsche Cayman 2009-2012 S,Hyderabad,2010,10000,Petrol,Manual,First,2.0,40.0,9.0,3436.0,97.7,Porsche,10,litre,2.1,0.22,9.545455,0.23333333333333334
Hyundai Creta 1.6 CRDi SX,Kolkata,2015,43000,Diesel,Manual,First,5.0,9.25,19.67,1582.0,126.2,Hyundai,5,litre,2.51,0.24,10.45833,0.1276054905948144
Skoda Fabia 1.2 MPI Ambiente Petrol,Pune,2011,47490,Petrol,Manual,First,5.0,2.29,17.5,1198.0,75.0,Skoda,9,litre,2.1,0.22,9.545455,0.12000000000000001
Ford EcoSport 1.5 TDCi Titanium,Chennai,2015,80000,Diesel,Manual,First,5.0,7.0,22.77,1498.0,98.59,Ford,5,litre,2.51,0.24,10.45833,0.11023276240667544
Maruti Zen Estilo 1.1 LXI BSIII,Bangalore,2007,60000,Petrol,Manual,Second,5.0,1.65,18.2,1061.0,64.0,Maruti,13,litre,2.1,0.22,9.545455,0.11538461538461539
Maruti Ciaz 1.4 Delta,Ahmedabad,2017,6006,Petrol,Manual,First,5.0,8.25,20.73,1373.0,91.1,Maruti,3,litre,2.1,0.22,9.545455,0.10130246020260492
Mercedes-Benz New C-Class C 200 Avantgarde Edition C,Kochi,2011,71703,Petrol,Automatic,First,5.0,9.14,14.74,1991.0,181.03,Mercedes-Benz,9,litre,2.1,0.22,9.545455,0.1424694708276798
Honda Amaze SX i-VTEC,Hyderabad,2016,33000,Petrol,Manual,First,5.0,6.5,17.8,1198.0,86.7,Honda,4,litre,2.1,0.22,9.545455,0.11797752808988764
Toyota Etios GD,Kolkata,2012,60000,Diesel,Manual,First,5.0,2.95,23.59,1364.0,97.7,Toyota,8,litre,2.51,0.24,10.45833,0.10640101738024586
Renault Duster 85PS Diesel RxL,Jaipur,2015,91000,Diesel,Manual,First,5.0,5.75,19.87,1461.0,83.8,Renault,5,litre,2.51,0.24,10.45833,0.1263210870659285
Maruti Wagon R LXI LPG BSIV,Hyderabad,2012,72000,LPG,Manual,First,5.0,2.85,26.2,998.0,58.2,Maruti,8,litre,1.56,0.21,7.428571,0.05954198473282443
Volkswagen Polo Petrol Highline 1.2L,Kolkata,2011,43000,Petrol,Manual,Second,5.0,2.1,16.47,1198.0,73.9,Volkswagen,9,litre,2.1,0.22,9.545455,0.12750455373406194
Hyundai Creta 1.6 SX Plus Diesel,Coimbatore,2017,63770,Diesel,Manual,First,5.0,13.55,19.67,1582.0,126.2,Hyundai,3,litre,2.51,0.24,10.45833,0.1276054905948144
Jaguar XF Diesel,Kolkata,2012,43510,Diesel,Automatic,First,5.0,20.5,14.74,2993.0,270.9,Jaguar,8,litre,2.51,0.24,10.45833,0.17028493894165533
Jeep Compass 2.0 Limited 4X4,Mumbai,2017,52000,Diesel,Manual,First,5.0,20.0,16.3,1956.0,170.0,Jeep,3,litre,2.51,0.24,10.45833,0.15398773006134966
Land Rover Range Rover Evoque 2.0 TD4 HSE Dynamic,Kochi,2018,31427,Diesel,Automatic,First,5.0,59.72,15.68,1999.0,177.0,Land,2,litre,2.51,0.24,10.45833,0.1600765306122449
Maruti Baleno Alpha Diesel,Kolkata,2016,29000,Diesel,Manual,First,5.0,6.5,27.39,1248.0,74.0,Maruti,4,litre,2.51,0.24,10.45833,0.09163928441036874
Maruti Ciaz ZDi SHVS,Ahmedabad,2016,56000,Diesel,Manual,First,5.0,7.5,28.09,1248.0,88.5,Maruti,4,litre,2.51,0.24,10.45833,0.08935564257742969
Maruti SX4 Vxi BSIII,Jaipur,2007,76000,Petrol,Manual,Second,5.0,2.15,15.0,1586.0,104.68,Maruti,13,litre,2.1,0.22,9.545455,0.14
Hyundai Elantra CRDi SX,Coimbatore,2015,53615,Diesel,Manual,First,5.0,8.44,22.7,1582.0,126.24,Hyundai,5,litre,2.51,0.24,10.45833,0.11057268722466959
Mitsubishi Pajero Sport 4X4,Bangalore,2013,132000,Diesel,Manual,First,7.0,12.49,13.5,2477.0,175.56,Mitsubishi,7,litre,2.51,0.24,10.45833,0.1859259259259259
Volkswagen Ameo 1.2 MPI Comfortline,Pune,2017,14800,Petrol,Manual,First,5.0,5.48,17.0,1198.0,73.75,Volkswagen,3,litre,2.1,0.22,9.545455,0.12352941176470589
Maruti Ritz VXi,Hyderabad,2013,35433,Petrol,Manual,First,5.0,4.2,18.5,1197.0,85.8,Maruti,7,litre,2.1,0.22,9.545455,0.11351351351351352
Hyundai Verna CRDi SX,Hyderabad,2013,82966,Diesel,Manual,First,5.0,7.2,16.8,1493.0,110.0,Hyundai,7,litre,2.51,0.24,10.45833,0.14940476190476187
Maruti Swift Dzire Tour LDI,Jaipur,2014,96000,Diesel,Manual,First,5.0,4.8,23.4,1248.0,74.0,Maruti,6,litre,2.51,0.24,10.45833,0.10726495726495726
Mahindra KUV 100 mFALCON D75 K6,Kochi,2017,39528,Diesel,Manual,First,6.0,5.83,25.32,1198.0,77.0,Mahindra,3,litre,2.51,0.24,10.45833,0.09913112164296997
Toyota Innova Crysta 2.4 ZX MT,Coimbatore,2018,92056,Diesel,Manual,First,7.0,18.39,13.68,2393.0,147.8,Toyota,2,litre,2.51,0.24,10.45833,0.1834795321637427
Maruti Baleno Delta 1.2,Pune,2016,14930,Petrol,Manual,First,5.0,5.85,21.4,1197.0,83.1,Maruti,4,litre,2.1,0.22,9.545455,0.09813084112149534
Honda Jazz VX Diesel,Mumbai,2016,38000,Diesel,Manual,First,5.0,6.21,27.3,1498.0,98.6,Honda,4,litre,2.51,0.24,10.45833,0.09194139194139193
Hyundai i20 1.2 Asta,Delhi,2013,71000,Petrol,Manual,First,5.0,3.65,17.0,1197.0,80.0,Hyundai,7,litre,2.1,0.22,9.545455,0.12352941176470589
Hyundai i20 Sportz Diesel,Delhi,2012,71000,Diesel,Manual,First,5.0,3.7,23.0,1396.0,90.0,Hyundai,8,litre,2.51,0.24,10.45833,0.10913043478260868
Mercedes-Benz New C-Class C 220d Avantgarde Edition C,Pune,2015,50000,Diesel,Automatic,First,5.0,30.0,19.27,2143.0,167.62,Mercedes-Benz,5,litre,2.51,0.24,10.45833,0.1302542812662169
Hyundai Xcent 1.2 Kappa Base,Kochi,2016,48163,Petrol,Manual,First,5.0,4.85,19.1,1197.0,82.0,Hyundai,4,litre,2.1,0.22,9.545455,0.10994764397905758
Hyundai Grand i10 AT Asta,Coimbatore,2017,19168,Petrol,Automatic,First,5.0,6.93,18.9,1197.0,82.0,Hyundai,3,litre,2.1,0.22,9.545455,0.11111111111111112
Maruti Alto 800 VXI,Kolkata,2016,26000,Petrol,Manual,First,5.0,2.6,22.74,796.0,47.3,Maruti,4,litre,2.1,0.22,9.545455,0.09234828496042218
Chevrolet Sail Hatchback 1.2 LS,Kolkata,2014,37400,Petrol,Manual,First,5.0,1.89,18.2,1199.0,82.5,Chevrolet,6,litre,2.1,0.22,9.545455,0.11538461538461539
Mercedes-Benz C-Class Progressive C 220d,Mumbai,2018,8682,Diesel,Automatic,First,5.0,39.5,0.0,1950.0,194.0,Mercedes-Benz,2,litre,2.51,0.24,10.45833,0.12352941176470589
Skoda Superb Elegance 1.8 TSI AT,Mumbai,2012,95000,Petrol,Automatic,First,5.0,10.0,13.7,1798.0,157.75,Skoda,8,litre,2.1,0.22,9.545455,0.15328467153284672
Audi A4 2.0 TDI,Kolkata,2009,34000,Diesel,Automatic,First,5.0,9.95,16.55,1968.0,147.51,Audi,11,litre,2.51,0.24,10.45833,0.15166163141993955
Toyota Innova 2.5 G (Diesel) 7 Seater BS IV,Mumbai,2014,95000,Diesel,Manual,Second,8.0,9.45,12.8,2494.0,102.0,Toyota,6,litre,2.51,0.24,10.45833,0.19609374999999998
Mercedes-Benz CLA 200 CDI Sport,Coimbatore,2017,13689,Diesel,Automatic,First,5.0,28.25,17.9,2143.0,136.0,Mercedes-Benz,3,litre,2.51,0.24,10.45833,0.14022346368715083
Hyundai i10 Era,Jaipur,2008,84000,Petrol,Manual,Second,5.0,1.8,19.81,1086.0,68.05,Hyundai,12,litre,2.1,0.22,9.545455,0.1060070671378092
Maruti Swift Dzire VXi,Kolkata,2008,47000,Petrol,Manual,Second,5.0,1.4,17.5,1298.0,85.8,Maruti,12,litre,2.1,0.22,9.545455,0.12000000000000001
Skoda Rapid 1.5 TDI AT Ambition,Ahmedabad,2015,60001,Diesel,Automatic,First,5.0,7.25,21.66,1498.0,103.52,Skoda,5,litre,2.51,0.24,10.45833,0.11588180978762695
Maruti Ritz VDi,Hyderabad,2012,96000,Diesel,Manual,First,5.0,3.6,21.1,1248.0,73.9,Maruti,8,litre,2.51,0.24,10.45833,0.11895734597156396
Hyundai Accent GLS 1.6,Jaipur,2004,47300,Petrol,Manual,Second,5.0,1.2,14.4,1599.0,94.0,Hyundai,16,litre,2.1,0.22,9.545455,0.14583333333333334
Honda Amaze SX i-VTEC,Coimbatore,2014,28246,Petrol,Manual,Second,5.0,4.94,17.8,1198.0,86.7,Honda,6,litre,2.1,0.22,9.545455,0.11797752808988764
Maruti Wagon R LXI,Delhi,2007,65000,Petrol,Manual,Second,5.0,1.25,18.9,998.0,67.1,Maruti,13,litre,2.1,0.22,9.545455,0.11111111111111112
Volkswagen Polo Diesel Comfortline 1.2L,Chennai,2013,68000,Diesel,Manual,Second,5.0,4.8,22.07,1199.0,73.9,Volkswagen,7,litre,2.51,0.24,10.45833,0.11372904395106478
Ford Endeavour 2.2 Trend AT 4X2,Kochi,2019,11209,Diesel,Automatic,First,7.0,31.15,12.62,2198.0,158.0,Ford,1,litre,2.51,0.24,10.45833,0.19889064976228207
Hyundai i20 1.2 Sportz,Pune,2011,41980,Petrol,Manual,Second,5.0,3.3,17.0,1197.0,80.0,Hyundai,9,litre,2.1,0.22,9.545455,0.12352941176470589
Chevrolet Beat Diesel PS,Bangalore,2012,65000,Diesel,Manual,First,5.0,2.4,25.44,936.0,57.6,Chevrolet,8,litre,2.51,0.24,10.45833,0.09866352201257861
Honda Civic 2010-2013 1.8 V MT,Kolkata,2010,38000,Petrol,Manual,First,5.0,2.0,14.8,1799.0,130.2,Honda,10,litre,2.1,0.22,9.545455,0.14189189189189189
Maruti Wagon R VXI BS IV,Pune,2014,51000,Petrol,Manual,First,5.0,3.1,20.51,998.0,67.04,Maruti,6,litre,2.1,0.22,9.545455,0.10238907849829351
Skoda Rapid 1.6 MPI Ambition Plus,Kochi,2014,33855,Petrol,Manual,First,5.0,5.09,15.0,1598.0,103.6,Skoda,6,litre,2.1,0.22,9.545455,0.14
Maruti Baleno Vxi - BSIII,Pune,2006,146000,Petrol,Manual,Second,5.0,1.05,15.4,1590.0,94.0,Maruti,14,litre,2.1,0.22,9.545455,0.13636363636363635
Ford EcoSport 1.5 TDCi Titanium,Bangalore,2015,47037,Diesel,Manual,Second,5.0,7.0,22.77,1498.0,98.59,Ford,5,litre,2.51,0.24,10.45833,0.11023276240667544
Hyundai Accent GLE,Ahmedabad,2010,58000,Petrol,Manual,Second,5.0,2.5,13.2,1495.0,94.0,Hyundai,10,litre,2.1,0.22,9.545455,0.15909090909090912
BMW 5 Series 520d Luxury Line,Mumbai,2012,61240,Diesel,Automatic,First,5.0,17.5,22.48,1995.0,190.0,BMW,8,litre,2.51,0.24,10.45833,0.11165480427046262
Maruti Alto K10 2010-2014 VXI,Chennai,2011,91211,Petrol,Manual,First,5.0,2.1,20.92,998.0,67.1,Maruti,9,litre,2.1,0.22,9.545455,0.10038240917782026
Audi Q3 2012-2015 2.0 TDI Quattro Premium Plus,Bangalore,2013,84000,Diesel,Automatic,First,5.0,17.75,15.73,1968.0,174.33,Audi,7,litre,2.51,0.24,10.45833,0.15956770502225046
Maruti Wagon R LXI DUO BSIII,Mumbai,2008,64226,LPG,Manual,First,5.0,1.45,17.3,1061.0,57.5,Maruti,12,litre,1.56,0.21,7.428571,0.09017341040462427
Toyota Corolla H4,Bangalore,2005,67000,Petrol,Automatic,Second,5.0,2.45,11.3,1794.0,125.0,Toyota,15,litre,2.1,0.22,9.545455,0.18584070796460175
Volvo XC60 D5,Pune,2011,106976,Diesel,Automatic,First,5.0,13.8,13.5,2400.0,215.0,Volvo,9,litre,2.51,0.24,10.45833,0.1859259259259259
Honda Jazz 1.5 VX i DTEC,Kolkata,2016,27210,Diesel,Manual,First,5.0,5.85,27.3,1498.0,98.6,Honda,4,litre,2.51,0.24,10.45833,0.09194139194139193
Maruti Ciaz 1.3 Alpha,Delhi,2017,26322,Diesel,Manual,First,5.0,8.9,28.09,1248.0,88.5,Maruti,3,litre,2.51,0.24,10.45833,0.08935564257742969
Maruti Swift VXI BSIV,Mumbai,2016,9107,Petrol,Manual,First,5.0,5.15,20.4,1197.0,81.8,Maruti,4,litre,2.1,0.22,9.545455,0.10294117647058824
Mercedes-Benz New C-Class C 220 CDI Avantgarde,Kochi,2015,63983,Diesel,Automatic,First,5.0,16.56,19.27,2143.0,170.0,Mercedes-Benz,5,litre,2.51,0.24,10.45833,0.1302542812662169
Maruti Wagon R VXI Minor,Chennai,2010,134000,Petrol,Manual,Second,5.0,1.65,18.9,1061.0,67.0,Maruti,10,litre,2.1,0.22,9.545455,0.11111111111111112
Mercedes-Benz A Class A180 Sport,Pune,2015,11000,Petrol,Automatic,First,5.0,16.0,15.5,1595.0,120.7,Mercedes-Benz,5,litre,2.1,0.22,9.545455,0.13548387096774195
Hyundai Santro Xing GL,Pune,2008,93000,Petrol,Manual,First,5.0,1.45,0.0,1086.0,62.0,Hyundai,12,litre,2.1,0.22,9.545455,0.12352941176470589
Maruti Swift Dzire AMT ZDI,Coimbatore,2017,24852,Diesel,Automatic,First,5.0,8.08,26.59,1248.0,74.0,Maruti,3,litre,2.51,0.24,10.45833,0.09439638962015795
Hyundai Grand i10 AT Asta,Pune,2014,37632,Petrol,Automatic,First,5.0,4.5,18.9,1197.0,82.0,Hyundai,6,litre,2.1,0.22,9.545455,0.11111111111111112
Nissan Sunny 2011-2014 XV Special Edition,Chennai,2013,55000,Petrol,Manual,Second,5.0,4.3,16.95,1498.0,97.7,Nissan,7,litre,2.1,0.22,9.545455,0.12389380530973453
Maruti A-Star Lxi,Hyderabad,2010,81448,Petrol,Manual,First,5.0,2.6,19.0,998.0,66.1,Maruti,10,litre,2.1,0.22,9.545455,0.1105263157894737
Renault KWID RXT Optional,Hyderabad,2018,1900,Petrol,Manual,First,5.0,4.45,25.17,799.0,53.3,Renault,2,litre,2.1,0.22,9.545455,0.08343265792610251
Hyundai Verna 1.6 SX VTVT (O) AT,Coimbatore,2012,54957,Petrol,Automatic,First,5.0,5.37,17.1,1591.0,121.4,Hyundai,8,litre,2.1,0.22,9.545455,0.12280701754385964
Maruti Wagon R LXI Minor,Chennai,2008,55000,Petrol,Manual,Second,5.0,1.75,18.9,1061.0,67.0,Maruti,12,litre,2.1,0.22,9.545455,0.11111111111111112
BMW 3 Series 320d Sport Line,Kolkata,2013,21983,Diesel,Automatic,First,5.0,16.5,18.88,1995.0,184.0,BMW,7,litre,2.51,0.24,10.45833,0.1329449152542373
BMW 5 Series 2003-2012 520d,Delhi,2013,76000,Diesel,Automatic,First,5.0,19.0,18.48,1995.0,177.0,BMW,7,litre,2.51,0.24,10.45833,0.13582251082251082
Tata Indigo CS eVX,Jaipur,2016,65000,Diesel,Manual,First,5.0,2.8,25.0,1396.0,69.01,Tata,4,litre,2.51,0.24,10.45833,0.10039999999999999
Hyundai i20 Sportz 1.4 CRDi,Hyderabad,2015,26000,Diesel,Manual,First,5.0,6.2,22.54,1396.0,88.73,Hyundai,5,litre,2.51,0.24,10.45833,0.11135758651286601
Maruti Omni E MPI STD BS IV,Kochi,2019,11571,Petrol,Manual,First,8.0,3.8,16.8,796.0,34.2,Maruti,1,litre,2.1,0.22,9.545455,0.125
Maruti Swift ZDi,Hyderabad,2014,81000,Diesel,Manual,First,5.0,6.1,25.2,1248.0,74.0,Maruti,6,litre,2.51,0.24,10.45833,0.0996031746031746
Ford Ecosport Signature Edition Diesel,Coimbatore,2019,23154,Diesel,Manual,First,5.0,11.65,23.0,1498.0,98.96,Ford,1,litre,2.51,0.24,10.45833,0.10913043478260868
Honda Brio VX AT,Mumbai,2014,26856,Petrol,Automatic,First,5.0,4.15,16.5,1198.0,86.8,Honda,6,litre,2.1,0.22,9.545455,0.1272727272727273
Toyota Innova Crysta 2.4 GX MT,Chennai,2017,67489,Diesel,Manual,First,7.0,16.5,13.68,2393.0,147.8,Toyota,3,litre,2.51,0.24,10.45833,0.1834795321637427
Mahindra Scorpio 2.6 LX,Bangalore,2008,176000,Diesel,Manual,Second,8.0,4.3,10.5,2179.0,120.0,Mahindra,12,litre,2.51,0.24,10.45833,0.23904761904761904
Hyundai i20 1.2 Magna,Kolkata,2010,18000,Petrol,Manual,First,5.0,2.25,18.5,1197.0,80.0,Hyundai,10,litre,2.1,0.22,9.545455,0.11351351351351352
Hyundai Verna 1.6 SX,Ahmedabad,2014,63003,Diesel,Manual,First,5.0,6.75,22.32,1582.0,126.32,Hyundai,6,litre,2.51,0.24,10.45833,0.11245519713261648
Mahindra XUV500 W6 2WD,Chennai,2014,80000,Diesel,Manual,First,7.0,9.4,15.1,2179.0,140.0,Mahindra,6,litre,2.51,0.24,10.45833,0.1662251655629139
Volkswagen Vento 1.5 TDI Comfortline,Coimbatore,2014,56658,Diesel,Manual,First,5.0,5.39,20.64,1498.0,108.5,Volkswagen,6,litre,2.51,0.24,10.45833,0.12160852713178293
Maruti Swift Dzire VDI Optional,Kochi,2019,18592,Diesel,Manual,First,5.0,8.51,26.59,1248.0,74.0,Maruti,1,litre,2.51,0.24,10.45833,0.09439638962015795
Tata Manza Aura Safire BS IV,Pune,2010,75695,Petrol,Manual,First,5.0,1.85,13.7,1368.0,88.8,Tata,10,litre,2.1,0.22,9.545455,0.15328467153284672
Maruti Swift VDI,Kolkata,2012,82000,Diesel,Manual,Second,5.0,2.5,22.9,1248.0,74.0,Maruti,8,litre,2.51,0.24,10.45833,0.10960698689956332
Volkswagen Polo Diesel Highline 1.2L,Chennai,2013,60000,Diesel,Manual,First,5.0,4.75,22.07,1199.0,73.9,Volkswagen,7,litre,2.51,0.24,10.45833,0.11372904395106478
Honda City 1.5 V MT,Pune,2009,138000,Petrol,Manual,Second,5.0,3.5,17.0,1497.0,118.0,Honda,11,litre,2.1,0.22,9.545455,0.12352941176470589
Hyundai i20 Asta (o) 1.4 CRDi (Diesel),Bangalore,2014,67000,Diesel,Manual,First,5.0,5.5,23.0,1396.0,90.0,Hyundai,6,litre,2.51,0.24,10.45833,0.10913043478260868
Honda City 1.5 V MT,Coimbatore,2012,42750,Petrol,Manual,First,5.0,6.33,17.0,1497.0,118.0,Honda,8,litre,2.1,0.22,9.545455,0.12352941176470589
Chevrolet Beat Diesel,Kochi,2014,52398,Diesel,Manual,First,5.0,2.47,25.44,936.0,57.6,Chevrolet,6,litre,2.51,0.24,10.45833,0.09866352201257861
Chevrolet Spark 1.0 LS,Kochi,2014,36657,Petrol,Manual,First,5.0,3.3,16.2,995.0,62.1,Chevrolet,6,litre,2.1,0.22,9.545455,0.12962962962962965
Tata New Safari DICOR 2.2 EX 4x2,Delhi,2011,77000,Diesel,Manual,Second,7.0,3.5,11.57,2179.0,138.1,Tata,9,litre,2.51,0.24,10.45833,0.21694036300777872
Mercedes-Benz GL-Class 350 CDI Blue Efficiency,Delhi,2014,85000,Diesel,Automatic,First,7.0,38.75,11.3,2987.0,254.8,Mercedes-Benz,6,litre,2.51,0.24,10.45833,0.2221238938053097
BMW 5 Series 2003-2012 530d Highline,Pune,2008,112500,Diesel,Automatic,First,5.0,7.99,11.5,2993.0,235.0,BMW,12,litre,2.51,0.24,10.45833,0.21826086956521737
Toyota Fortuner 2.8 4WD MT,Kochi,2013,105072,Diesel,Manual,First,7.0,13.28,14.24,2755.0,174.5,Toyota,7,litre,2.51,0.24,10.45833,0.1762640449438202
BMW X1 sDrive 18i,Pune,2012,80000,Petrol,Automatic,First,5.0,9.5,11.25,1995.0,150.0,BMW,8,litre,2.1,0.22,9.545455,0.18666666666666668
Renault Captur 1.5 Diesel Platine Mono,Kochi,2019,3102,Diesel,Manual,First,5.0,14.01,20.37,1461.0,108.45,Renault,1,litre,2.51,0.24,10.45833,0.12322042218949433
Hyundai Xcent 1.1 CRDi S,Coimbatore,2016,14656,Diesel,Manual,First,5.0,6.99,24.4,1120.0,71.0,Hyundai,4,litre,2.51,0.24,10.45833,0.10286885245901639
BMW 3 Series 320d,Hyderabad,2010,105000,Diesel,Automatic,Second,5.0,11.0,13.2,1995.0,170.0,BMW,10,litre,2.51,0.24,10.45833,0.19015151515151515
BMW 5 Series 2010-2013 525i,Hyderabad,2008,61000,Petrol,Automatic,Second,5.0,11.0,10.8,2497.0,215.0,BMW,12,litre,2.1,0.22,9.545455,0.19444444444444445
Nissan Micra XE,Pune,2010,85046,Petrol,Manual,Second,5.0,2.3,18.06,1198.0,75.0,Nissan,10,litre,2.1,0.22,9.545455,0.11627906976744187
Jaguar XF 2.2 Litre Luxury,Delhi,2014,48000,Diesel,Automatic,First,5.0,26.5,16.36,2179.0,187.7,Jaguar,6,litre,2.51,0.24,10.45833,0.15342298288508557
Land Rover Range Rover TDV8 (Diesel),Bangalore,2011,55000,Diesel,Automatic,First,7.0,67.0,10.2,4367.0,308.0,Land,9,litre,2.51,0.24,10.45833,0.246078431372549
Jeep Compass 1.4 Limited Option,Mumbai,2017,4000,Petrol,Automatic,First,5.0,17.75,16.0,1368.0,160.0,Jeep,3,litre,2.1,0.22,9.545455,0.13125
Honda CR-V 2.4 AT,Delhi,2010,94000,Petrol,Automatic,Second,5.0,4.8,10.1,2354.0,152.0,Honda,10,litre,2.1,0.22,9.545455,0.20792079207920794
Maruti Swift VXI,Coimbatore,2013,61110,Petrol,Manual,First,5.0,4.57,18.6,1197.0,85.8,Maruti,7,litre,2.1,0.22,9.545455,0.11290322580645161
Hyundai Xcent 1.1 CRDi S,Chennai,2016,80000,Diesel,Manual,First,5.0,3.5,24.4,1120.0,71.0,Hyundai,4,litre,2.51,0.24,10.45833,0.10286885245901639
Nissan Terrano XV Premium 110 PS,Kochi,2015,43190,Diesel,Manual,First,5.0,7.61,19.01,1461.0,108.5,Nissan,5,litre,2.51,0.24,10.45833,0.13203577064702784
Audi A4 35 TDI Technology,Hyderabad,2015,45000,Diesel,Automatic,First,5.0,25.0,18.25,1968.0,187.74,Audi,5,litre,2.51,0.24,10.45833,0.13753424657534247
Hyundai Grand i10 Asta Option,Coimbatore,2016,44178,Petrol,Manual,First,5.0,5.88,18.9,1197.0,82.0,Hyundai,4,litre,2.1,0.22,9.545455,0.11111111111111112
Toyota Innova 2.5 G (Diesel) 8 Seater,Hyderabad,2015,84415,Diesel,Manual,First,8.0,13.5,12.99,2494.0,100.6,Toyota,5,litre,2.51,0.24,10.45833,0.193225558121632
Hyundai i20 1.2 Magna,Kolkata,2015,35000,Petrol,Manual,First,5.0,4.6,18.5,1197.0,80.0,Hyundai,5,litre,2.1,0.22,9.545455,0.11351351351351352
Ford EcoSport 1.5 TDCi Titanium,Kolkata,2013,44000,Diesel,Manual,First,5.0,4.9,22.77,1498.0,98.59,Ford,7,litre,2.51,0.24,10.45833,0.11023276240667544
Honda City 1.5 S MT,Hyderabad,2012,67635,Petrol,Manual,First,5.0,5.25,17.0,1497.0,118.0,Honda,8,litre,2.1,0.22,9.545455,0.12352941176470589
Ford EcoSport 1.5 Petrol Titanium Plus AT,Coimbatore,2018,18385,Petrol,Automatic,First,5.0,12.41,14.8,1497.0,121.36,Ford,2,litre,2.1,0.22,9.545455,0.14189189189189189
Volkswagen Polo Diesel Highline 1.2L,Kolkata,2014,35000,Diesel,Manual,First,5.0,3.8,22.07,1199.0,73.9,Volkswagen,6,litre,2.51,0.24,10.45833,0.11372904395106478
Mercedes-Benz New C-Class C 220 CDI Avantgarde,Mumbai,2010,49000,Diesel,Automatic,First,5.0,8.95,19.27,2143.0,170.0,Mercedes-Benz,10,litre,2.51,0.24,10.45833,0.1302542812662169
Ford Ecosport 1.5 DV5 MT Titanium,Hyderabad,2013,69000,Diesel,Manual,First,5.0,7.2,22.7,1498.0,89.84,Ford,7,litre,2.51,0.24,10.45833,0.11057268722466959
Tata Indigo GLE,Hyderabad,2017,23228,Petrol,Manual,First,5.0,4.5,14.4,1396.0,65.0,Tata,3,litre,2.1,0.22,9.545455,0.14583333333333334
Maruti Swift Dzire LDI,Delhi,2014,68462,Diesel,Manual,First,5.0,4.15,26.59,1248.0,74.0,Maruti,6,litre,2.51,0.24,10.45833,0.09439638962015795
Maruti S-Cross Zeta DDiS 200 SH,Coimbatore,2016,74611,Diesel,Manual,First,5.0,7.94,25.1,1248.0,88.5,Maruti,4,litre,2.51,0.24,10.45833,0.09999999999999999
Renault Duster 110PS Diesel RxZ Pack,Pune,2014,90000,Diesel,Manual,First,5.0,7.25,19.01,1461.0,108.45,Renault,6,litre,2.51,0.24,10.45833,0.13203577064702784
Maruti Wagon R VXI,Delhi,2016,22000,Petrol,Manual,First,5.0,3.7,18.9,998.0,67.1,Maruti,4,litre,2.1,0.22,9.545455,0.11111111111111112
Hyundai Santro Xing GL,Hyderabad,2010,58163,Petrol,Manual,First,5.0,2.45,0.0,1086.0,62.0,Hyundai,10,litre,2.1,0.22,9.545455,0.12352941176470589
Chevrolet Beat Diesel LT,Chennai,2011,109500,Diesel,Manual,Third,5.0,1.5,25.44,936.0,57.6,Chevrolet,9,litre,2.51,0.24,10.45833,0.09866352201257861
Mahindra XUV500 W4 1.99 mHawk,Delhi,2017,13363,Diesel,Manual,First,7.0,12.0,16.0,1997.0,140.0,Mahindra,3,litre,2.51,0.24,10.45833,0.156875
Hyundai i10 Era 1.1,Delhi,2012,51000,Petrol,Manual,Second,5.0,2.2,19.81,1086.0,68.05,Hyundai,8,litre,2.1,0.22,9.545455,0.1060070671378092
Tata New Safari DICOR 2.2 EX 4x4,Hyderabad,2007,103000,Diesel,Manual,First,7.0,3.6,13.93,2179.0,138.0,Tata,13,litre,2.51,0.24,10.45833,0.18018664752333094
Hyundai i10 Sportz,Kolkata,2009,43002,Petrol,Manual,First,5.0,1.92,20.36,1197.0,78.9,Hyundai,11,litre,2.1,0.22,9.545455,0.1031434184675835
Toyota Innova Crysta 2.8 ZX AT,Bangalore,2016,108000,Diesel,Automatic,First,7.0,20.5,11.36,2755.0,171.5,Toyota,4,litre,2.51,0.24,10.45833,0.2209507042253521
Skoda Laura Elegance MT,Jaipur,2010,82407,Diesel,Manual,First,5.0,4.25,17.5,1896.0,106.0,Skoda,10,litre,2.51,0.24,10.45833,0.1434285714285714
Hyundai Grand i10 Sportz,Kolkata,2013,29000,Petrol,Manual,First,5.0,3.2,18.9,1197.0,82.0,Hyundai,7,litre,2.1,0.22,9.545455,0.11111111111111112
Toyota Etios Liva GD,Pune,2012,225000,Diesel,Manual,Second,5.0,2.6,23.59,1364.0,97.7,Toyota,8,litre,2.51,0.24,10.45833,0.10640101738024586
Maruti Swift Dzire VDI,Kolkata,2014,45000,Diesel,Manual,First,5.0,3.85,23.4,1248.0,74.0,Maruti,6,litre,2.51,0.24,10.45833,0.10726495726495726
Hyundai i20 Asta 1.4 CRDi (Diesel),Kochi,2010,93401,Diesel,Manual,First,5.0,3.48,23.0,1396.0,90.0,Hyundai,10,litre,2.51,0.24,10.45833,0.10913043478260868
Ford Figo 2015-2019 1.5D Trend MT,Hyderabad,2017,95802,Diesel,Manual,Second,5.0,4.55,25.83,1498.0,99.0,Ford,3,litre,2.51,0.24,10.45833,0.09717382888114595
Maruti Ertiga VDI,Pune,2016,130000,Diesel,Manual,First,7.0,7.0,25.47,1248.0,88.5,Maruti,4,litre,2.51,0.24,10.45833,0.09854731056144483
Maruti Ertiga ZDI,Ahmedabad,2013,67443,Diesel,Manual,First,7.0,5.75,20.77,1248.0,88.8,Maruti,7,litre,2.51,0.24,10.45833,0.12084737602311024
Honda City 1.5 V AT Sunroof,Kochi,2016,47681,Petrol,Automatic,First,5.0,8.73,16.8,1497.0,116.3,Honda,4,litre,2.1,0.22,9.545455,0.125
Maruti Alto LXi BSIII,Hyderabad,2009,35000,Petrol,Manual,First,5.0,1.7,19.7,796.0,46.3,Maruti,11,litre,2.1,0.22,9.545455,0.10659898477157362
Ford Endeavour 3.2 Titanium AT 4X4,Hyderabad,2016,68000,Diesel,Automatic,First,7.0,29.5,10.91,3198.0,197.0,Ford,4,litre,2.51,0.24,10.45833,0.23006416131989
Maruti Vitara Brezza ZDi Plus,Kochi,2019,34688,Diesel,Manual,First,5.0,10.49,24.3,1248.0,88.5,Maruti,1,litre,2.51,0.24,10.45833,0.10329218106995884
Porsche Boxster S tiptronic,Kolkata,2015,10512,Petrol,Automatic,First,2.0,64.0,8.6,2706.0,265.0,Porsche,5,litre,2.1,0.22,9.545455,0.24418604651162792
Maruti Swift ZDi,Pune,2016,58000,Diesel,Manual,First,5.0,7.55,22.9,1248.0,74.0,Maruti,4,litre,2.51,0.24,10.45833,0.10960698689956332
Tata Zest Revotron 1.2 XT,Mumbai,2014,40000,Petrol,Manual,First,5.0,3.95,17.57,1193.0,88.7,Tata,6,litre,2.1,0.22,9.545455,0.11952191235059761
Hyundai i20 1.2 Sportz Option,Bangalore,2010,61000,Petrol,Manual,Fourth & Above,5.0,3.25,17.0,1197.0,80.0,Hyundai,10,litre,2.1,0.22,9.545455,0.12352941176470589
Skoda Fabia 1.4 TDI Active,Mumbai,2009,86000,Diesel,Manual,First,5.0,2.75,19.4,1422.0,70.0,Skoda,11,litre,2.51,0.24,10.45833,0.12938144329896908
Toyota Corolla Altis D-4D J,Kolkata,2015,45000,Diesel,Manual,First,5.0,7.35,21.43,1364.0,87.2,Toyota,5,litre,2.51,0.24,10.45833,0.11712552496500232
Volkswagen Ameo 1.2 MPI Comfortline,Ahmedabad,2017,55000,Petrol,Manual,First,5.0,4.7,17.0,1198.0,73.75,Volkswagen,3,litre,2.1,0.22,9.545455,0.12352941176470589
Hyundai Creta 1.6 VTVT S,Kochi,2016,36855,Petrol,Manual,Second,5.0,8.77,15.29,1591.0,121.3,Hyundai,4,litre,2.1,0.22,9.545455,0.13734466971877046
Hyundai i10 Magna 1.2,Kochi,2013,46821,Petrol,Manual,First,5.0,3.42,20.36,1197.0,78.9,Hyundai,7,litre,2.1,0.22,9.545455,0.1031434184675835
Chevrolet Beat LS,Kolkata,2015,120000,Petrol,Manual,First,5.0,2.5,18.6,1199.0,76.8,Chevrolet,5,litre,2.1,0.22,9.545455,0.11290322580645161
Jaguar XF 3.0 Litre S Premium Luxury,Kolkata,2012,29000,Diesel,Automatic,First,5.0,20.0,14.74,2993.0,270.9,Jaguar,8,litre,2.51,0.24,10.45833,0.17028493894165533
Nissan Terrano XL,Mumbai,2014,40000,Petrol,Manual,First,5.0,5.25,13.24,1598.0,102.5,Nissan,6,litre,2.1,0.22,9.545455,0.15861027190332327
Audi Q3 2012-2015 2.0 TDI Quattro Premium Plus,Delhi,2013,60000,Diesel,Automatic,Second,5.0,14.5,15.73,1968.0,174.33,Audi,7,litre,2.51,0.24,10.45833,0.15956770502225046
Hyundai i10 Asta AT,Mumbai,2011,64984,Petrol,Automatic,First,5.0,3.45,16.95,1197.0,78.9,Hyundai,9,litre,2.1,0.22,9.545455,0.12389380530973453
Maruti Alto K10 VXI AGS,Pune,2015,73204,Petrol,Automatic,First,5.0,3.3,24.07,998.0,67.1,Maruti,5,litre,2.1,0.22,9.545455,0.08724553385957624
Audi Q7 4.2 TDI Quattro Technology,Bangalore,2014,50000,Diesel,Automatic,First,7.0,51.0,11.33,4134.0,335.2,Audi,6,litre,2.51,0.24,10.45833,0.22153574580759045
Maruti Vitara Brezza VDi,Kolkata,2017,35000,Diesel,Manual,First,5.0,6.5,24.3,1248.0,88.5,Maruti,3,litre,2.51,0.24,10.45833,0.10329218106995884
Hyundai EON D Lite Plus,Hyderabad,2013,17729,Petrol,Manual,First,5.0,3.65,21.1,814.0,55.2,Hyundai,7,litre,2.1,0.22,9.545455,0.0995260663507109
Mahindra XUV300 W8 Diesel,Chennai,2012,97000,Diesel,Manual,First,5.0,7.25,20.0,1497.0,115.0,Mahindra,8,litre,2.51,0.24,10.45833,0.1255
Hyundai Verna CRDi 1.6 SX Option,Kochi,2014,89614,Diesel,Manual,First,5.0,6.01,22.0,1582.0,126.2,Hyundai,6,litre,2.51,0.24,10.45833,0.11409090909090908
Maruti Wagon R VXI,Kolkata,2015,14000,Petrol,Manual,First,5.0,2.8,18.9,998.0,67.1,Maruti,5,litre,2.1,0.22,9.545455,0.11111111111111112
Hyundai i20 Sportz Option,Chennai,2012,50000,Petrol,Manual,First,5.0,4.0,17.0,1197.0,80.0,Hyundai,8,litre,2.1,0.22,9.545455,0.12352941176470589
Honda City i VTEC V,Delhi,2014,62505,Petrol,Manual,First,5.0,5.95,17.4,1497.0,117.3,Honda,6,litre,2.1,0.22,9.545455,0.12068965517241381
Toyota Innova 2.5 V Diesel 7-seater,Chennai,2011,248000,Diesel,Manual,Second,7.0,9.2,12.8,2494.0,102.0,Toyota,9,litre,2.51,0.24,10.45833,0.19609374999999998
Hyundai Verna CRDi SX,Pune,2012,94900,Diesel,Manual,First,5.0,5.35,16.8,1493.0,110.0,Hyundai,8,litre,2.51,0.24,10.45833,0.14940476190476187
Tata Hexa XT,Delhi,2017,55000,Diesel,Manual,First,7.0,12.0,17.6,2179.0,153.86,Tata,3,litre,2.51,0.24,10.45833,0.14261363636363633
Audi Q7 3.0 TDI Quattro Premium Plus,Coimbatore,2015,53735,Diesel,Automatic,Second,7.0,38.94,12.07,2967.0,241.4,Audi,5,litre,2.51,0.24,10.45833,0.20795360397680196
Maruti Wagon R VXI,Coimbatore,2008,53934,Petrol,Manual,Second,5.0,2.69,18.9,998.0,67.1,Maruti,12,litre,2.1,0.22,9.545455,0.11111111111111112
BMW 5 Series 2013-2017 525d Luxury Line,Bangalore,2013,58500,Diesel,Automatic,Second,5.0,27.5,17.09,1995.0,218.0,BMW,7,litre,2.51,0.24,10.45833,0.14686951433586892
Honda Amaze EX i-Vtech,Kolkata,2014,48000,Petrol,Manual,First,5.0,2.75,18.0,1198.0,86.7,Honda,6,litre,2.1,0.22,9.545455,0.11666666666666667
Maruti Alto 800 2016-2019 LXI,Mumbai,2016,24000,Petrol,Manual,First,5.0,2.8,24.7,796.0,47.3,Maruti,4,litre,2.1,0.22,9.545455,0.08502024291497977
Hyundai Verna 1.6 SX VTVT,Mumbai,2016,52001,Petrol,Manual,First,5.0,6.45,17.01,1591.0,121.3,Hyundai,4,litre,2.1,0.22,9.545455,0.12345679012345678
Tata Tiago 1.2 Revotron XZ,Coimbatore,2018,9565,Petrol,Manual,First,5.0,5.88,23.84,1199.0,84.0,Tata,2,litre,2.1,0.22,9.545455,0.08808724832214765
Maruti Swift LXI,Pune,2013,32953,Petrol,Manual,First,5.0,4.65,18.6,1197.0,85.8,Maruti,7,litre,2.1,0.22,9.545455,0.11290322580645161
Hyundai EON Era,Jaipur,2014,18000,Petrol,Manual,First,5.0,2.5,21.1,814.0,55.2,Hyundai,6,litre,2.1,0.22,9.545455,0.0995260663507109
Mercedes-Benz E-Class E 220 d,Kochi,2018,20446,Petrol,Automatic,First,5.0,51.35,12.6,1950.0,191.34,Mercedes-Benz,2,litre,2.1,0.22,9.545455,0.16666666666666669
Hyundai i20 Magna 1.4 CRDi,Hyderabad,2016,33016,Diesel,Manual,First,5.0,6.85,22.54,1396.0,88.73,Hyundai,4,litre,2.51,0.24,10.45833,0.11135758651286601
Toyota Etios VD,Chennai,2012,48000,Diesel,Manual,First,5.0,5.25,23.59,1364.0,67.05,Toyota,8,litre,2.51,0.24,10.45833,0.10640101738024586
Toyota Corolla Altis Diesel D4DG,Coimbatore,2014,72022,Diesel,Manual,First,5.0,9.23,21.43,1364.0,87.2,Toyota,6,litre,2.51,0.24,10.45833,0.11712552496500232
Mini Cooper 5 DOOR D,Ahmedabad,2014,34000,Diesel,Automatic,First,5.0,22.0,20.7,1496.0,113.98,Mini,6,litre,2.51,0.24,10.45833,0.121256038647343
Volkswagen Polo 1.5 TDI Highline,Hyderabad,2014,69000,Diesel,Manual,First,5.0,5.19,20.14,1498.0,88.8,Volkswagen,6,litre,2.51,0.24,10.45833,0.12462760675273087
Skoda Superb Elegance 1.8 TSI AT,Pune,2009,108000,Petrol,Automatic,First,5.0,4.35,13.7,1798.0,157.75,Skoda,11,litre,2.1,0.22,9.545455,0.15328467153284672
Mercedes-Benz E-Class 2009-2013 E 220 CDI Avantgarde,Hyderabad,2013,34700,Diesel,Automatic,First,5.0,24.5,10.0,2148.0,170.0,Mercedes-Benz,7,litre,2.51,0.24,10.45833,0.251
Maruti Swift VDi BSIII W/ ABS,Pune,2015,79000,Diesel,Manual,First,5.0,5.75,17.8,1248.0,75.0,Maruti,5,litre,2.51,0.24,10.45833,0.14101123595505616
Honda City i VTEC CVT VX,Kochi,2016,58197,Petrol,Automatic,First,5.0,9.19,18.0,1497.0,117.3,Honda,4,litre,2.1,0.22,9.545455,0.11666666666666667
BMW 7 Series 2007-2012 740Li,Pune,2008,66000,Petrol,Automatic,Second,5.0,10.75,8.45,2979.0,321.0,BMW,12,litre,2.1,0.22,9.545455,0.24852071005917162
Hyundai i10 Magna AT,Bangalore,2009,60000,Petrol,Automatic,First,5.0,2.99,19.2,1197.0,80.0,Hyundai,11,litre,2.1,0.22,9.545455,0.10937500000000001
Maruti Swift Dzire VDI,Kolkata,2014,57000,Diesel,Manual,First,5.0,3.89,26.59,1248.0,74.0,Maruti,6,litre,2.51,0.24,10.45833,0.09439638962015795
Honda City i DTec VX,Coimbatore,2018,45555,Diesel,Manual,First,5.0,11.73,26.0,1498.0,98.6,Honda,2,litre,2.51,0.24,10.45833,0.09653846153846153
Maruti Omni 8 Seater BSIV,Coimbatore,2016,55137,Petrol,Manual,First,5.0,3.11,14.0,796.0,35.0,Maruti,4,litre,2.1,0.22,9.545455,0.15
Skoda Superb 2009-2014 Elegance 2.0 TDI MT,Jaipur,2014,93325,Diesel,Manual,Second,5.0,14.45,17.2,1968.0,138.1,Skoda,6,litre,2.51,0.24,10.45833,0.14593023255813953
Maruti Ertiga SHVS VDI,Ahmedabad,2018,38000,Diesel,Manual,First,7.0,8.7,24.52,1248.0,88.5,Maruti,2,litre,2.51,0.24,10.45833,0.10236541598694943
Hyundai Grand i10 CRDi Magna,Kochi,2016,57738,Diesel,Manual,First,5.0,5.04,24.0,1120.0,70.0,Hyundai,4,litre,2.51,0.24,10.45833,0.10458333333333332
Maruti Ciaz VDi Plus SHVS,Jaipur,2017,38282,Diesel,Manual,First,5.0,8.5,28.09,1248.0,88.5,Maruti,3,litre,2.51,0.24,10.45833,0.08935564257742969
Mercedes-Benz New C-Class C 220 CDI Avantgarde,Delhi,2014,64000,Diesel,Automatic,First,5.0,15.65,19.27,2143.0,170.0,Mercedes-Benz,6,litre,2.51,0.24,10.45833,0.1302542812662169
Fiat Avventura MULTIJET Emotion,Mumbai,2015,32000,Diesel,Manual,First,5.0,5.65,20.5,1248.0,91.72,Fiat,5,litre,2.51,0.24,10.45833,0.12243902439024389
Mercedes-Benz E-Class 2009-2013 E 250 Elegance,Bangalore,2010,83000,Petrol,Automatic,First,5.0,16.5,10.93,2497.0,204.0,Mercedes-Benz,10,litre,2.1,0.22,9.545455,0.19213174748398903
Maruti Zen Estilo LXI Green (CNG),Ahmedabad,2011,76000,CNG,Manual,First,5.0,2.0,26.3,998.0,67.1,Maruti,9,kg,2.5625,0.18,14.23611,0.09743346007604563
Volkswagen Vento Petrol Highline,Pune,2012,67200,Petrol,Manual,First,5.0,3.9,15.04,1598.0,103.6,Volkswagen,8,litre,2.1,0.22,9.545455,0.1396276595744681
BMW 3 Series 320d Luxury Line,Jaipur,2013,62655,Diesel,Automatic,First,5.0,14.5,18.88,1995.0,184.0,BMW,7,litre,2.51,0.24,10.45833,0.1329449152542373
BMW 5 Series 2013-2017 530d M Sport,Bangalore,2015,16900,Diesel,Automatic,First,5.0,44.0,14.69,2993.0,258.0,BMW,5,litre,2.51,0.24,10.45833,0.1708645336963921
Hyundai Grand i10 1.2 Kappa Magna,Delhi,2017,8471,Petrol,Manual,First,5.0,5.0,18.9,1197.0,81.86,Hyundai,3,litre,2.1,0.22,9.545455,0.11111111111111112
Toyota Innova Crysta 2.8 ZX AT,Hyderabad,2016,69000,Diesel,Automatic,First,7.0,19.75,11.36,2755.0,171.5,Toyota,4,litre,2.51,0.24,10.45833,0.2209507042253521
Renault Duster 110PS Diesel RxZ AMT,Coimbatore,2017,30090,Diesel,Automatic,First,5.0,11.44,19.6,1461.0,108.45,Renault,3,litre,2.51,0.24,10.45833,0.1280612244897959
Tata Indica Vista Aura 1.3 Quadrajet,Chennai,2011,120000,Diesel,Manual,First,5.0,1.75,18.0,1248.0,75.0,Tata,9,litre,2.51,0.24,10.45833,0.13944444444444443
Maruti Swift VDI BSIV,Bangalore,2013,23000,Diesel,Manual,First,5.0,5.6,17.8,1248.0,97.7,Maruti,7,litre,2.51,0.24,10.45833,0.14101123595505616
Mercedes-Benz E-Class 2009-2013 E 200 CGI Avantgarde,Kochi,2016,35939,Petrol,Manual,First,5.0,30.42,12.3,1796.0,185.0,Mercedes-Benz,4,litre,2.1,0.22,9.545455,0.17073170731707316
Mahindra XUV500 W8 4WD,Coimbatore,2013,116694,Diesel,Manual,First,7.0,9.57,15.1,2179.0,140.0,Mahindra,7,litre,2.51,0.24,10.45833,0.1662251655629139
Mahindra Bolero ZLX,Mumbai,2016,40448,Diesel,Manual,First,7.0,3.5,15.96,2523.0,62.1,Mahindra,4,litre,2.51,0.24,10.45833,0.15726817042606514
Maruti Vitara Brezza ZDi,Coimbatore,2018,64456,Diesel,Manual,First,5.0,10.46,24.3,1248.0,88.5,Maruti,2,litre,2.51,0.24,10.45833,0.10329218106995884
Fiat Avventura MULTIJET Emotion,Pune,2014,52782,Diesel,Manual,First,5.0,4.85,20.5,1248.0,91.72,Fiat,6,litre,2.51,0.24,10.45833,0.12243902439024389
Honda Amaze S Petrol,Kochi,2016,51672,Petrol,Manual,First,5.0,5.68,19.5,1199.0,88.76,Honda,4,litre,2.1,0.22,9.545455,0.1076923076923077
Skoda Superb Elegance 1.8 TSI AT,Mumbai,2015,56073,Petrol,Automatic,First,5.0,13.25,13.7,1798.0,157.75,Skoda,5,litre,2.1,0.22,9.545455,0.15328467153284672
Jaguar XF 3.0 Litre S Premium Luxury,Bangalore,2011,65000,Diesel,Automatic,First,5.0,16.0,14.74,2993.0,270.9,Jaguar,9,litre,2.51,0.24,10.45833,0.17028493894165533
Maruti Wagon R VXI BSIII,Chennai,2013,79000,Petrol,Manual,First,5.0,3.0,18.9,998.0,67.1,Maruti,7,litre,2.1,0.22,9.545455,0.11111111111111112
Hyundai Santro Xing XL eRLX Euro III,Kolkata,2007,43206,Petrol,Manual,First,5.0,0.99,17.0,1086.0,97.7,Hyundai,13,litre,2.1,0.22,9.545455,0.12352941176470589
Toyota Corolla Altis VL,Mumbai,2010,70200,Petrol,Automatic,First,5.0,5.0,14.53,1798.0,138.1,Toyota,10,litre,2.1,0.22,9.545455,0.1445285615966965
Maruti Swift VXi BSIV,Delhi,2016,42000,Petrol,Manual,First,5.0,4.75,16.1,1197.0,85.0,Maruti,4,litre,2.1,0.22,9.545455,0.13043478260869565
Volkswagen Polo 1.2 MPI Highline,Bangalore,2014,62000,Petrol,Manual,First,5.0,5.35,16.47,1198.0,74.0,Volkswagen,6,litre,2.1,0.22,9.545455,0.12750455373406194
Hyundai Grand i10 1.2 Kappa Asta,Hyderabad,2017,20000,Petrol,Manual,First,5.0,5.98,18.9,1197.0,81.86,Hyundai,3,litre,2.1,0.22,9.545455,0.11111111111111112
Maruti SX4 ZDI,Chennai,2011,80000,Diesel,Manual,Third,5.0,3.5,21.5,1248.0,88.8,Maruti,9,litre,2.51,0.24,10.45833,0.11674418604651161
Hyundai Grand i10 1.2 Kappa Magna,Kochi,2018,50234,Petrol,Manual,First,5.0,4.77,18.9,1197.0,81.86,Hyundai,2,litre,2.1,0.22,9.545455,0.11111111111111112
Maruti Baleno Delta 1.2,Delhi,2016,50003,Petrol,Manual,First,5.0,5.45,21.4,1197.0,83.1,Maruti,4,litre,2.1,0.22,9.545455,0.09813084112149534
Tata Tigor 1.2 Revotron XTA,Ahmedabad,2018,1000,Petrol,Automatic,First,5.0,6.85,20.3,1199.0,84.0,Tata,2,litre,2.1,0.22,9.545455,0.10344827586206896
Maruti Swift Dzire AMT ZDI,Jaipur,2016,54897,Diesel,Automatic,First,5.0,7.3,26.59,1248.0,74.0,Maruti,4,litre,2.51,0.24,10.45833,0.09439638962015795
Tata Indica GLS BS IV,Pune,2007,108995,Petrol,Manual,First,5.0,1.25,15.3,1193.0,65.3,Tata,13,litre,2.1,0.22,9.545455,0.13725490196078433
Maruti SX4 S Cross DDiS 320 Zeta,Chennai,2015,73000,Diesel,Manual,First,5.0,8.25,22.7,1598.0,118.0,Maruti,5,litre,2.51,0.24,10.45833,0.11057268722466959
Maruti Swift VXI BSIII,Ahmedabad,2008,65000,Petrol,Manual,First,5.0,2.71,16.1,1298.0,88.2,Maruti,12,litre,2.1,0.22,9.545455,0.13043478260869565
Hyundai Xcent 1.2 Kappa SX,Kolkata,2016,32000,Petrol,Manual,First,5.0,3.6,19.1,1197.0,82.0,Hyundai,4,litre,2.1,0.22,9.545455,0.10994764397905758
Hyundai i20 1.2 Magna,Ahmedabad,2010,65000,Petrol,Manual,First,5.0,3.0,18.5,1197.0,80.0,Hyundai,10,litre,2.1,0.22,9.545455,0.11351351351351352
Maruti Celerio VXI AT,Hyderabad,2016,21600,Petrol,Automatic,First,5.0,4.65,23.1,998.0,67.04,Maruti,4,litre,2.1,0.22,9.545455,0.09090909090909091
Mercedes-Benz New C-Class C 220 CDI Elegance AT,Mumbai,2010,39000,Diesel,Automatic,First,5.0,9.5,14.84,2143.0,170.0,Mercedes-Benz,10,litre,2.51,0.24,10.45833,0.1691374663072776
Maruti Swift Dzire VXi,Mumbai,2011,58075,Petrol,Manual,First,5.0,2.95,17.5,1298.0,85.8,Maruti,9,litre,2.1,0.22,9.545455,0.12000000000000001
Volkswagen Vento Petrol Trendline,Mumbai,2011,58000,Petrol,Manual,First,5.0,3.0,15.04,1598.0,103.6,Volkswagen,9,litre,2.1,0.22,9.545455,0.1396276595744681
Maruti Swift ZDi,Hyderabad,2015,58000,Diesel,Manual,First,5.0,5.95,25.2,1248.0,74.0,Maruti,5,litre,2.51,0.24,10.45833,0.0996031746031746
Toyota Corolla Altis VL,Delhi,2008,89000,Petrol,Automatic,First,5.0,4.0,14.53,1798.0,138.1,Toyota,12,litre,2.1,0.22,9.545455,0.1445285615966965
Honda Civic 2006-2010 1.8 V MT,Delhi,2008,72000,Petrol,Manual,First,5.0,2.5,13.5,1799.0,130.0,Honda,12,litre,2.1,0.22,9.545455,0.15555555555555556
Ford EcoSport 1.5 Ti VCT AT Titanium BE,Kolkata,2017,1800,Petrol,Automatic,First,5.0,11.37,16.05,1499.0,110.4,Ford,3,litre,2.1,0.22,9.545455,0.1308411214953271
Fiat Linea Emotion Pack (Diesel),Pune,2010,172050,Diesel,Manual,Second,5.0,2.25,19.0,1248.0,93.0,Fiat,10,litre,2.51,0.24,10.45833,0.13210526315789473
Hyundai i10 Era,Jaipur,2013,46230,Petrol,Manual,First,5.0,3.1,19.81,1086.0,68.05,Hyundai,7,litre,2.1,0.22,9.545455,0.1060070671378092
Volvo XC60 D5 Inscription,Kochi,2014,86925,Diesel,Automatic,First,5.0,17.18,11.2,2400.0,215.0,Volvo,6,litre,2.51,0.24,10.45833,0.22410714285714287
Hyundai i20 1.2 Asta,Jaipur,2018,5000,Petrol,Manual,First,5.0,6.5,18.6,1197.0,81.83,Hyundai,2,litre,2.1,0.22,9.545455,0.11290322580645161
Honda City i DTEC S,Ahmedabad,2014,66000,Diesel,Manual,First,5.0,5.7,26.0,1498.0,98.6,Honda,6,litre,2.51,0.24,10.45833,0.09653846153846153
Toyota Innova 2.5 VX (Diesel) 8 Seater BS IV,Ahmedabad,2013,119000,Diesel,Manual,First,8.0,8.0,12.99,2494.0,100.0,Toyota,7,litre,2.51,0.24,10.45833,0.193225558121632
Renault KWID RXT,Chennai,2016,45000,Petrol,Manual,First,5.0,2.6,25.17,799.0,53.3,Renault,4,litre,2.1,0.22,9.545455,0.08343265792610251
Maruti A-Star Vxi,Hyderabad,2009,66149,Petrol,Manual,First,5.0,2.45,19.0,998.0,66.1,Maruti,11,litre,2.1,0.22,9.545455,0.1105263157894737
Mercedes-Benz B Class B180,Kochi,2014,42070,Petrol,Automatic,First,5.0,11.57,14.8,1595.0,120.7,Mercedes-Benz,6,litre,2.1,0.22,9.545455,0.14189189189189189
Maruti Wagon R LXI BS IV,Kolkata,2012,35503,Petrol,Manual,First,5.0,2.3,18.9,998.0,67.1,Maruti,8,litre,2.1,0.22,9.545455,0.11111111111111112
Maruti Swift VDI BSIV,Jaipur,2016,41460,Diesel,Manual,First,5.0,5.9,25.2,1248.0,74.0,Maruti,4,litre,2.51,0.24,10.45833,0.0996031746031746
Hyundai Verna VTVT 1.6 AT SX Option,Mumbai,2015,40600,Petrol,Automatic,First,5.0,7.2,17.0,1591.0,121.3,Hyundai,5,litre,2.1,0.22,9.545455,0.12352941176470589
Hyundai Verna CRDi 1.6 AT SX Option,Ahmedabad,2013,87000,Diesel,Automatic,First,5.0,5.9,22.0,1582.0,126.2,Hyundai,7,litre,2.51,0.24,10.45833,0.11409090909090908
Honda City V MT,Chennai,2014,30000,Petrol,Manual,Second,5.0,6.0,16.8,1497.0,116.3,Honda,6,litre,2.1,0.22,9.545455,0.125
Hyundai i10 Magna Optional 1.1L,Kolkata,2010,27089,Petrol,Manual,First,5.0,1.95,16.0,1086.0,66.7,Hyundai,10,litre,2.1,0.22,9.545455,0.13125
Toyota Etios GD SP,Coimbatore,2016,53702,Diesel,Manual,First,5.0,6.55,23.59,1364.0,67.04,Toyota,4,litre,2.51,0.24,10.45833,0.10640101738024586
Volvo S60 D4 Momentum,Hyderabad,2015,51000,Diesel,Automatic,First,5.0,25.0,27.03,1969.0,190.0,Volvo,5,litre,2.51,0.24,10.45833,0.09285978542360339
Ford Figo Diesel EXI,Kolkata,2012,36542,Diesel,Manual,First,5.0,2.65,20.0,1399.0,68.05,Ford,8,litre,2.51,0.24,10.45833,0.1255
Mercedes-Benz E-Class 2015-2017 E350 CDI Avantgrade,Mumbai,2017,15000,Diesel,Automatic,First,5.0,69.5,13.0,2987.0,265.0,Mercedes-Benz,3,litre,2.51,0.24,10.45833,0.19307692307692306
BMW 3 Series 320d Luxury Line,Chennai,2012,65000,Diesel,Automatic,First,5.0,14.0,22.69,1995.0,190.0,BMW,8,litre,2.51,0.24,10.45833,0.11062141912736886
Maruti Alto 800 VXI,Pune,2014,32000,Petrol,Manual,Second,5.0,2.1,22.74,796.0,47.3,Maruti,6,litre,2.1,0.22,9.545455,0.09234828496042218
Toyota Innova Crysta 2.4 VX MT,Hyderabad,2017,24393,Diesel,Manual,First,7.0,20.4,13.68,2393.0,147.8,Toyota,3,litre,2.51,0.24,10.45833,0.1834795321637427
Volkswagen Polo 1.0 MPI Trendline,Hyderabad,2019,1000,Petrol,Manual,First,5.0,5.68,18.78,999.0,75.0,Volkswagen,1,litre,2.1,0.22,9.545455,0.11182108626198083
Nissan Terrano XL,Mumbai,2014,28238,Petrol,Manual,First,5.0,5.55,13.24,1598.0,102.5,Nissan,6,litre,2.1,0.22,9.545455,0.15861027190332327
Mitsubishi Pajero Sport 4X4,Mumbai,2013,59000,Diesel,Manual,First,7.0,12.75,13.5,2477.0,175.56,Mitsubishi,7,litre,2.51,0.24,10.45833,0.1859259259259259
Honda Civic 2010-2013 1.8 S MT,Mumbai,2012,92000,Petrol,Manual,Second,5.0,3.35,14.8,1799.0,130.2,Honda,8,litre,2.1,0.22,9.545455,0.14189189189189189
Maruti Alto 800 LXI,Kolkata,2013,56840,Petrol,Manual,First,5.0,1.55,22.74,796.0,47.3,Maruti,7,litre,2.1,0.22,9.545455,0.09234828496042218
Volkswagen Vento Diesel Highline,Coimbatore,2013,62746,Diesel,Manual,Second,5.0,5.9,20.54,1598.0,103.6,Volkswagen,7,litre,2.51,0.24,10.45833,0.12220058422590067
Land Rover Freelander 2 HSE,Hyderabad,2012,96000,Diesel,Automatic,First,5.0,18.98,12.35,2179.0,187.74,Land,8,litre,2.51,0.24,10.45833,0.20323886639676111
Honda CR-V 2.0L 2WD MT,Mumbai,2014,24000,Petrol,Manual,First,5.0,11.51,13.7,1997.0,153.86,Honda,6,litre,2.1,0.22,9.545455,0.15328467153284672
Maruti Ertiga VDI,Mumbai,2016,54000,Diesel,Manual,First,7.0,7.75,20.77,1248.0,88.76,Maruti,4,litre,2.51,0.24,10.45833,0.12084737602311024
Toyota Innova 2.5 GX (Diesel) 7 Seater,Chennai,2016,90000,Diesel,Manual,First,7.0,13.9,12.99,2494.0,100.6,Toyota,4,litre,2.51,0.24,10.45833,0.193225558121632
Tata Manza Aura Safire,Kolkata,2010,40000,Petrol,Manual,First,5.0,1.35,15.0,1368.0,90.0,Tata,10,litre,2.1,0.22,9.545455,0.14
Audi Q7 35 TDI Quattro Premium Plus,Mumbai,2015,65938,Diesel,Automatic,Second,7.0,38.0,12.07,2967.0,241.4,Audi,5,litre,2.51,0.24,10.45833,0.20795360397680196
Hyundai Verna 1.6 SX VTVT (O) AT,Mumbai,2017,16100,Petrol,Automatic,First,5.0,11.6,17.1,1591.0,121.4,Hyundai,3,litre,2.1,0.22,9.545455,0.12280701754385964
Volkswagen Vento 1.5 Highline Plus AT 16 Alloy,Hyderabad,2017,3600,Diesel,Automatic,First,5.0,12.25,21.5,1498.0,108.5,Volkswagen,3,litre,2.51,0.24,10.45833,0.11674418604651161
Honda City 1.5 S MT,Jaipur,2011,52000,Petrol,Manual,First,5.0,3.8,17.0,1497.0,118.0,Honda,9,litre,2.1,0.22,9.545455,0.12352941176470589
Ford Figo Diesel Titanium,Mumbai,2014,54000,Diesel,Manual,First,5.0,3.25,20.0,1399.0,68.05,Ford,6,litre,2.51,0.24,10.45833,0.1255
Honda Jazz 1.2 VX i VTEC,Mumbai,2016,15399,Petrol,Manual,First,5.0,6.4,18.7,1199.0,88.7,Honda,4,litre,2.1,0.22,9.545455,0.11229946524064172
Volkswagen Polo Petrol Highline 1.2L,Bangalore,2012,75000,Petrol,Manual,Second,5.0,3.95,16.47,1198.0,73.9,Volkswagen,8,litre,2.1,0.22,9.545455,0.12750455373406194
Honda City i-VTEC S,Delhi,2010,76752,Petrol,Manual,First,5.0,3.57,17.4,1497.0,117.3,Honda,10,litre,2.1,0.22,9.545455,0.12068965517241381
Honda City ZX GXi,Mumbai,2005,56000,Petrol,Manual,Second,5.0,1.25,17.7,1497.0,78.0,Honda,15,litre,2.1,0.22,9.545455,0.11864406779661017
Maruti Wagon R LXI CNG,Pune,2015,70000,CNG,Manual,First,5.0,3.65,26.2,998.0,58.2,Maruti,5,kg,2.5625,0.18,14.23611,0.09780534351145038
Honda CR-V 2.4L 4WD AT AVN,Kolkata,2013,46125,Petrol,Automatic,Second,5.0,12.5,12.0,2354.0,187.4,Honda,7,litre,2.1,0.22,9.545455,0.17500000000000002
BMW 5 Series 2013-2017 520d Luxury Line,Ahmedabad,2014,35000,Diesel,Automatic,Second,5.0,23.0,18.12,1995.0,190.0,BMW,6,litre,2.51,0.24,10.45833,0.13852097130242824
Ambassador Classic Nova Diesel,Chennai,2003,80000,Diesel,Manual,Third,5.0,1.35,12.8,1489.0,35.5,Ambassador,17,litre,2.51,0.24,10.45833,0.19609374999999998
Mahindra Scorpio VLX 2.2 mHawk BSIII,Coimbatore,2012,62729,Diesel,Manual,First,8.0,6.32,12.05,2179.0,120.0,Mahindra,8,litre,2.51,0.24,10.45833,0.20829875518672197
Volkswagen Vento Diesel Comfortline,Kolkata,2012,34000,Diesel,Manual,First,5.0,3.4,20.54,1598.0,103.6,Volkswagen,8,litre,2.51,0.24,10.45833,0.12220058422590067
Maruti Zen VX,Jaipur,1999,70000,Petrol,Manual,Second,5.0,0.77,17.3,993.0,60.0,Maruti,21,litre,2.1,0.22,9.545455,0.12138728323699421
Maruti 800 DX BSII,Jaipur,2009,32000,Petrol,Manual,First,4.0,0.9,16.1,796.0,37.0,Maruti,11,litre,2.1,0.22,9.545455,0.13043478260869565
Toyota Corolla Altis 1.8 VL CVT,Delhi,2017,21000,Petrol,Automatic,First,5.0,18.0,14.28,1798.0,138.03,Toyota,3,litre,2.1,0.22,9.545455,0.14705882352941177
BMW 3 Series 328i Sport Line,Pune,2013,49000,Petrol,Automatic,First,5.0,19.0,14.59,1997.0,245.0,BMW,7,litre,2.1,0.22,9.545455,0.1439342015078821
Ford Ikon 1.3 Flair,Chennai,2007,40000,Petrol,Manual,Third,5.0,1.1,13.8,1299.0,70.0,Ford,13,litre,2.1,0.22,9.545455,0.15217391304347827
Chevrolet Beat LT,Pune,2012,78000,Petrol,Manual,Second,5.0,2.0,18.6,1199.0,79.4,Chevrolet,8,litre,2.1,0.22,9.545455,0.11290322580645161
Toyota Corolla Altis 1.4 DG,Ahmedabad,2012,52000,Diesel,Manual,First,5.0,6.5,21.43,1364.0,86.79,Toyota,8,litre,2.51,0.24,10.45833,0.11712552496500232
Mahindra XUV500 W4,Bangalore,2014,65213,Diesel,Manual,First,7.0,9.45,16.0,2179.0,140.0,Mahindra,6,litre,2.51,0.24,10.45833,0.156875
Hyundai Xcent 1.1 CRDi Base,Mumbai,2016,170000,Diesel,Manual,First,5.0,4.0,24.4,1120.0,71.0,Hyundai,4,litre,2.51,0.24,10.45833,0.10286885245901639
Mercedes-Benz E-Class 2015-2017 E250 CDI Avantgarde,Kochi,2017,36884,Diesel,Automatic,First,5.0,32.25,13.0,2143.0,204.0,Mercedes-Benz,3,litre,2.51,0.24,10.45833,0.19307692307692306
Hyundai i10 Sportz,Pune,2009,62500,Petrol,Manual,First,5.0,2.1,20.36,1197.0,78.9,Hyundai,11,litre,2.1,0.22,9.545455,0.1031434184675835
Toyota Corolla Altis VL AT,Mumbai,2015,68000,Petrol,Automatic,Second,5.0,9.75,14.28,1798.0,138.03,Toyota,5,litre,2.1,0.22,9.545455,0.14705882352941177
Toyota Corolla 1.8 J,Kolkata,2014,40748,Petrol,Manual,First,5.0,6.3,14.53,1798.0,138.0,Toyota,6,litre,2.1,0.22,9.545455,0.1445285615966965
Audi Q3 2.0 TDI Quattro,Hyderabad,2013,60000,Diesel,Automatic,First,5.0,21.0,17.32,1968.0,184.0,Audi,7,litre,2.51,0.24,10.45833,0.144919168591224
Hyundai i20 Magna Optional 1.4 CRDi,Mumbai,2014,12400,Diesel,Manual,First,5.0,4.65,21.9,1396.0,88.8,Hyundai,6,litre,2.51,0.24,10.45833,0.11461187214611872
Mercedes-Benz New C-Class C 220d Avantgarde Edition C,Mumbai,2013,87000,Diesel,Automatic,Second,5.0,17.0,19.27,2143.0,167.62,Mercedes-Benz,7,litre,2.51,0.24,10.45833,0.1302542812662169
Maruti Ritz VDi,Pune,2013,20248,Diesel,Manual,First,5.0,4.35,21.1,1248.0,73.9,Maruti,7,litre,2.51,0.24,10.45833,0.11895734597156396
Hyundai Creta 1.6 SX Plus Diesel,Coimbatore,2017,52383,Diesel,Manual,First,5.0,14.82,19.67,1582.0,126.2,Hyundai,3,litre,2.51,0.24,10.45833,0.1276054905948144
Jaguar XE 2.0L Diesel Prestige,Delhi,2018,1000,Diesel,Automatic,First,5.0,40.0,13.6,1999.0,177.0,Jaguar,2,litre,2.51,0.24,10.45833,0.18455882352941175
Mahindra Xylo D4,Chennai,2016,85000,Diesel,Manual,First,7.0,6.15,14.95,2489.0,93.7,Mahindra,4,litre,2.51,0.24,10.45833,0.16789297658862876
Toyota Innova 2.5 G (Diesel) 7 Seater,Ahmedabad,2014,47000,Diesel,Manual,First,7.0,11.25,12.99,2494.0,100.6,Toyota,6,litre,2.51,0.24,10.45833,0.193225558121632
Toyota Camry 2.5 Hybrid,Pune,2018,17585,Petrol,Automatic,First,5.0,32.0,19.16,2494.0,157.7,Toyota,2,litre,2.1,0.22,9.545455,0.10960334029227557
Audi Q5 3.0 TDI Quattro,Coimbatore,2018,32496,Diesel,Automatic,First,5.0,45.62,13.22,2967.0,241.4,Audi,2,litre,2.51,0.24,10.45833,0.18986384266263234
Maruti Swift VDI,Kochi,2017,34613,Diesel,Manual,First,5.0,6.24,28.4,1248.0,74.0,Maruti,3,litre,2.51,0.24,10.45833,0.08838028169014084
Maruti Ertiga VDI Limited Edition,Chennai,2015,153000,Diesel,Manual,First,7.0,4.8,20.77,1248.0,88.76,Maruti,5,litre,2.51,0.24,10.45833,0.12084737602311024
Maruti Swift VXi BSIV,Chennai,2014,54000,Petrol,Manual,Second,5.0,4.5,16.1,1197.0,85.0,Maruti,6,litre,2.1,0.22,9.545455,0.13043478260869565
Hyundai i10 Sportz,Kochi,2015,16900,Petrol,Manual,First,5.0,3.87,20.36,1197.0,78.9,Hyundai,5,litre,2.1,0.22,9.545455,0.1031434184675835
Hyundai i10 Sportz,Delhi,2013,62334,Petrol,Manual,First,5.0,2.75,20.36,1197.0,78.9,Hyundai,7,litre,2.1,0.22,9.545455,0.1031434184675835
Maruti Baleno Sigma 1.2,Kochi,2018,23714,Petrol,Manual,First,5.0,6.57,21.4,1197.0,83.1,Maruti,2,litre,2.1,0.22,9.545455,0.09813084112149534
Hyundai Accent Executive,Jaipur,2010,52325,Petrol,Manual,First,5.0,2.0,16.36,1495.0,93.7,Hyundai,10,litre,2.1,0.22,9.545455,0.12836185819070906
Honda Brio S MT,Ahmedabad,2012,50000,Petrol,Manual,First,5.0,3.65,19.4,1198.0,86.8,Honda,8,litre,2.1,0.22,9.545455,0.10824742268041239
Maruti Swift ZDi,Hyderabad,2016,55746,Diesel,Manual,First,5.0,6.95,22.9,1248.0,74.0,Maruti,4,litre,2.51,0.24,10.45833,0.10960698689956332
Hyundai Xcent 1.2 VTVT S,Bangalore,2014,54000,Petrol,Manual,First,5.0,5.5,20.14,1197.0,81.86,Hyundai,6,litre,2.1,0.22,9.545455,0.10427010923535253
Mahindra XUV500 W8 2WD,Kolkata,2013,43000,Diesel,Manual,First,7.0,7.0,16.0,2179.0,140.0,Mahindra,7,litre,2.51,0.24,10.45833,0.156875
Mercedes-Benz E-Class E250 CDI Avantgrade,Delhi,2014,40000,Diesel,Automatic,First,5.0,24.0,13.0,2143.0,201.1,Mercedes-Benz,6,litre,2.51,0.24,10.45833,0.19307692307692306
Land Rover Freelander 2 TD4 S,Bangalore,2010,125000,Diesel,Automatic,Second,5.0,11.0,0.0,2179.0,115.0,Land,10,litre,2.51,0.24,10.45833,0.12352941176470589
Mercedes-Benz New C-Class C 220 CDI Avantgarde,Bangalore,2016,51944,Diesel,Automatic,First,5.0,32.5,19.27,2143.0,170.0,Mercedes-Benz,4,litre,2.51,0.24,10.45833,0.1302542812662169
Hyundai i20 Asta 1.4 CRDi,Kochi,2015,46950,Diesel,Manual,First,5.0,6.45,21.27,1396.0,88.76,Hyundai,5,litre,2.51,0.24,10.45833,0.11800658204043253
Skoda Octavia Elegance 2.0 TDI AT,Mumbai,2015,23000,Diesel,Automatic,First,5.0,15.75,19.3,1968.0,141.0,Skoda,5,litre,2.51,0.24,10.45833,0.13005181347150258
Honda City 1.5 S MT,Mumbai,2014,54546,Petrol,Manual,First,5.0,5.5,17.0,1497.0,118.0,Honda,6,litre,2.1,0.22,9.545455,0.12352941176470589
Toyota Fortuner 4x2 AT,Kochi,2015,51535,Diesel,Automatic,First,7.0,19.03,12.55,2982.0,168.5,Toyota,5,litre,2.51,0.24,10.45833,0.19999999999999998
Audi Q3 2.0 TDI Quattro,Kolkata,2013,45000,Diesel,Automatic,First,5.0,15.25,17.32,1968.0,184.0,Audi,7,litre,2.51,0.24,10.45833,0.144919168591224
Maruti Alto K10 2010-2014 VXI,Hyderabad,2012,46004,Petrol,Manual,First,5.0,2.4,20.92,998.0,67.1,Maruti,8,litre,2.1,0.22,9.545455,0.10038240917782026
Tata Indigo eCS LX BSIV,Chennai,2011,124000,Diesel,Manual,First,5.0,2.3,23.03,1396.0,69.0,Tata,9,litre,2.51,0.24,10.45833,0.10898827616152842
Audi A4 2.0 TDI 177 Bhp Premium Plus,Kochi,2014,77395,Diesel,Automatic,First,5.0,14.35,17.11,1968.0,174.33,Audi,6,litre,2.51,0.24,10.45833,0.146697837521917
Maruti Alto 800 2016-2019 CNG LXI,Mumbai,2018,10600,CNG,Manual,First,4.0,3.5,33.44,796.0,40.3,Maruti,2,kg,2.5625,0.18,14.23611,0.07662978468899521
Honda City i-VTEC CVT VX,Kochi,2018,22974,Petrol,Automatic,First,5.0,11.97,18.0,1497.0,117.3,Honda,2,litre,2.1,0.22,9.545455,0.11666666666666667
Hyundai Santro GLS I - Euro II,Jaipur,2009,89000,Petrol,Manual,Second,5.0,1.6,0.0,999.0,97.7,Hyundai,11,litre,2.1,0.22,9.545455,0.12352941176470589
Toyota Fortuner 2.8 2WD MT,Ahmedabad,2015,65012,Diesel,Manual,First,7.0,18.9,14.24,2755.0,174.5,Toyota,5,litre,2.51,0.24,10.45833,0.1762640449438202
Hyundai Grand i10 Sportz,Ahmedabad,2017,17125,Petrol,Manual,First,5.0,5.4,18.9,1197.0,82.0,Hyundai,3,litre,2.1,0.22,9.545455,0.11111111111111112
Maruti Eeco 7 Seater Standard,Hyderabad,2015,90413,Petrol,Manual,First,7.0,2.95,15.1,1196.0,73.0,Maruti,5,litre,2.1,0.22,9.545455,0.13907284768211922
Volkswagen Polo Petrol Highline 1.2L,Bangalore,2013,37000,Petrol,Manual,First,5.0,5.1,16.47,1198.0,73.9,Volkswagen,7,litre,2.1,0.22,9.545455,0.12750455373406194
Maruti Wagon R LXI Minor,Jaipur,2006,65000,Petrol,Manual,First,5.0,1.5,18.9,1061.0,67.0,Maruti,14,litre,2.1,0.22,9.545455,0.11111111111111112
Honda City 1.5 V MT,Bangalore,2011,66000,Petrol,Manual,First,5.0,4.9,17.0,1497.0,118.0,Honda,9,litre,2.1,0.22,9.545455,0.12352941176470589
Honda Civic 2010-2013 1.8 S MT,Mumbai,2010,86000,Petrol,Manual,First,5.0,2.9,14.8,1799.0,130.2,Honda,10,litre,2.1,0.22,9.545455,0.14189189189189189
Honda City 1.5 EXI,Pune,2005,98437,Petrol,Manual,First,5.0,1.15,13.0,1493.0,100.0,Honda,15,litre,2.1,0.22,9.545455,0.16153846153846155
Hyundai i20 1.2 Magna,Kolkata,2010,18000,Petrol,Manual,First,5.0,2.3,18.5,1197.0,80.0,Hyundai,10,litre,2.1,0.22,9.545455,0.11351351351351352
Hyundai Grand i10 CRDi Sportz Celebration Edition,Kochi,2018,35070,Diesel,Manual,First,5.0,5.99,24.0,1120.0,70.0,Hyundai,2,litre,2.51,0.24,10.45833,0.10458333333333332
Volkswagen Vento Petrol Highline AT,Pune,2011,42000,Petrol,Automatic,Third,5.0,3.4,14.4,1598.0,103.6,Volkswagen,9,litre,2.1,0.22,9.545455,0.14583333333333334
Hyundai i10 Sportz 1.2,Kolkata,2009,40000,Petrol,Manual,First,5.0,1.7,20.36,1197.0,78.9,Hyundai,11,litre,2.1,0.22,9.545455,0.1031434184675835
Hyundai i20 Asta,Kolkata,2009,43000,Petrol,Manual,First,5.0,1.99,17.0,1197.0,80.0,Hyundai,11,litre,2.1,0.22,9.545455,0.12352941176470589
Chevrolet Beat LS,Pune,2012,65000,Petrol,Manual,First,5.0,2.5,18.6,1199.0,79.4,Chevrolet,8,litre,2.1,0.22,9.545455,0.11290322580645161
Volkswagen Polo Diesel Highline 1.2L,Hyderabad,2013,74000,Diesel,Manual,First,5.0,4.85,22.07,1199.0,73.9,Volkswagen,7,litre,2.51,0.24,10.45833,0.11372904395106478
Ford Figo Petrol LXI,Hyderabad,2010,51192,Petrol,Manual,First,5.0,2.65,15.6,1196.0,70.0,Ford,10,litre,2.1,0.22,9.545455,0.13461538461538464
Audi TT 2.0 TFSI,Kochi,2014,14262,Petrol,Automatic,First,2.0,27.35,9.9,1984.0,207.8,Audi,6,litre,2.1,0.22,9.545455,0.21212121212121213
Honda City i DTEC VX,Jaipur,2015,66339,Diesel,Manual,Second,5.0,6.9,25.1,1498.0,98.6,Honda,5,litre,2.51,0.24,10.45833,0.09999999999999999
Ford Figo Diesel Titanium,Hyderabad,2013,90200,Diesel,Manual,First,5.0,3.5,20.0,1399.0,68.05,Ford,7,litre,2.51,0.24,10.45833,0.1255
Toyota Innova 2.5 ZX Diesel 7 Seater,Delhi,2015,57854,Diesel,Manual,First,7.0,12.5,12.99,2494.0,100.6,Toyota,5,litre,2.51,0.24,10.45833,0.193225558121632
Maruti Ciaz 1.4 AT Alpha,Delhi,2017,32000,Petrol,Automatic,First,5.0,9.2,19.12,1373.0,91.1,Maruti,3,litre,2.1,0.22,9.545455,0.1098326359832636
Hyundai Grand i10 AT Asta,Mumbai,2015,29631,Petrol,Automatic,First,5.0,4.9,18.9,1197.0,82.0,Hyundai,5,litre,2.1,0.22,9.545455,0.11111111111111112
Honda City 1.3 DX,Delhi,2009,55005,Petrol,Manual,First,5.0,3.2,12.8,1493.0,97.7,Honda,11,litre,2.1,0.22,9.545455,0.1640625
Ford EcoSport 1.0 Ecoboost Titanium Plus BE,Kochi,2014,54173,Petrol,Manual,First,5.0,5.55,18.88,999.0,123.24,Ford,6,litre,2.1,0.22,9.545455,0.11122881355932204
Skoda Octavia Ambition 1.8 TSI AT,Ahmedabad,2014,50000,Petrol,Automatic,First,5.0,13.5,14.7,1798.0,177.6,Skoda,6,litre,2.1,0.22,9.545455,0.14285714285714288
Fiat Linea Emotion (Diesel),Kolkata,2010,145000,Diesel,Manual,First,5.0,2.6,20.4,1248.0,91.7,Fiat,10,litre,2.51,0.24,10.45833,0.1230392156862745
Maruti Swift Lxi BSIII,Jaipur,2015,78000,Petrol,Manual,First,5.0,4.5,16.1,1298.0,88.2,Maruti,5,litre,2.1,0.22,9.545455,0.13043478260869565
Land Rover Discovery 4 TDV6 SE,Delhi,2013,65000,Diesel,Automatic,Second,7.0,34.0,11.8,2993.0,180.0,Land,7,litre,2.51,0.24,10.45833,0.21271186440677964
Toyota Innova 2.5 V Diesel 7-seater,Hyderabad,2012,120000,Diesel,Manual,First,7.0,12.0,12.8,2494.0,102.0,Toyota,8,litre,2.51,0.24,10.45833,0.19609374999999998
Maruti Swift LDI,Mumbai,2015,14000,Diesel,Manual,First,5.0,5.25,28.4,1248.0,74.0,Maruti,5,litre,2.51,0.24,10.45833,0.08838028169014084
Audi A6 2011-2015 2.0 TDI Premium Plus,Kochi,2014,57456,Diesel,Automatic,First,5.0,21.56,17.68,1968.0,174.33,Audi,6,litre,2.51,0.24,10.45833,0.1419683257918552
BMW 5 Series 520d Luxury Line,Coimbatore,2012,44450,Diesel,Automatic,First,5.0,24.68,22.48,1995.0,190.0,BMW,8,litre,2.51,0.24,10.45833,0.11165480427046262
Hyundai i20 Magna Optional 1.2,Delhi,2013,63777,Petrol,Manual,First,5.0,3.67,18.5,1197.0,82.9,Hyundai,7,litre,2.1,0.22,9.545455,0.11351351351351352
BMW X1 M Sport sDrive 20d,Mumbai,2016,31000,Diesel,Automatic,First,5.0,29.5,17.05,1995.0,190.0,BMW,4,litre,2.51,0.24,10.45833,0.14721407624633429
Toyota Etios G,Delhi,2012,60000,Petrol,Manual,First,5.0,3.1,17.6,1496.0,88.73,Toyota,8,litre,2.1,0.22,9.545455,0.11931818181818181
Tata Indigo LX,Ahmedabad,2015,78008,Diesel,Manual,First,5.0,2.9,17.0,1405.0,70.0,Tata,5,litre,2.51,0.24,10.45833,0.1476470588235294
Mercedes-Benz M-Class ML 350 4Matic,Bangalore,2014,33000,Diesel,Automatic,Second,5.0,43.0,0.0,2987.0,165.0,Mercedes-Benz,6,litre,2.51,0.24,10.45833,0.12352941176470589
Volkswagen Beetle 2.0,Mumbai,2009,27078,Petrol,Automatic,First,4.0,15.95,10.98,1984.0,114.4,Volkswagen,11,litre,2.1,0.22,9.545455,0.1912568306010929
Volkswagen Polo GT TDI,Hyderabad,2011,57275,Diesel,Manual,First,5.0,4.5,19.7,1598.0,103.6,Volkswagen,9,litre,2.51,0.24,10.45833,0.12741116751269035
Hyundai Grand i10 CRDi Magna,Delhi,2014,45000,Diesel,Manual,First,5.0,3.49,24.0,1120.0,70.0,Hyundai,6,litre,2.51,0.24,10.45833,0.10458333333333332
Maruti Swift VDI BSIV,Delhi,2014,57319,Diesel,Manual,First,5.0,4.25,25.2,1248.0,74.0,Maruti,6,litre,2.51,0.24,10.45833,0.0996031746031746
Hyundai Verna CRDi 1.4 E,Chennai,2008,121097,Diesel,Manual,Second,5.0,1.9,24.0,1396.0,88.76,Hyundai,12,litre,2.51,0.24,10.45833,0.10458333333333332
BMW 5 Series 2003-2012 525d,Mumbai,2011,89000,Diesel,Automatic,First,5.0,16.57,16.73,1995.0,218.0,BMW,9,litre,2.51,0.24,10.45833,0.15002988643156007
Honda City 1.5 S MT,Bangalore,2012,72000,Petrol,Manual,First,5.0,5.75,17.0,1497.0,118.0,Honda,8,litre,2.1,0.22,9.545455,0.12352941176470589
Audi A4 2.0 TDI,Delhi,2013,36000,Diesel,Automatic,Second,5.0,14.0,16.55,1968.0,147.51,Audi,7,litre,2.51,0.24,10.45833,0.15166163141993955
Fiat Linea Classic Plus 1.3 Multijet,Jaipur,2013,86000,Diesel,Manual,Second,5.0,2.5,19.5,1248.0,75.0,Fiat,7,litre,2.51,0.24,10.45833,0.1287179487179487
Honda City 1.3 EXI,Ahmedabad,2002,85000,Petrol,Manual,First,5.0,1.2,13.0,1343.0,90.0,Honda,18,litre,2.1,0.22,9.545455,0.16153846153846155
Fiat Petra 1.2 EL,Pune,2005,120000,Petrol,Manual,Second,5.0,0.85,15.5,1242.0,97.7,Fiat,15,litre,2.1,0.22,9.545455,0.13548387096774195
BMW 3 Series 320d Luxury Line,Kochi,2013,37613,Diesel,Automatic,First,5.0,13.95,22.69,1995.0,190.0,BMW,7,litre,2.51,0.24,10.45833,0.11062141912736886
Ford Fiesta 1.4 Duratec EXI,Chennai,2007,100000,Petrol,Manual,First,5.0,1.6,16.6,1388.0,68.0,Ford,13,litre,2.1,0.22,9.545455,0.12650602409638553
Tata Nano XTA,Coimbatore,2016,5240,Petrol,Automatic,First,4.0,3.6,21.9,624.0,37.48,Tata,4,litre,2.1,0.22,9.545455,0.09589041095890412
Maruti Eeco 5 STR With AC Plus HTR CNG,Mumbai,2018,20000,CNG,Manual,First,5.0,4.5,15.1,1196.0,73.0,Maruti,2,kg,2.5625,0.18,14.23611,0.1697019867549669
Maruti Ignis 1.2 Delta,Coimbatore,2019,16862,Petrol,Manual,First,5.0,6.06,20.89,1197.0,81.8,Maruti,1,litre,2.1,0.22,9.545455,0.10052656773575874
Maruti Swift Dzire ZXi,Coimbatore,2013,59254,Petrol,Manual,Second,5.0,5.29,17.5,1298.0,85.8,Maruti,7,litre,2.1,0.22,9.545455,0.12000000000000001
Ford Ecosport 1.5 DV5 MT Titanium,Jaipur,2014,60000,Diesel,Manual,First,5.0,5.75,22.7,1498.0,89.84,Ford,6,litre,2.51,0.24,10.45833,0.11057268722466959
Maruti Swift 1.3 ZXI,Hyderabad,2015,50295,Petrol,Manual,First,5.0,5.8,16.1,1493.0,97.7,Maruti,5,litre,2.1,0.22,9.545455,0.13043478260869565
Maruti Swift Dzire VXI,Coimbatore,2014,47674,Petrol,Manual,First,5.0,5.72,19.1,1197.0,85.8,Maruti,6,litre,2.1,0.22,9.545455,0.10994764397905758
Hyundai i10 Sportz AT,Kochi,2014,61517,Petrol,Automatic,First,5.0,4.39,16.95,1197.0,78.9,Hyundai,6,litre,2.1,0.22,9.545455,0.12389380530973453
Mahindra XUV500 W6 2WD,Coimbatore,2016,62946,Diesel,Manual,First,7.0,11.05,15.1,2179.0,140.0,Mahindra,4,litre,2.51,0.24,10.45833,0.1662251655629139
Hyundai i20 Magna 1.4 CRDi,Delhi,2015,66823,Diesel,Manual,Second,5.0,4.83,22.54,1396.0,88.73,Hyundai,5,litre,2.51,0.24,10.45833,0.11135758651286601
Maruti Wagon R CNG LXI,Pune,2013,79494,CNG,Manual,First,5.0,2.96,33.54,998.0,67.04,Maruti,7,kg,2.5625,0.18,14.23611,0.07640131186642815
Hyundai i20 Asta 1.4 CRDi,Chennai,2012,107000,Diesel,Manual,Second,5.0,4.5,21.27,1396.0,88.76,Hyundai,8,litre,2.51,0.24,10.45833,0.11800658204043253
BMW 7 Series 730Ld,Mumbai,2011,55000,Diesel,Automatic,Second,5.0,19.5,16.46,2993.0,258.0,BMW,9,litre,2.51,0.24,10.45833,0.1524908869987849
Skoda Rapid 1.6 MPI AT Style Plus,Mumbai,2017,24000,Petrol,Automatic,First,5.0,8.75,14.3,1598.0,103.52,Skoda,3,litre,2.1,0.22,9.545455,0.14685314685314685
Audi Q7 45 TDI Quattro Technology,Mumbai,2016,20002,Diesel,Automatic,First,7.0,67.0,14.75,2967.0,245.0,Audi,4,litre,2.51,0.24,10.45833,0.1701694915254237
Honda City i VTEC VX,Kochi,2016,54317,Petrol,Manual,First,5.0,8.4,17.4,1497.0,117.3,Honda,4,litre,2.1,0.22,9.545455,0.12068965517241381
Hyundai Xcent 1.2 Kappa SX,Mumbai,2016,10200,Petrol,Manual,First,5.0,4.99,19.1,1197.0,82.0,Hyundai,4,litre,2.1,0.22,9.545455,0.10994764397905758
Honda City i DTec E,Coimbatore,2016,24337,Diesel,Manual,First,5.0,8.18,26.0,1498.0,98.6,Honda,4,litre,2.51,0.24,10.45833,0.09653846153846153
Honda Brio S Option MT,Pune,2012,79000,Petrol,Manual,First,5.0,2.9,18.4,1198.0,86.8,Honda,8,litre,2.1,0.22,9.545455,0.1141304347826087
Maruti Ciaz ZDi Plus SHVS,Jaipur,2015,40500,Diesel,Manual,First,5.0,7.1,28.09,1248.0,88.5,Maruti,5,litre,2.51,0.24,10.45833,0.08935564257742969
Maruti Swift Dzire VDI Optional,Pune,2016,23000,Diesel,Manual,First,5.0,7.05,26.59,1248.0,74.0,Maruti,4,litre,2.51,0.24,10.45833,0.09439638962015795
Honda CR-V 2.4L 4WD AT,Pune,2015,63050,Petrol,Automatic,First,5.0,17.5,11.1,2354.0,158.8,Honda,5,litre,2.1,0.22,9.545455,0.1891891891891892
Toyota Corolla Altis 2008-2013 1.8 VL AT,Mumbai,2008,78000,Petrol,Automatic,Second,5.0,3.41,14.53,1794.0,138.1,Toyota,12,litre,2.1,0.22,9.545455,0.1445285615966965
Maruti Baleno Vxi,Pune,2005,70000,Petrol,Manual,First,5.0,1.3,0.0,1590.0,97.7,Maruti,15,litre,2.1,0.22,9.545455,0.12352941176470589
Honda City 1.5 V MT,Coimbatore,2012,66245,Petrol,Manual,First,5.0,5.68,17.0,1497.0,118.0,Honda,8,litre,2.1,0.22,9.545455,0.12352941176470589
Mahindra Scorpio LX BS IV,Bangalore,2007,74112,Diesel,Manual,First,9.0,4.1,12.05,2179.0,120.0,Mahindra,13,litre,2.51,0.24,10.45833,0.20829875518672197
Skoda Laura 1.8 TSI Ambiente,Delhi,2011,87670,Petrol,Manual,First,5.0,4.0,13.4,1798.0,157.8,Skoda,9,litre,2.1,0.22,9.545455,0.15671641791044777
BMW 3 Series 320d Sport Line,Hyderabad,2015,10000,Diesel,Automatic,First,5.0,30.0,18.88,1995.0,184.0,BMW,5,litre,2.51,0.24,10.45833,0.1329449152542373
Maruti SX4 Zxi BSIII,Chennai,2007,62493,Petrol,Manual,First,5.0,1.8,15.0,1586.0,104.68,Maruti,13,litre,2.1,0.22,9.545455,0.14
Maruti Ciaz VXi Plus,Kochi,2015,44620,Petrol,Manual,First,5.0,6.93,20.73,1373.0,91.1,Maruti,5,litre,2.1,0.22,9.545455,0.10130246020260492
Land Rover Range Rover 3.6 TDV8 Vogue SE Diesel,Bangalore,2012,66538,Diesel,Automatic,First,7.0,70.0,10.2,4367.0,308.0,Land,8,litre,2.51,0.24,10.45833,0.246078431372549
Toyota Innova 2.5 G (Diesel) 7 Seater BS IV,Ahmedabad,2013,60000,Diesel,Manual,First,7.0,7.9,12.99,2494.0,100.0,Toyota,7,litre,2.51,0.24,10.45833,0.193225558121632
Hyundai Santro Xing GL,Kochi,2011,20842,Petrol,Manual,First,5.0,2.78,0.0,1086.0,62.0,Hyundai,9,litre,2.1,0.22,9.545455,0.12352941176470589
Hyundai Santa Fe 4WD AT,Chennai,2014,110000,Diesel,Automatic,First,7.0,14.4,13.01,2199.0,194.3,Hyundai,6,litre,2.51,0.24,10.45833,0.1929285165257494
Mercedes-Benz New C-Class C250 Avantgarde,Mumbai,2011,45000,Petrol,Automatic,Second,5.0,13.5,11.74,1796.0,186.0,Mercedes-Benz,9,litre,2.1,0.22,9.545455,0.1788756388415673
Maruti Wagon R LXI CNG,Mumbai,2014,40000,CNG,Manual,Second,5.0,3.15,26.6,998.0,58.16,Maruti,6,kg,2.5625,0.18,14.23611,0.09633458646616541
Maruti Alto LXi,Coimbatore,2012,49008,Petrol,Manual,First,5.0,2.88,19.7,796.0,46.3,Maruti,8,litre,2.1,0.22,9.545455,0.10659898477157362
Maruti Alto 800 2016-2019 LXI,Kolkata,2016,31000,Petrol,Manual,First,5.0,2.15,24.7,796.0,47.3,Maruti,4,litre,2.1,0.22,9.545455,0.08502024291497977
Nissan Sunny 2011-2014 XV,Pune,2013,8000,Petrol,Manual,First,5.0,3.75,16.95,1498.0,97.7,Nissan,7,litre,2.1,0.22,9.545455,0.12389380530973453
Maruti Alto 800 2016-2019 VXI,Mumbai,2019,171,Petrol,Manual,First,5.0,3.6,24.7,796.0,47.3,Maruti,1,litre,2.1,0.22,9.545455,0.08502024291497977
Maruti Alto K10 VXI,Kolkata,2018,2100,Petrol,Manual,First,5.0,3.6,24.07,998.0,67.1,Maruti,2,litre,2.1,0.22,9.545455,0.08724553385957624
Hyundai Grand i10 1.2 Kappa Sportz AT,Coimbatore,2018,20667,Petrol,Automatic,First,5.0,7.55,18.9,1197.0,81.86,Hyundai,2,litre,2.1,0.22,9.545455,0.11111111111111112
Honda Mobilio S i DTEC,Kolkata,2015,50000,Diesel,Manual,First,7.0,4.7,24.2,1498.0,98.6,Honda,5,litre,2.51,0.24,10.45833,0.1037190082644628
Tata Manza Aqua Quadrajet,Jaipur,2010,100030,Diesel,Manual,Second,5.0,1.6,18.8,1248.0,90.0,Tata,10,litre,2.51,0.24,10.45833,0.13351063829787232
Chevrolet Optra Magnum 2.0 LT,Pune,2011,75372,Diesel,Manual,First,5.0,3.34,16.52,1991.0,123.7,Chevrolet,9,litre,2.51,0.24,10.45833,0.15193704600484262
Honda City i VTEC CVT VX,Kochi,2016,60475,Petrol,Automatic,First,5.0,9.1,18.0,1497.0,117.3,Honda,4,litre,2.1,0.22,9.545455,0.11666666666666667
Hyundai Grand i10 1.2 Kappa Sportz,Kochi,2019,18453,Petrol,Manual,First,5.0,6.17,18.9,1197.0,81.86,Hyundai,1,litre,2.1,0.22,9.545455,0.11111111111111112
Hyundai Verna CRDi 1.6 SX,Hyderabad,2008,96578,Diesel,Manual,First,5.0,2.5,22.0,1582.0,126.2,Hyundai,12,litre,2.51,0.24,10.45833,0.11409090909090908
Nissan Micra XL,Kolkata,2016,31001,Petrol,Manual,First,5.0,3.0,18.44,1198.0,75.0,Nissan,4,litre,2.1,0.22,9.545455,0.113882863340564
Hyundai Verna 1.6 SX,Jaipur,2012,65900,Diesel,Manual,First,5.0,5.75,22.32,1582.0,126.32,Hyundai,8,litre,2.51,0.24,10.45833,0.11245519713261648
Hyundai Creta 1.6 VTVT E Plus,Bangalore,2017,26246,Petrol,Manual,First,5.0,10.75,15.29,1591.0,121.3,Hyundai,3,litre,2.1,0.22,9.545455,0.13734466971877046
Maruti Wagon R VXI BS IV,Jaipur,2013,62700,Petrol,Manual,Second,5.0,2.85,20.51,998.0,67.04,Maruti,7,litre,2.1,0.22,9.545455,0.10238907849829351
Honda Accord 2.4 Elegance A/T,Chennai,2008,90000,Petrol,Automatic,First,5.0,6.5,10.2,2354.0,180.0,Honda,12,litre,2.1,0.22,9.545455,0.2058823529411765
Honda City 1.5 S AT,Bangalore,2016,36000,Petrol,Automatic,First,5.0,9.45,16.8,1497.0,118.0,Honda,4,litre,2.1,0.22,9.545455,0.125
Maruti Baleno Alpha 1.3,Delhi,2016,46000,Diesel,Manual,First,5.0,6.75,27.39,1248.0,74.0,Maruti,4,litre,2.51,0.24,10.45833,0.09163928441036874
Honda City i DTec V,Coimbatore,2017,73003,Diesel,Manual,First,5.0,7.75,26.0,1498.0,98.6,Honda,3,litre,2.51,0.24,10.45833,0.09653846153846153
Hyundai i20 Era 1.4 CRDi,Kochi,2014,46566,Diesel,Manual,First,5.0,4.4,22.54,1396.0,88.76,Hyundai,6,litre,2.51,0.24,10.45833,0.11135758651286601
Mercedes-Benz E-Class 2015-2017 E350 Edition E,Jaipur,2015,41493,Diesel,Automatic,First,5.0,42.0,13.0,2987.0,265.0,Mercedes-Benz,5,litre,2.51,0.24,10.45833,0.19307692307692306
Nissan Terrano XV 110 PS,Kochi,2014,103788,Diesel,Manual,First,5.0,5.67,19.01,1461.0,108.5,Nissan,6,litre,2.51,0.24,10.45833,0.13203577064702784
Renault Duster 110PS Diesel RxZ AMT,Bangalore,2016,45000,Diesel,Automatic,First,5.0,11.5,19.6,1461.0,108.45,Renault,4,litre,2.51,0.24,10.45833,0.1280612244897959
Maruti Wagon R LXI Minor,Pune,2009,120000,Petrol,Manual,First,5.0,1.69,18.9,998.0,67.1,Maruti,11,litre,2.1,0.22,9.545455,0.11111111111111112
Hyundai Getz 1.5 CRDi GVS,Jaipur,2009,97359,Diesel,Manual,Second,5.0,1.8,17.1,1493.0,110.0,Hyundai,11,litre,2.51,0.24,10.45833,0.14678362573099413
Maruti Ritz LXi,Mumbai,2016,62000,Petrol,Manual,First,5.0,3.2,18.5,1197.0,85.8,Maruti,4,litre,2.1,0.22,9.545455,0.11351351351351352
Honda City 1.5 GXI,Pune,2004,115000,Petrol,Manual,Second,5.0,1.5,0.0,1493.0,97.7,Honda,16,litre,2.1,0.22,9.545455,0.12352941176470589
BMW 5 Series 520d Sport Line,Kochi,2019,18373,Diesel,Automatic,First,5.0,45.86,22.48,1995.0,187.74,BMW,1,litre,2.51,0.24,10.45833,0.11165480427046262
Volkswagen Polo 1.2 MPI Highline,Hyderabad,2016,60453,Petrol,Manual,First,5.0,5.1,16.47,1198.0,74.0,Volkswagen,4,litre,2.1,0.22,9.545455,0.12750455373406194
Maruti Swift VDI BSIV,Pune,2013,37000,Diesel,Manual,First,5.0,4.85,17.8,1248.0,97.7,Maruti,7,litre,2.51,0.24,10.45833,0.14101123595505616
Ford Figo Petrol ZXI,Mumbai,2010,69009,Petrol,Manual,Second,5.0,2.4,15.6,1196.0,70.0,Ford,10,litre,2.1,0.22,9.545455,0.13461538461538464
BMW 3 Series 320d Luxury Line,Hyderabad,2013,30000,Diesel,Automatic,First,5.0,22.0,18.88,1995.0,184.0,BMW,7,litre,2.51,0.24,10.45833,0.1329449152542373
Hyundai Verna 1.6 SX CRDi (O),Delhi,2012,70707,Diesel,Manual,First,5.0,4.28,22.32,1582.0,126.32,Hyundai,8,litre,2.51,0.24,10.45833,0.11245519713261648
Renault Duster 85PS Diesel RxL,Coimbatore,2015,64677,Diesel,Manual,First,5.0,5.67,20.45,1461.0,83.8,Renault,5,litre,2.51,0.24,10.45833,0.12273838630806845
Hyundai Grand i10 1.2 Kappa Magna AT,Bangalore,2018,3000,Petrol,Automatic,First,5.0,6.2,18.9,1197.0,81.86,Hyundai,2,litre,2.1,0.22,9.545455,0.11111111111111112
BMW X1 sDrive20d,Bangalore,2013,49000,Diesel,Automatic,Second,5.0,14.49,17.05,1995.0,184.0,BMW,7,litre,2.51,0.24,10.45833,0.14721407624633429
Maruti Ritz VDi,Pune,2010,71000,Diesel,Manual,First,5.0,3.0,21.1,1248.0,73.9,Maruti,10,litre,2.51,0.24,10.45833,0.11895734597156396
Hyundai i10 Era 1.1 iTech SE,Jaipur,2010,52000,Petrol,Manual,Second,5.0,2.25,19.81,1086.0,68.05,Hyundai,10,litre,2.1,0.22,9.545455,0.1060070671378092
BMW X5 2014-2019 xDrive 30d Design Pure Experience 7 Seater,Kochi,2016,35659,Diesel,Automatic,First,7.0,43.78,15.97,2993.0,258.0,BMW,4,litre,2.51,0.24,10.45833,0.15716969317470256
Honda City V MT Exclusive,Kochi,2019,5377,Petrol,Manual,First,5.0,11.45,16.8,1497.0,116.3,Honda,1,litre,2.1,0.22,9.545455,0.125
Mahindra Ssangyong Rexton RX7,Delhi,2014,65000,Diesel,Automatic,First,7.0,10.5,11.18,2696.0,184.0,Mahindra,6,litre,2.51,0.24,10.45833,0.22450805008944544
Ford Ecosport 1.5 DV5 MT Titanium Optional,Coimbatore,2015,92708,Diesel,Manual,First,5.0,7.48,22.7,1498.0,89.84,Ford,5,litre,2.51,0.24,10.45833,0.11057268722466959
Maruti Alto LXi,Coimbatore,2010,48105,Petrol,Manual,First,5.0,3.1,19.7,796.0,46.3,Maruti,10,litre,2.1,0.22,9.545455,0.10659898477157362
Volkswagen Polo 1.2 MPI Highline,Mumbai,2011,46759,Petrol,Manual,First,5.0,2.55,16.47,1198.0,74.0,Volkswagen,9,litre,2.1,0.22,9.545455,0.12750455373406194
Volkswagen Polo Diesel Comfortline 1.2L,Jaipur,2013,62000,Diesel,Manual,First,5.0,3.5,22.07,1199.0,73.9,Volkswagen,7,litre,2.51,0.24,10.45833,0.11372904395106478
Volkswagen Polo Diesel Highline 1.2L,Kolkata,2012,35175,Diesel,Manual,First,5.0,2.59,22.07,1199.0,73.9,Volkswagen,8,litre,2.51,0.24,10.45833,0.11372904395106478
Maruti Ertiga ZDI,Kolkata,2013,70000,Diesel,Manual,First,7.0,5.45,20.77,1248.0,88.8,Maruti,7,litre,2.51,0.24,10.45833,0.12084737602311024
Ford EcoSport 1.5 TDCi Ambiente,Kolkata,2017,30000,Diesel,Manual,First,5.0,6.0,22.77,1498.0,98.59,Ford,3,litre,2.51,0.24,10.45833,0.11023276240667544
Toyota Innova Crysta 2.8 ZX AT,Kolkata,2016,66618,Diesel,Automatic,First,7.0,15.49,11.36,2755.0,171.5,Toyota,4,litre,2.51,0.24,10.45833,0.2209507042253521
BMW 5 Series 523i Sedan,Mumbai,2010,69300,Petrol,Automatic,Second,5.0,12.5,10.8,2497.0,150.0,BMW,10,litre,2.1,0.22,9.545455,0.19444444444444445
Maruti Swift Dzire Tour LDI,Kolkata,2017,148000,Diesel,Manual,First,5.0,4.75,23.4,1248.0,74.0,Maruti,3,litre,2.51,0.24,10.45833,0.10726495726495726
Ford Ecosport 1.0 Ecoboost Platinum Edition,Mumbai,2017,22000,Petrol,Manual,First,5.0,7.85,18.88,999.0,123.24,Ford,3,litre,2.1,0.22,9.545455,0.11122881355932204
Hyundai Verna CRDi SX,Ahmedabad,2013,75000,Diesel,Manual,First,5.0,6.0,16.8,1493.0,110.0,Hyundai,7,litre,2.51,0.24,10.45833,0.14940476190476187
Tata Zest Revotron 1.2T XM,Mumbai,2016,43706,Petrol,Manual,First,5.0,4.0,17.57,1193.0,88.7,Tata,4,litre,2.1,0.22,9.545455,0.11952191235059761
Audi A7 2011-2015 3.0 TDI Quattro,Mumbai,2011,42000,Diesel,Automatic,First,5.0,28.75,14.4,2967.0,241.4,Audi,9,litre,2.51,0.24,10.45833,0.17430555555555555
Tata Indica Vista Quadrajet VX,Pune,2012,65000,Diesel,Manual,First,5.0,2.5,22.3,1248.0,74.0,Tata,8,litre,2.51,0.24,10.45833,0.11255605381165917
Maruti Swift Dzire VDI,Delhi,2015,76128,Diesel,Manual,First,5.0,5.5,26.59,1248.0,74.0,Maruti,5,litre,2.51,0.24,10.45833,0.09439638962015795
Fiat Linea Emotion,Kolkata,2010,39852,Petrol,Manual,First,5.0,1.59,16.0,1368.0,90.0,Fiat,10,litre,2.1,0.22,9.545455,0.13125
Hyundai i20 1.2 Spotz,Mumbai,2017,18673,Petrol,Manual,First,5.0,6.22,18.6,1197.0,81.83,Hyundai,3,litre,2.1,0.22,9.545455,0.11290322580645161
Hyundai EON Era Plus,Kolkata,2016,11583,Petrol,Manual,First,5.0,2.75,21.1,814.0,55.2,Hyundai,4,litre,2.1,0.22,9.545455,0.0995260663507109
Hyundai Santro Xing XL,Chennai,2007,82000,Petrol,Manual,Second,5.0,1.35,0.0,1086.0,97.7,Hyundai,13,litre,2.1,0.22,9.545455,0.12352941176470589
Mercedes-Benz GLA Class 200 CDI SPORT,Pune,2017,50000,Diesel,Automatic,First,5.0,25.0,17.9,2143.0,136.0,Mercedes-Benz,3,litre,2.51,0.24,10.45833,0.14022346368715083
Maruti Celerio VXI,Delhi,2014,77000,Petrol,Manual,First,5.0,2.8,23.1,998.0,67.04,Maruti,6,litre,2.1,0.22,9.545455,0.09090909090909091
Chevrolet Beat LT,Mumbai,2014,54890,Petrol,Manual,Second,5.0,2.45,17.8,1199.0,76.8,Chevrolet,6,litre,2.1,0.22,9.545455,0.11797752808988764
Honda Jazz 1.2 V AT i VTEC Privilege,Pune,2016,21000,Petrol,Automatic,First,5.0,6.35,19.0,1199.0,88.7,Honda,4,litre,2.1,0.22,9.545455,0.1105263157894737
BMW 3 Series 320d Highline,Mumbai,2009,58557,Diesel,Automatic,Third,5.0,8.0,16.07,1995.0,181.0,BMW,11,litre,2.51,0.24,10.45833,0.1561916614810205
Renault Duster 110PS Diesel RxL,Bangalore,2014,70000,Diesel,Manual,First,5.0,8.25,19.01,1461.0,108.45,Renault,6,litre,2.51,0.24,10.45833,0.13203577064702784
Ford Figo 2015-2019 1.5P Titanium AT,Mumbai,2017,16000,Petrol,Automatic,First,5.0,5.95,17.01,1499.0,110.4,Ford,3,litre,2.1,0.22,9.545455,0.12345679012345678
Toyota Innova Crysta 2.4 VX MT,Kochi,2018,8899,Diesel,Manual,First,7.0,19.92,13.68,2393.0,147.8,Toyota,2,litre,2.51,0.24,10.45833,0.1834795321637427
Chevrolet Beat Diesel LS,Kochi,2016,83629,Diesel,Manual,First,5.0,3.15,25.44,936.0,56.3,Chevrolet,4,litre,2.51,0.24,10.45833,0.09866352201257861
Volkswagen Polo GTI,Chennai,2014,35059,Petrol,Automatic,First,4.0,5.75,17.21,1798.0,189.0,Volkswagen,6,litre,2.1,0.22,9.545455,0.12202208018593841
Ford Endeavour 3.2 Trend AT 4X4,Kochi,2018,30552,Diesel,Automatic,First,7.0,32.44,10.91,3198.0,197.2,Ford,2,litre,2.51,0.24,10.45833,0.23006416131989
Hyundai Verna 1.6 SX CRDI (O) AT,Kochi,2016,44875,Diesel,Automatic,Second,5.0,8.01,22.32,1582.0,126.32,Hyundai,4,litre,2.51,0.24,10.45833,0.11245519713261648
Ford Figo 2015-2019 1.2P Titanium Opt MT,Coimbatore,2017,25095,Petrol,Manual,First,5.0,6.48,18.16,1196.0,86.8,Ford,3,litre,2.1,0.22,9.545455,0.1156387665198238
Maruti 800 AC,Jaipur,2007,59000,Petrol,Manual,First,4.0,0.75,16.1,796.0,37.0,Maruti,13,litre,2.1,0.22,9.545455,0.13043478260869565
Honda City i DTEC V,Kolkata,2014,36000,Diesel,Manual,First,5.0,5.0,26.0,1498.0,98.6,Honda,6,litre,2.51,0.24,10.45833,0.09653846153846153
Mahindra XUV500 W8 2WD,Mumbai,2012,37000,Diesel,Manual,First,7.0,7.75,16.0,2179.0,140.0,Mahindra,8,litre,2.51,0.24,10.45833,0.156875
Ford Figo Diesel ZXI,Chennai,2010,90000,Diesel,Manual,First,5.0,2.6,20.0,1399.0,68.0,Ford,10,litre,2.51,0.24,10.45833,0.1255
Ford EcoSport 1.5 Petrol Titanium,Pune,2018,17000,Petrol,Manual,First,5.0,9.2,17.0,1497.0,121.36,Ford,2,litre,2.1,0.22,9.545455,0.12352941176470589
Hyundai i20 Asta 1.2,Mumbai,2015,42575,Petrol,Manual,First,5.0,5.05,18.6,1197.0,81.83,Hyundai,5,litre,2.1,0.22,9.545455,0.11290322580645161
Toyota Innova 2.5 G (Diesel) 7 Seater BS IV,Hyderabad,2012,131000,Diesel,Manual,First,7.0,9.6,12.99,2494.0,100.0,Toyota,8,litre,2.51,0.24,10.45833,0.193225558121632
Renault Duster 85PS Diesel RxL Optional,Mumbai,2013,74000,Diesel,Manual,First,5.0,5.5,20.46,1461.0,83.8,Renault,7,litre,2.51,0.24,10.45833,0.12267839687194525
Toyota Innova 2.5 VX (Diesel) 8 Seater,Mumbai,2013,47234,Diesel,Manual,First,8.0,9.35,12.99,2494.0,100.6,Toyota,7,litre,2.51,0.24,10.45833,0.193225558121632
Honda City 1.5 S MT,Delhi,2009,231673,Petrol,Manual,First,5.0,2.6,17.0,1497.0,118.0,Honda,11,litre,2.1,0.22,9.545455,0.12352941176470589
Maruti Alto K10 VXI,Hyderabad,2016,10000,Petrol,Manual,First,5.0,3.5,24.07,998.0,67.1,Maruti,4,litre,2.1,0.22,9.545455,0.08724553385957624
Nissan Micra Active XL Petrol,Kochi,2016,49389,Petrol,Manual,First,5.0,4.26,19.49,1198.0,67.04,Nissan,4,litre,2.1,0.22,9.545455,0.107747562852745
Maruti Celerio VXI AT,Chennai,2016,12000,Petrol,Automatic,Second,5.0,4.25,23.1,998.0,67.04,Maruti,4,litre,2.1,0.22,9.545455,0.09090909090909091
Mercedes-Benz New C-Class 200 Kompressor,Hyderabad,2010,65000,Petrol,Manual,Second,5.0,11.75,11.7,1796.0,178.0,Mercedes-Benz,10,litre,2.1,0.22,9.545455,0.17948717948717952
Ford Fiesta Diesel Style,Chennai,2013,177000,Diesel,Manual,First,5.0,3.5,23.5,1498.0,88.7,Ford,7,litre,2.51,0.24,10.45833,0.10680851063829787
Hyundai Verna 1.6 VTVT S,Jaipur,2015,89000,Petrol,Manual,First,5.0,7.5,17.01,1591.0,121.3,Hyundai,5,litre,2.1,0.22,9.545455,0.12345679012345678
Hyundai i20 1.4 Asta (AT),Chennai,2009,72000,Petrol,Automatic,Third,5.0,3.25,15.0,1396.0,100.0,Hyundai,11,litre,2.1,0.22,9.545455,0.14
Maruti Swift Dzire VXi,Chennai,2012,49000,Petrol,Manual,First,5.0,4.9,17.5,1298.0,85.8,Maruti,8,litre,2.1,0.22,9.545455,0.12000000000000001
Mercedes-Benz New C-Class C 220CDIBE Avantgarde Command,Hyderabad,2014,51355,Diesel,Automatic,First,5.0,27.0,14.84,2143.0,170.0,Mercedes-Benz,6,litre,2.51,0.24,10.45833,0.1691374663072776
Hyundai Elite i20 Petrol Asta,Kochi,2017,13460,Petrol,Manual,First,5.0,8.91,18.6,1197.0,81.86,Hyundai,3,litre,2.1,0.22,9.545455,0.11290322580645161
Hyundai Verna 1.6 VTVT EX AT,Kochi,2014,35642,Petrol,Automatic,First,5.0,6.69,17.01,1591.0,121.4,Hyundai,6,litre,2.1,0.22,9.545455,0.12345679012345678
Chevrolet Cruze LTZ,Kochi,2014,52895,Diesel,Manual,First,5.0,6.02,17.3,1998.0,163.7,Chevrolet,6,litre,2.51,0.24,10.45833,0.14508670520231212
Toyota Corolla Altis 1.8 G,Mumbai,2010,93000,Petrol,Manual,First,5.0,4.5,14.28,1798.0,138.03,Toyota,10,litre,2.1,0.22,9.545455,0.14705882352941177
Maruti A-Star Vxi,Pune,2011,70000,Petrol,Manual,First,5.0,2.0,19.0,998.0,66.1,Maruti,9,litre,2.1,0.22,9.545455,0.1105263157894737
Nissan Micra Diesel XV Premium,Kolkata,2012,32048,Diesel,Manual,First,5.0,2.4,23.08,1461.0,63.1,Nissan,8,litre,2.51,0.24,10.45833,0.10875216637781629
Tata Nano LX,Pune,2013,4700,Petrol,Manual,First,4.0,1.2,25.4,624.0,37.48,Tata,7,litre,2.1,0.22,9.545455,0.08267716535433071
Maruti Swift Dzire Tour LDI,Delhi,2014,71800,Diesel,Manual,First,5.0,2.9,23.4,1248.0,74.0,Maruti,6,litre,2.51,0.24,10.45833,0.10726495726495726
Land Rover Range Rover Sport 2005 2012 Sport,Coimbatore,2008,69078,Petrol,Manual,First,5.0,40.88,0.0,1493.0,97.7,Land,12,litre,2.1,0.22,9.545455,0.12352941176470589
Audi Q3 2.0 TDI Quattro,Ahmedabad,2016,45000,Diesel,Automatic,First,5.0,27.0,17.32,1968.0,184.0,Audi,4,litre,2.51,0.24,10.45833,0.144919168591224
Honda Amaze VX i-DTEC,Chennai,2016,15388,Diesel,Manual,First,5.0,7.5,25.8,1498.0,98.6,Honda,4,litre,2.51,0.24,10.45833,0.09728682170542635
Chevrolet Optra 1.6 LS,Mumbai,2004,98798,Petrol,Manual,First,5.0,1.5,14.7,1599.0,104.0,Chevrolet,16,litre,2.1,0.22,9.545455,0.14285714285714288
Audi Q5 2.0 TDI Premium Plus,Hyderabad,2016,43000,Diesel,Automatic,First,5.0,39.5,14.16,1968.0,174.3,Audi,4,litre,2.51,0.24,10.45833,0.1772598870056497
Maruti Ritz VDi,Hyderabad,2012,85112,Diesel,Manual,First,5.0,3.39,23.2,1248.0,73.94,Maruti,8,litre,2.51,0.24,10.45833,0.10818965517241379
Mahindra Scorpio S6 7 Seater,Kochi,2018,37804,Diesel,Manual,First,7.0,12.4,15.4,2179.0,120.0,Mahindra,2,litre,2.51,0.24,10.45833,0.16298701298701296
Maruti Ciaz ZDi SHVS,Chennai,2014,45000,Diesel,Manual,First,5.0,6.85,28.09,1248.0,88.5,Maruti,6,litre,2.51,0.24,10.45833,0.08935564257742969
Toyota Corolla Altis Aero D 4D J,Pune,2011,116000,Diesel,Manual,Second,5.0,5.75,21.43,1364.0,138.0,Toyota,9,litre,2.51,0.24,10.45833,0.11712552496500232
Tata Indica V2 eLS,Chennai,2015,100073,Diesel,Manual,Second,5.0,2.0,25.0,1396.0,69.0,Tata,5,litre,2.51,0.24,10.45833,0.10039999999999999
Maruti 800 Std BSIII,Jaipur,2006,165000,Petrol,Manual,First,4.0,0.9,16.1,796.0,37.0,Maruti,14,litre,2.1,0.22,9.545455,0.13043478260869565
Volkswagen Polo 1.2 MPI Highline,Kolkata,2015,22000,Petrol,Manual,First,5.0,3.8,16.47,1198.0,74.0,Volkswagen,5,litre,2.1,0.22,9.545455,0.12750455373406194
Hyundai Elantra 2.0 SX Option AT,Delhi,2017,9500,Petrol,Automatic,First,5.0,16.35,14.62,1999.0,149.92,Hyundai,3,litre,2.1,0.22,9.545455,0.1436388508891929
Toyota Fortuner 4x2 4 Speed AT,Hyderabad,2012,152000,Diesel,Automatic,First,7.0,16.5,11.5,2982.0,169.0,Toyota,8,litre,2.51,0.24,10.45833,0.21826086956521737
Maruti Baleno Zeta 1.2,Coimbatore,2019,17705,Petrol,Manual,First,5.0,8.7,21.4,1197.0,83.1,Maruti,1,litre,2.1,0.22,9.545455,0.09813084112149534
Maruti Baleno Zeta 1.2,Mumbai,2016,12000,Petrol,Manual,First,5.0,6.1,21.4,1197.0,83.1,Maruti,4,litre,2.1,0.22,9.545455,0.09813084112149534
Mini Cooper Countryman D,Hyderabad,2013,51000,Diesel,Automatic,First,5.0,21.94,23.8,1998.0,112.0,Mini,7,litre,2.51,0.24,10.45833,0.10546218487394957
Mercedes-Benz S Class 2005 2013 320 CDI,Chennai,2009,42000,Diesel,Automatic,Second,5.0,22.0,13.0,2987.0,210.0,Mercedes-Benz,11,litre,2.51,0.24,10.45833,0.19307692307692306
Maruti Alto K10 LXI,Delhi,2015,51000,Petrol,Manual,First,5.0,2.65,20.92,998.0,67.1,Maruti,5,litre,2.1,0.22,9.545455,0.10038240917782026
Maruti Swift VXI Optional,Kochi,2017,42527,Petrol,Manual,First,5.0,5.27,20.4,1197.0,81.8,Maruti,3,litre,2.1,0.22,9.545455,0.10294117647058824
Chevrolet Sail LT ABS,Kolkata,2014,45000,Diesel,Manual,First,5.0,2.48,22.1,1248.0,74.0,Chevrolet,6,litre,2.51,0.24,10.45833,0.11357466063348415
Toyota Innova 2.5 G (Diesel) 8 Seater BS IV,Kolkata,2011,70000,Diesel,Manual,First,8.0,6.0,12.8,2494.0,102.0,Toyota,9,litre,2.51,0.24,10.45833,0.19609374999999998
Toyota Fortuner 3.0 Diesel,Mumbai,2009,92000,Diesel,Manual,First,7.0,8.9,11.5,2982.0,171.0,Toyota,11,litre,2.51,0.24,10.45833,0.21826086956521737
BMW 3 Series 320d Sport Line,Hyderabad,2012,57156,Diesel,Automatic,Second,5.0,18.0,18.88,1995.0,184.0,BMW,8,litre,2.51,0.24,10.45833,0.1329449152542373
Skoda Octavia Ambition 1.4 TSI MT,Coimbatore,2016,53211,Petrol,Manual,First,5.0,11.64,16.8,1395.0,138.02,Skoda,4,litre,2.1,0.22,9.545455,0.125
Toyota Fortuner 3.0 Diesel,Kolkata,2019,80000,Diesel,Manual,First,7.0,8.99,11.5,2982.0,171.0,Toyota,1,litre,2.51,0.24,10.45833,0.21826086956521737
Volkswagen Jetta 2007-2011 1.9 Highline TDI,Bangalore,2009,74000,Diesel,Automatic,First,5.0,5.25,15.5,1896.0,105.0,Volkswagen,11,litre,2.51,0.24,10.45833,0.16193548387096773
Hyundai i20 1.4 CRDi Asta,Kolkata,2011,37000,Diesel,Manual,First,5.0,2.95,23.0,1396.0,90.0,Hyundai,9,litre,2.51,0.24,10.45833,0.10913043478260868
Tata Manza Club Class Quadrajet90 LX,Mumbai,2013,64000,Diesel,Manual,Second,5.0,2.65,21.02,1248.0,88.76,Tata,7,litre,2.51,0.24,10.45833,0.11941008563273073
Volkswagen Vento Petrol Highline,Pune,2013,57197,Petrol,Manual,First,5.0,4.0,15.04,1598.0,103.6,Volkswagen,7,litre,2.1,0.22,9.545455,0.1396276595744681
Hyundai Creta 1.6 SX Automatic Diesel,Chennai,2016,55000,Diesel,Automatic,First,5.0,12.5,17.6,1582.0,126.2,Hyundai,4,litre,2.51,0.24,10.45833,0.14261363636363633
Maruti Ritz VXI,Mumbai,2014,33000,Petrol,Manual,First,5.0,3.25,21.1,1197.0,85.8,Maruti,6,litre,2.1,0.22,9.545455,0.0995260663507109
Honda CR-V 2.0L 2WD MT,Delhi,2008,70000,Petrol,Manual,First,5.0,4.0,13.1,1997.0,141.1,Honda,12,litre,2.1,0.22,9.545455,0.1603053435114504
Mahindra XUV500 W8 2WD,Delhi,2012,75000,Diesel,Manual,Second,7.0,6.25,15.1,2179.0,140.0,Mahindra,8,litre,2.51,0.24,10.45833,0.1662251655629139
Volkswagen Ameo 1.5 TDI Comfortline,Jaipur,2016,58095,Diesel,Manual,First,5.0,5.8,21.66,1498.0,108.62,Volkswagen,4,litre,2.51,0.24,10.45833,0.11588180978762695
Tata Zest Revotron 1.2 XT,Kolkata,2015,7445,Petrol,Manual,First,5.0,5.0,17.57,1193.0,88.7,Tata,5,litre,2.1,0.22,9.545455,0.11952191235059761
Jaguar XJ 3.0L Portfolio LWB,Kochi,2016,17652,Diesel,Automatic,First,5.0,58.73,12.9,2993.0,270.88,Jaguar,4,litre,2.51,0.24,10.45833,0.1945736434108527
Toyota Corolla Altis 1.8 VL CVT,Kochi,2018,28321,Petrol,Automatic,First,5.0,17.49,14.28,1798.0,138.03,Toyota,2,litre,2.1,0.22,9.545455,0.14705882352941177
Maruti A-Star Vxi,Pune,2011,69000,Petrol,Manual,Second,5.0,1.95,19.0,998.0,66.1,Maruti,9,litre,2.1,0.22,9.545455,0.1105263157894737
Honda Accord VTi-L (AT),Mumbai,2007,80000,Petrol,Automatic,First,5.0,3.0,11.1,2354.0,142.0,Honda,13,litre,2.1,0.22,9.545455,0.1891891891891892
Hyundai i20 Asta (o),Delhi,2014,42365,Petrol,Manual,First,5.0,5.5,17.0,1197.0,80.0,Hyundai,6,litre,2.1,0.22,9.545455,0.12352941176470589
Toyota Fortuner 4x2 AT,Delhi,2013,123000,Diesel,Automatic,First,7.0,16.5,12.55,2982.0,168.5,Toyota,7,litre,2.51,0.24,10.45833,0.19999999999999998
Mercedes-Benz New C-Class C 200 CGI Avantgarde,Mumbai,2011,40000,Petrol,Automatic,Second,5.0,14.5,11.74,1796.0,186.0,Mercedes-Benz,9,litre,2.1,0.22,9.545455,0.1788756388415673
Maruti Baleno Alpha 1.3,Hyderabad,2016,30112,Diesel,Manual,First,5.0,7.79,27.39,1248.0,74.0,Maruti,4,litre,2.51,0.24,10.45833,0.09163928441036874
Maruti Ertiga VDI,Kochi,2017,43775,Diesel,Manual,First,7.0,8.27,20.77,1248.0,88.76,Maruti,3,litre,2.51,0.24,10.45833,0.12084737602311024
Land Rover Range Rover Sport SE,Kochi,2019,26013,Diesel,Automatic,First,5.0,97.07,12.65,2993.0,255.0,Land,1,litre,2.51,0.24,10.45833,0.19841897233201577
Chevrolet Optra Magnum 1.6 LT ABS BS3,Mumbai,2012,56000,Petrol,Manual,First,5.0,2.15,12.9,1598.0,102.5,Chevrolet,8,litre,2.1,0.22,9.545455,0.16279069767441862
Honda Civic 2006-2010 1.8 V AT,Hyderabad,2008,95000,Petrol,Automatic,Second,5.0,3.0,12.9,1799.0,130.0,Honda,12,litre,2.1,0.22,9.545455,0.16279069767441862
BMW X3 xDrive20d,Coimbatore,2014,41089,Diesel,Automatic,First,5.0,28.79,16.09,1995.0,184.0,BMW,6,litre,2.51,0.24,10.45833,0.15599751398384087
Skoda Laura Ambition 2.0 TDI CR AT,Mumbai,2011,41988,Diesel,Automatic,First,5.0,5.45,20.0,1968.0,138.1,Skoda,9,litre,2.51,0.24,10.45833,0.1255
Maruti Swift Dzire VDI,Delhi,2013,72486,Diesel,Manual,First,5.0,3.95,23.4,1248.0,74.0,Maruti,7,litre,2.51,0.24,10.45833,0.10726495726495726
Volvo V40 Cross Country D3,Pune,2013,92000,Diesel,Automatic,First,5.0,16.0,23.3,1984.0,150.0,Volvo,7,litre,2.51,0.24,10.45833,0.10772532188841201
Maruti Swift Dzire ZXi,Delhi,2013,40000,Petrol,Manual,First,5.0,4.25,17.5,1298.0,85.8,Maruti,7,litre,2.1,0.22,9.545455,0.12000000000000001
Land Rover Range Rover 2.2L Pure,Bangalore,2014,56000,Diesel,Automatic,First,5.0,34.5,12.7,2179.0,187.7,Land,6,litre,2.51,0.24,10.45833,0.19763779527559056
Honda Accord 2.4 AT,Mumbai,2008,125000,Petrol,Automatic,Third,5.0,2.6,11.7,2354.0,177.6,Honda,12,litre,2.1,0.22,9.545455,0.17948717948717952
Toyota Innova 2.5 G (Diesel) 8 Seater,Kochi,2017,29219,Diesel,Manual,First,8.0,13.48,12.99,2494.0,100.6,Toyota,3,litre,2.51,0.24,10.45833,0.193225558121632
Toyota Fortuner 4x4 MT,Hyderabad,2018,39927,Diesel,Manual,First,7.0,32.1,12.55,2982.0,168.5,Toyota,2,litre,2.51,0.24,10.45833,0.19999999999999998
Honda Jazz 1.2 E i VTEC,Kochi,2018,38593,Petrol,Manual,First,5.0,6.17,18.7,1199.0,88.7,Honda,2,litre,2.1,0.22,9.545455,0.11229946524064172
Honda City 1.5 V MT,Kolkata,2015,32000,Petrol,Manual,First,5.0,5.5,17.0,1497.0,118.0,Honda,5,litre,2.1,0.22,9.545455,0.12352941176470589
Maruti Dzire AMT ZDI Plus,Hyderabad,2017,28226,Diesel,Automatic,First,5.0,9.15,28.4,1248.0,73.75,Maruti,3,litre,2.51,0.24,10.45833,0.08838028169014084
Nissan Sunny 2011-2014 Diesel XL,Pune,2014,95000,Diesel,Manual,First,5.0,4.5,21.64,1461.0,84.8,Nissan,6,litre,2.51,0.24,10.45833,0.11598890942698704
Toyota Innova 2.5 G (Diesel) 8 Seater,Chennai,2014,194000,Diesel,Manual,First,8.0,10.5,12.99,2494.0,100.6,Toyota,6,litre,2.51,0.24,10.45833,0.193225558121632
Honda Brio S MT,Coimbatore,2016,14821,Petrol,Manual,First,5.0,5.37,19.4,1198.0,86.8,Honda,4,litre,2.1,0.22,9.545455,0.10824742268041239
Volkswagen Vento Petrol Trendline,Bangalore,2012,52000,Petrol,Manual,First,5.0,5.45,15.04,1598.0,103.6,Volkswagen,8,litre,2.1,0.22,9.545455,0.1396276595744681
Mahindra XUV500 W4,Mumbai,2016,33000,Diesel,Manual,First,7.0,9.25,16.0,2179.0,140.0,Mahindra,4,litre,2.51,0.24,10.45833,0.156875
Ford EcoSport 1.5 Diesel Titanium Plus,Chennai,2016,29200,Diesel,Manual,First,5.0,7.7,23.0,1498.0,98.96,Ford,4,litre,2.51,0.24,10.45833,0.10913043478260868
Skoda Yeti Ambition 4X2,Hyderabad,2012,99754,Diesel,Manual,First,5.0,7.99,17.72,1968.0,108.49,Skoda,8,litre,2.51,0.24,10.45833,0.14164785553047404
Hyundai i10 Sportz,Chennai,2012,49000,Petrol,Manual,First,5.0,3.0,20.36,1197.0,78.9,Hyundai,8,litre,2.1,0.22,9.545455,0.1031434184675835
Toyota Innova 2.5 G (Diesel) 8 Seater BS IV,Hyderabad,2005,299322,Diesel,Manual,First,8.0,4.0,12.8,2494.0,102.0,Toyota,15,litre,2.51,0.24,10.45833,0.19609374999999998
Tata Zest Quadrajet 1.3 XT,Coimbatore,2018,38310,Diesel,Manual,First,5.0,6.69,20.65,1248.0,88.7,Tata,2,litre,2.51,0.24,10.45833,0.1215496368038741
Maruti Swift VDI,Delhi,2014,56000,Diesel,Manual,First,5.0,4.25,22.9,1248.0,74.0,Maruti,6,litre,2.51,0.24,10.45833,0.10960698689956332
Skoda Rapid 1.5 TDI AT Style,Kolkata,2017,31300,Diesel,Automatic,First,5.0,10.5,21.72,1498.0,108.4,Skoda,3,litre,2.51,0.24,10.45833,0.11556169429097606
Toyota Innova Crysta 2.4 VX MT 8S,Coimbatore,2019,11241,Diesel,Manual,First,8.0,22.55,13.68,2393.0,147.8,Toyota,1,litre,2.51,0.24,10.45833,0.1834795321637427
Hyundai Verna 1.6 SX VTVT,Pune,2014,48000,Petrol,Manual,Second,5.0,5.2,17.01,1591.0,121.3,Hyundai,6,litre,2.1,0.22,9.545455,0.12345679012345678
Honda City i VTEC VX Option,Coimbatore,2019,23882,Petrol,Manual,First,5.0,11.87,17.4,1497.0,117.3,Honda,1,litre,2.1,0.22,9.545455,0.12068965517241381
Honda City i DTEC SV,Hyderabad,2014,65000,Diesel,Manual,First,5.0,6.99,26.0,1498.0,98.6,Honda,6,litre,2.51,0.24,10.45833,0.09653846153846153
Volkswagen Vento Diesel Highline,Jaipur,2011,50000,Diesel,Manual,First,5.0,5.0,20.54,1598.0,103.6,Volkswagen,9,litre,2.51,0.24,10.45833,0.12220058422590067
Audi Q5 2008-2012 3.0 TDI,Chennai,2014,25000,Diesel,Automatic,First,5.0,44.0,12.19,2967.0,236.0,Audi,6,litre,2.51,0.24,10.45833,0.20590648072190318
Maruti Alto 800 LXI,Chennai,2015,21000,Petrol,Manual,First,5.0,2.79,22.74,796.0,47.3,Maruti,5,litre,2.1,0.22,9.545455,0.09234828496042218
Tata Manza ELAN Quadrajet BS IV,Pune,2012,148000,Diesel,Manual,Second,5.0,2.9,21.12,1248.0,88.8,Tata,8,litre,2.51,0.24,10.45833,0.11884469696969695
Hyundai Creta 1.6 SX Plus Dual Tone Petrol,Delhi,2016,68000,Petrol,Manual,First,5.0,9.85,15.29,1591.0,121.3,Hyundai,4,litre,2.1,0.22,9.545455,0.13734466971877046
Mercedes-Benz GL-Class 2007 2012 350 CDI Luxury,Bangalore,2014,52000,Diesel,Automatic,First,7.0,49.0,12.0,2987.0,224.0,Mercedes-Benz,6,litre,2.51,0.24,10.45833,0.20916666666666664
Mahindra Thar CRDe,Jaipur,2016,19000,Diesel,Manual,First,6.0,9.25,16.55,2498.0,105.0,Mahindra,4,litre,2.51,0.24,10.45833,0.15166163141993955
Hyundai Verna 1.6 CRDI,Mumbai,2011,74000,Diesel,Manual,Second,5.0,3.75,22.32,1582.0,126.3,Hyundai,9,litre,2.51,0.24,10.45833,0.11245519713261648
Ford Aspire Titanium Diesel,Coimbatore,2017,30279,Diesel,Manual,First,5.0,7.29,26.1,1498.0,99.0,Ford,3,litre,2.51,0.24,10.45833,0.09616858237547891
Mini Cooper 3 DOOR D,Mumbai,2016,20000,Diesel,Automatic,First,4.0,23.5,20.7,1496.0,113.98,Mini,4,litre,2.51,0.24,10.45833,0.121256038647343
Maruti Omni 8 Seater BSIV,Hyderabad,2013,34834,Petrol,Manual,First,5.0,2.6,14.0,796.0,35.0,Maruti,7,litre,2.1,0.22,9.545455,0.15
Mahindra Verito 1.5 D4 BSIV,Pune,2015,90000,Diesel,Manual,Second,5.0,3.1,21.03,1461.0,65.0,Mahindra,5,litre,2.51,0.24,10.45833,0.11935330480266285
Mercedes-Benz E-Class 2009-2013 E250 CDI Elegance,Coimbatore,2016,38730,Diesel,Automatic,First,5.0,29.98,14.21,2143.0,203.0,Mercedes-Benz,4,litre,2.51,0.24,10.45833,0.17663617171006332
Renault Duster 110PS Diesel RxZ,Kochi,2016,57390,Diesel,Manual,First,5.0,6.73,19.01,1461.0,108.45,Renault,4,litre,2.51,0.24,10.45833,0.13203577064702784
Maruti Swift Dzire Tour LDI,Kolkata,2016,100000,Diesel,Manual,First,5.0,3.5,23.4,1248.0,74.0,Maruti,4,litre,2.51,0.24,10.45833,0.10726495726495726
Volkswagen Polo Petrol Highline 1.2L,Kolkata,2011,50000,Petrol,Manual,First,5.0,2.35,16.47,1198.0,73.9,Volkswagen,9,litre,2.1,0.22,9.545455,0.12750455373406194
Mahindra XUV500 W10 2WD,Coimbatore,2017,64961,Diesel,Manual,First,7.0,16.13,16.0,2179.0,140.0,Mahindra,3,litre,2.51,0.24,10.45833,0.156875
Volkswagen Polo 1.2 MPI Highline,Coimbatore,2014,72465,Petrol,Manual,First,5.0,5.9,16.47,1198.0,74.0,Volkswagen,6,litre,2.1,0.22,9.545455,0.12750455373406194
Maruti Ritz VXI,Hyderabad,2012,68776,Petrol,Manual,First,5.0,3.9,21.1,1197.0,85.8,Maruti,8,litre,2.1,0.22,9.545455,0.0995260663507109
Chevrolet Optra 1.6 Elite,Pune,2005,150000,Petrol,Manual,First,5.0,1.5,14.7,1598.0,97.7,Chevrolet,15,litre,2.1,0.22,9.545455,0.14285714285714288
Toyota Innova 2.5 GX 7 STR BSIV,Delhi,2012,68000,Diesel,Manual,First,7.0,6.95,12.8,2494.0,102.0,Toyota,8,litre,2.51,0.24,10.45833,0.19609374999999998
Honda City i DTec SV,Delhi,2015,33000,Diesel,Manual,First,5.0,7.0,26.0,1498.0,98.6,Honda,5,litre,2.51,0.24,10.45833,0.09653846153846153
Volkswagen Ameo 1.2 MPI Highline,Coimbatore,2017,22389,Petrol,Manual,First,5.0,7.23,17.0,1198.0,73.75,Volkswagen,3,litre,2.1,0.22,9.545455,0.12352941176470589
Maruti SX4 ZDI Leather,Mumbai,2012,90000,Diesel,Manual,First,5.0,3.81,21.5,1248.0,88.8,Maruti,8,litre,2.51,0.24,10.45833,0.11674418604651161
Maruti Swift ZXI,Chennai,2012,42000,Petrol,Manual,Third,5.0,4.5,18.6,1197.0,85.8,Maruti,8,litre,2.1,0.22,9.545455,0.11290322580645161
Hyundai Creta 1.6 CRDi SX,Pune,2017,38767,Diesel,Manual,First,5.0,12.6,19.67,1582.0,126.2,Hyundai,3,litre,2.51,0.24,10.45833,0.1276054905948144
Audi Q7 35 TDI Quattro Technology,Bangalore,2015,21000,Diesel,Automatic,First,7.0,48.0,12.07,2967.0,241.4,Audi,5,litre,2.51,0.24,10.45833,0.20795360397680196
Maruti Alto LXi BSIII,Coimbatore,2010,59136,Petrol,Manual,First,5.0,2.96,19.7,796.0,46.3,Maruti,10,litre,2.1,0.22,9.545455,0.10659898477157362
Honda Amaze SX i-DTEC,Kolkata,2014,36000,Diesel,Manual,First,5.0,3.25,25.8,1498.0,98.6,Honda,6,litre,2.51,0.24,10.45833,0.09728682170542635
Volkswagen Passat Diesel Highline 2.0 TDI,Chennai,2011,95000,Diesel,Automatic,Second,5.0,8.5,18.33,1968.0,167.7,Volkswagen,9,litre,2.51,0.24,10.45833,0.13693398799781778
Hyundai Elantra CRDi SX AT,Mumbai,2013,51000,Diesel,Automatic,First,5.0,8.75,19.5,1582.0,126.24,Hyundai,7,litre,2.51,0.24,10.45833,0.1287179487179487
Maruti Wagon R VXI BS IV,Kochi,2011,36411,Petrol,Manual,First,5.0,3.08,18.9,998.0,67.1,Maruti,9,litre,2.1,0.22,9.545455,0.11111111111111112
Land Rover Discovery Sport TD4 HSE 7S,Mumbai,2017,40000,Diesel,Automatic,First,7.0,41.5,12.81,1999.0,148.31,Land,3,litre,2.51,0.24,10.45833,0.19594067135050738
Honda City i VTEC SV,Pune,2016,27300,Petrol,Manual,First,5.0,7.0,17.8,1497.0,117.3,Honda,4,litre,2.1,0.22,9.545455,0.11797752808988764
Mercedes-Benz New C-Class C 200 Avantgarde Edition C,Kochi,2011,29813,Petrol,Automatic,Second,5.0,11.5,14.74,1991.0,181.03,Mercedes-Benz,9,litre,2.1,0.22,9.545455,0.1424694708276798
Maruti Wagon R LX BS IV,Pune,2011,71000,Petrol,Manual,First,5.0,2.6,20.51,998.0,67.04,Maruti,9,litre,2.1,0.22,9.545455,0.10238907849829351
Hyundai Verna 1.6 CRDI,Kolkata,2014,32000,Diesel,Manual,First,5.0,4.3,22.32,1582.0,126.3,Hyundai,6,litre,2.51,0.24,10.45833,0.11245519713261648
Maruti Ertiga VXI CNG,Mumbai,2017,19234,CNG,Manual,First,7.0,8.35,17.5,1373.0,80.46,Maruti,3,kg,2.5625,0.18,14.23611,0.14642857142857144
Volkswagen Tiguan 2.0 TDI Highline,Jaipur,2017,50510,Diesel,Automatic,First,5.0,24.9,17.06,1968.0,141.0,Volkswagen,3,litre,2.51,0.24,10.45833,0.14712778429073856
BMW X1 sDrive 20d Exclusive,Pune,2011,102000,Diesel,Automatic,First,5.0,13.75,15.06,1995.0,177.0,BMW,9,litre,2.51,0.24,10.45833,0.16666666666666666
Hyundai Grand i10 1.2 CRDi Sportz Option,Kolkata,2014,42277,Diesel,Manual,First,5.0,3.85,24.0,1186.0,73.97,Hyundai,6,litre,2.51,0.24,10.45833,0.10458333333333332
Mercedes-Benz E-Class E250 CDI Avantgrade,Mumbai,2014,46000,Diesel,Automatic,First,5.0,23.25,13.0,2143.0,201.1,Mercedes-Benz,6,litre,2.51,0.24,10.45833,0.19307692307692306
Mahindra Bolero ZLX,Chennai,2012,35000,Diesel,Manual,First,7.0,7.0,13.6,2523.0,97.7,Mahindra,8,litre,2.51,0.24,10.45833,0.18455882352941175
Hyundai Grand i10 Asta Option,Bangalore,2015,50000,Petrol,Manual,First,5.0,5.75,18.9,1197.0,82.0,Hyundai,5,litre,2.1,0.22,9.545455,0.11111111111111112
Hyundai i10 Magna 1.2,Mumbai,2008,62000,Petrol,Manual,Second,5.0,1.65,20.36,1197.0,78.9,Hyundai,12,litre,2.1,0.22,9.545455,0.1031434184675835
Volkswagen Jetta 2012-2014 2.0L TDI Comfortline,Mumbai,2012,78000,Diesel,Manual,First,5.0,6.5,19.33,1968.0,138.1,Volkswagen,8,litre,2.51,0.24,10.45833,0.1298499741334713
Skoda Yeti Elegance,Chennai,2011,79000,Diesel,Manual,First,5.0,7.5,17.67,1968.0,138.08,Skoda,9,litre,2.51,0.24,10.45833,0.14204867006225239
Audi Q7 45 TDI Quattro Premium Plus,Kochi,2019,6773,Diesel,Automatic,First,7.0,72.94,14.75,2967.0,245.0,Audi,1,litre,2.51,0.24,10.45833,0.1701694915254237
Toyota Fortuner 3.0 Diesel,Chennai,2010,135000,Diesel,Manual,Second,7.0,11.0,11.5,2982.0,171.0,Toyota,10,litre,2.51,0.24,10.45833,0.21826086956521737
Maruti Wagon R VXI Minor ABS,Kochi,2013,36716,Petrol,Manual,First,5.0,3.02,18.9,1061.0,67.0,Maruti,7,litre,2.1,0.22,9.545455,0.11111111111111112
Hyundai EON Era,Coimbatore,2013,65060,Petrol,Manual,First,5.0,3.32,21.1,814.0,55.2,Hyundai,7,litre,2.1,0.22,9.545455,0.0995260663507109
Honda Brio S MT,Delhi,2013,33000,Petrol,Manual,First,5.0,3.24,19.4,1198.0,86.8,Honda,7,litre,2.1,0.22,9.545455,0.10824742268041239
Maruti Alto 800 VXI,Kolkata,2015,11110,Petrol,Manual,First,5.0,2.35,22.74,796.0,47.3,Maruti,5,litre,2.1,0.22,9.545455,0.09234828496042218
Mahindra Bolero ZLX,Jaipur,2013,63000,Diesel,Manual,First,7.0,5.5,15.96,2523.0,62.1,Mahindra,7,litre,2.51,0.24,10.45833,0.15726817042606514
Honda City i VTEC SV,Mumbai,2015,27030,Petrol,Manual,First,5.0,6.75,17.8,1497.0,117.3,Honda,5,litre,2.1,0.22,9.545455,0.11797752808988764
Skoda Rapid 1.6 MPI Elegance Black Package,Mumbai,2015,19600,Petrol,Manual,First,5.0,6.15,15.0,1598.0,103.52,Skoda,5,litre,2.1,0.22,9.545455,0.14
Maruti Swift VVT VXI,Pune,2016,27755,Petrol,Manual,First,5.0,5.45,22.0,1197.0,81.8,Maruti,4,litre,2.1,0.22,9.545455,0.09545454545454546
Hyundai EON Magna Plus,Hyderabad,2013,20000,Petrol,Manual,Second,5.0,2.3,21.1,814.0,55.2,Hyundai,7,litre,2.1,0.22,9.545455,0.0995260663507109
Maruti Swift Dzire ZXI,Kochi,2015,24782,Petrol,Manual,First,5.0,6.21,20.85,1197.0,83.14,Maruti,5,litre,2.1,0.22,9.545455,0.10071942446043165
Nissan Micra XV CVT,Coimbatore,2014,47303,Petrol,Automatic,First,5.0,5.21,19.34,1198.0,76.0,Nissan,6,litre,2.1,0.22,9.545455,0.10858324715615306
Audi Q7 4.2 FSI quattro,Delhi,2008,71000,Petrol,Automatic,First,7.0,11.99,8.3,4134.0,250.0,Audi,12,litre,2.1,0.22,9.545455,0.25301204819277107
Maruti Swift Vdi BSIII,Pune,2010,135000,Diesel,Manual,First,5.0,3.1,17.8,1248.0,75.0,Maruti,10,litre,2.51,0.24,10.45833,0.14101123595505616
Tata Xenon XT EX 4X2,Jaipur,2017,1000,Diesel,Manual,First,5.0,7.5,13.49,2179.0,138.03,Tata,3,litre,2.51,0.24,10.45833,0.1860637509266123
Volkswagen Polo 1.5 TDI Comfortline,Kolkata,2016,29000,Diesel,Manual,First,5.0,4.0,20.14,1498.0,88.8,Volkswagen,4,litre,2.51,0.24,10.45833,0.12462760675273087
Honda City i VTEC SV,Kochi,2016,36367,Petrol,Manual,First,5.0,7.73,17.8,1497.0,117.3,Honda,4,litre,2.1,0.22,9.545455,0.11797752808988764
Honda City i VTEC V,Bangalore,2015,38000,Petrol,Manual,First,5.0,7.8,17.4,1497.0,117.3,Honda,5,litre,2.1,0.22,9.545455,0.12068965517241381
Maruti 800 AC BSIII,Hyderabad,2011,83969,Petrol,Manual,First,4.0,1.3,16.1,796.0,37.0,Maruti,9,litre,2.1,0.22,9.545455,0.13043478260869565
Volkswagen Polo 1.5 TDI Trendline,Jaipur,2014,82621,Diesel,Manual,First,5.0,4.42,20.14,1498.0,88.8,Volkswagen,6,litre,2.51,0.24,10.45833,0.12462760675273087
Chevrolet Captiva LTZ VCDi,Pune,2009,89000,Diesel,Automatic,First,7.0,4.0,12.5,1991.0,147.9,Chevrolet,11,litre,2.51,0.24,10.45833,0.20079999999999998
Mahindra XUV500 W10 2WD,Kolkata,2016,54000,Diesel,Manual,First,7.0,13.0,16.0,2179.0,140.0,Mahindra,4,litre,2.51,0.24,10.45833,0.156875
Honda Amaze VX i-DTEC,Kochi,2015,61691,Diesel,Manual,First,5.0,5.38,25.8,1498.0,98.6,Honda,5,litre,2.51,0.24,10.45833,0.09728682170542635
Hyundai i20 1.2 Sportz Option,Chennai,2011,32200,Petrol,Manual,Second,5.0,3.25,17.0,1197.0,80.0,Hyundai,9,litre,2.1,0.22,9.545455,0.12352941176470589
Maruti Wagon R AMT VXI,Jaipur,2016,68630,Petrol,Automatic,First,5.0,3.87,20.51,998.0,67.0,Maruti,4,litre,2.1,0.22,9.545455,0.10238907849829351
Volkswagen Jetta 2013-2015 2.0L TDI Highline AT,Mumbai,2014,61000,Diesel,Automatic,Second,5.0,8.25,16.96,1968.0,138.03,Volkswagen,6,litre,2.51,0.24,10.45833,0.1479952830188679
Maruti Ciaz 1.4 Zeta,Mumbai,2018,32644,Petrol,Manual,First,5.0,9.28,20.73,1373.0,91.1,Maruti,2,litre,2.1,0.22,9.545455,0.10130246020260492
Mahindra Scorpio 2009-2014 VLX 4WD AT 7S BSIV,Delhi,2012,85000,Diesel,Automatic,First,7.0,6.25,11.79,2179.0,120.0,Mahindra,8,litre,2.51,0.24,10.45833,0.21289228159457166
Chevrolet Aveo U-VA 1.2 LS,Mumbai,2008,75000,Petrol,Manual,Second,5.0,1.15,15.26,1150.0,74.9,Chevrolet,12,litre,2.1,0.22,9.545455,0.13761467889908258
Maruti Ciaz ZXi Option,Kochi,2016,40347,Petrol,Manual,First,5.0,7.8,20.73,1373.0,91.2,Maruti,4,litre,2.1,0.22,9.545455,0.10130246020260492
Hyundai i20 1.4 CRDi Asta,Hyderabad,2012,60788,Diesel,Manual,First,5.0,4.5,23.0,1396.0,90.0,Hyundai,8,litre,2.51,0.24,10.45833,0.10913043478260868
Honda Jazz 1.2 SV i VTEC,Kochi,2018,18664,Petrol,Manual,First,5.0,7.56,18.7,1199.0,88.7,Honda,2,litre,2.1,0.22,9.545455,0.11229946524064172
Mahindra XUV500 W10 2WD,Coimbatore,2017,57847,Diesel,Manual,First,7.0,16.08,16.0,2179.0,140.0,Mahindra,3,litre,2.51,0.24,10.45833,0.156875
Hyundai i20 1.2 Sportz,Bangalore,2012,52237,Petrol,Manual,First,5.0,4.5,17.0,1197.0,80.0,Hyundai,8,litre,2.1,0.22,9.545455,0.12352941176470589
Hyundai Verna 1.6 SX,Chennai,2012,128000,Diesel,Manual,First,5.0,5.0,22.32,1582.0,126.32,Hyundai,8,litre,2.51,0.24,10.45833,0.11245519713261648
Hyundai i10 Era 1.1,Delhi,2011,54000,Petrol,Manual,First,5.0,2.2,19.81,1086.0,68.05,Hyundai,9,litre,2.1,0.22,9.545455,0.1060070671378092
Maruti Celerio VXI AT,Bangalore,2014,49800,Petrol,Automatic,First,5.0,4.0,23.1,998.0,67.04,Maruti,6,litre,2.1,0.22,9.545455,0.09090909090909091
Skoda Fabia 1.2 TDI Ambition,Kolkata,2012,98000,Diesel,Manual,First,5.0,2.51,20.86,1199.0,73.9,Skoda,8,litre,2.51,0.24,10.45833,0.12032598274209012
Maruti Swift VDI BSIV,Delhi,2015,60095,Diesel,Manual,First,5.0,4.75,25.2,1248.0,74.0,Maruti,5,litre,2.51,0.24,10.45833,0.0996031746031746
Hyundai i10 Magna(O) with Sun Roof,Pune,2008,68000,Petrol,Manual,Second,5.0,2.0,16.0,1086.0,66.7,Hyundai,12,litre,2.1,0.22,9.545455,0.13125
Hyundai i10 Magna 1.2,Jaipur,2010,81402,Petrol,Manual,Second,5.0,2.1,20.36,1197.0,78.9,Hyundai,10,litre,2.1,0.22,9.545455,0.1031434184675835
Ford Ecosport 1.5 Ti VCT AT Titanium,Mumbai,2013,38000,Petrol,Automatic,First,5.0,6.25,16.5,1499.0,110.0,Ford,7,litre,2.1,0.22,9.545455,0.1272727272727273
Mercedes-Benz E-Class 2009-2013 E350 CDI Avantgarde,Kochi,2011,92239,Diesel,Automatic,Second,5.0,10.6,11.5,2987.0,210.0,Mercedes-Benz,9,litre,2.51,0.24,10.45833,0.21826086956521737
Maruti Swift VDI BSIV,Ahmedabad,2017,49224,Diesel,Manual,First,5.0,6.0,25.2,1248.0,74.0,Maruti,3,litre,2.51,0.24,10.45833,0.0996031746031746
Maruti 800 Std BSIII,Jaipur,2004,12000,Petrol,Manual,Second,4.0,0.45,16.1,796.0,37.0,Maruti,16,litre,2.1,0.22,9.545455,0.13043478260869565
Maruti Swift Lxi BSIII,Pune,2010,54898,Petrol,Manual,Third,5.0,2.5,16.1,1298.0,88.2,Maruti,10,litre,2.1,0.22,9.545455,0.13043478260869565
Hyundai Creta 1.6 SX Plus Dual Tone Petrol,Mumbai,2018,2500,Petrol,Manual,First,5.0,12.75,15.29,1591.0,121.3,Hyundai,2,litre,2.1,0.22,9.545455,0.13734466971877046
BMW X1 M Sport sDrive 20d,Kochi,2017,32838,Diesel,Automatic,First,5.0,30.29,17.05,1995.0,190.0,BMW,3,litre,2.51,0.24,10.45833,0.14721407624633429
Ford Ikon 1.3 Flair,Hyderabad,2006,27076,Petrol,Manual,First,5.0,1.6,13.8,1299.0,70.0,Ford,14,litre,2.1,0.22,9.545455,0.15217391304347827
Ford Ecosport 1.5 DV5 MT Titanium Optional,Kochi,2017,75445,Diesel,Manual,First,5.0,7.54,22.7,1498.0,89.84,Ford,3,litre,2.51,0.24,10.45833,0.11057268722466959
Maruti Ciaz VXi Plus,Kochi,2015,46601,Petrol,Manual,First,5.0,6.84,20.73,1373.0,91.1,Maruti,5,litre,2.1,0.22,9.545455,0.10130246020260492
Volkswagen Passat Diesel Highline 2.0 TDI,Kolkata,2012,72000,Diesel,Automatic,First,5.0,6.0,18.33,1968.0,167.7,Volkswagen,8,litre,2.51,0.24,10.45833,0.13693398799781778
Honda Jazz 1.5 VX i DTEC,Pune,2017,27000,Diesel,Manual,First,5.0,8.0,27.3,1498.0,98.6,Honda,3,litre,2.51,0.24,10.45833,0.09194139194139193
Audi A4 35 TDI Premium,Coimbatore,2016,68193,Diesel,Automatic,First,5.0,24.74,17.11,1968.0,174.33,Audi,4,litre,2.51,0.24,10.45833,0.146697837521917
Hyundai Grand i10 CRDi Sportz Celebration Edition,Kochi,2017,34429,Diesel,Manual,First,5.0,5.5,24.0,1120.0,70.0,Hyundai,3,litre,2.51,0.24,10.45833,0.10458333333333332
Mercedes-Benz GL-Class 2007 2012 350 CDI Luxury,Delhi,2013,46000,Diesel,Automatic,First,7.0,36.0,12.0,2987.0,224.0,Mercedes-Benz,7,litre,2.51,0.24,10.45833,0.20916666666666664
Toyota Innova 2.5 G (Diesel) 7 Seater,Coimbatore,2013,80544,Diesel,Manual,First,7.0,11.79,12.99,2494.0,100.6,Toyota,7,litre,2.51,0.24,10.45833,0.193225558121632
Nissan Sunny 2011-2014 XL,Jaipur,2011,42000,Petrol,Manual,Second,5.0,3.0,16.95,1498.0,97.7,Nissan,9,litre,2.1,0.22,9.545455,0.12389380530973453
Skoda Laura Ambiente 2.0 TDI CR AT,Bangalore,2011,94821,Diesel,Automatic,Second,5.0,6.75,20.0,1968.0,138.1,Skoda,9,litre,2.51,0.24,10.45833,0.1255
Chevrolet Aveo 1.4 LS,Jaipur,2006,100000,Petrol,Manual,First,5.0,1.4,14.49,1399.0,92.7,Chevrolet,14,litre,2.1,0.22,9.545455,0.14492753623188406
Honda Mobilio V i DTEC,Mumbai,2014,57000,Diesel,Manual,First,7.0,5.75,24.2,1498.0,98.6,Honda,6,litre,2.51,0.24,10.45833,0.1037190082644628
Maruti Ritz VDi,Hyderabad,2010,79894,Diesel,Manual,First,5.0,3.4,21.1,1248.0,73.9,Maruti,10,litre,2.51,0.24,10.45833,0.11895734597156396
Volkswagen Polo Petrol Highline 1.2L,Coimbatore,2011,44748,Petrol,Manual,Second,5.0,4.89,16.47,1198.0,73.9,Volkswagen,9,litre,2.1,0.22,9.545455,0.12750455373406194
Nissan Terrano XL,Mumbai,2013,31000,Petrol,Manual,First,5.0,4.95,13.24,1598.0,102.5,Nissan,7,litre,2.1,0.22,9.545455,0.15861027190332327
Maruti A-Star AT Vxi Aktiv,Coimbatore,2013,60587,Petrol,Automatic,Second,5.0,3.49,16.98,998.0,66.1,Maruti,7,litre,2.1,0.22,9.545455,0.12367491166077739
Toyota Etios Liva GD,Pune,2011,32000,Diesel,Manual,First,5.0,3.85,23.59,1364.0,97.7,Toyota,9,litre,2.51,0.24,10.45833,0.10640101738024586
Honda City 1.5 S MT,Pune,2014,43772,Petrol,Manual,First,5.0,6.35,17.0,1497.0,118.0,Honda,6,litre,2.1,0.22,9.545455,0.12352941176470589
Hyundai Grand i10 AT Asta,Coimbatore,2017,23576,Petrol,Automatic,First,5.0,7.08,18.9,1197.0,82.0,Hyundai,3,litre,2.1,0.22,9.545455,0.11111111111111112
Jaguar XE 2.0L Diesel Prestige,Hyderabad,2017,4000,Diesel,Automatic,First,5.0,38.0,13.6,1999.0,177.0,Jaguar,3,litre,2.51,0.24,10.45833,0.18455882352941175
Mahindra Scorpio VLX,Kolkata,2012,62000,Diesel,Manual,First,8.0,6.25,12.05,2179.0,120.0,Mahindra,8,litre,2.51,0.24,10.45833,0.20829875518672197
Mercedes-Benz New C-Class C 200 Kompressor Elegance AT,Mumbai,2011,36000,Petrol,Automatic,First,5.0,10.15,11.74,1796.0,186.0,Mercedes-Benz,9,litre,2.1,0.22,9.545455,0.1788756388415673
Skoda Superb Elegance 1.8 TSI AT,Delhi,2014,80000,Petrol,Automatic,First,5.0,10.75,13.7,1798.0,157.75,Skoda,6,litre,2.1,0.22,9.545455,0.15328467153284672
Chevrolet Cruze LTZ AT,Pune,2012,137008,Diesel,Automatic,First,4.0,4.65,18.1,1991.0,147.9,Chevrolet,8,litre,2.51,0.24,10.45833,0.13867403314917126
Mahindra Scorpio VLX,Delhi,2010,61001,Diesel,Manual,First,8.0,4.75,12.05,2179.0,120.0,Mahindra,10,litre,2.51,0.24,10.45833,0.20829875518672197
Hyundai Verna 1.6 SX VTVT (O),Coimbatore,2015,52191,Petrol,Manual,First,5.0,7.78,17.1,1591.0,121.3,Hyundai,5,litre,2.1,0.22,9.545455,0.12280701754385964
Hyundai i20 1.4 Asta CRDi with AVN,Hyderabad,2016,77076,Diesel,Manual,First,5.0,6.75,23.0,1396.0,90.0,Hyundai,4,litre,2.51,0.24,10.45833,0.10913043478260868
Honda City ZX CVT,Hyderabad,2008,56000,Petrol,Automatic,First,5.0,2.99,16.4,1497.0,78.0,Honda,12,litre,2.1,0.22,9.545455,0.12804878048780488
Hyundai i10 Magna,Kolkata,2013,21000,Petrol,Manual,First,5.0,2.35,20.36,1197.0,78.9,Hyundai,7,litre,2.1,0.22,9.545455,0.1031434184675835
Honda Amaze S i-Dtech,Delhi,2013,89429,Diesel,Manual,First,5.0,3.65,25.8,1498.0,98.6,Honda,7,litre,2.51,0.24,10.45833,0.09728682170542635
Maruti Wagon R LXI,Delhi,2012,45631,Petrol,Manual,Second,5.0,2.74,22.5,998.0,67.04,Maruti,8,litre,2.1,0.22,9.545455,0.09333333333333334
Honda Brio S MT,Jaipur,2013,53959,Petrol,Manual,First,5.0,3.5,19.4,1198.0,86.8,Honda,7,litre,2.1,0.22,9.545455,0.10824742268041239
Hyundai i20 1.2 Sportz Option,Kochi,2014,55804,Petrol,Manual,First,5.0,4.76,17.0,1197.0,80.0,Hyundai,6,litre,2.1,0.22,9.545455,0.12352941176470589
Volkswagen Vento 2013-2015 1.6 Comfortline,Kochi,2016,25899,Petrol,Manual,First,5.0,6.2,15.04,1598.0,103.2,Volkswagen,4,litre,2.1,0.22,9.545455,0.1396276595744681
Skoda Octavia Rider 1.9 TDI MT,Pune,2008,82000,Diesel,Manual,Second,5.0,2.35,18.7,1896.0,66.0,Skoda,12,litre,2.51,0.24,10.45833,0.13422459893048128
Mercedes-Benz E-Class 2015-2017 E250 CDI Avantgarde,Mumbai,2014,52000,Diesel,Automatic,First,5.0,24.5,13.0,2143.0,204.0,Mercedes-Benz,6,litre,2.51,0.24,10.45833,0.19307692307692306
Renault Duster Petrol RxL,Pune,2013,20000,Petrol,Manual,First,5.0,6.0,13.24,1598.0,102.57,Renault,7,litre,2.1,0.22,9.545455,0.15861027190332327
Hyundai EON Sportz,Hyderabad,2017,31829,Petrol,Manual,First,5.0,3.65,21.1,814.0,55.2,Hyundai,3,litre,2.1,0.22,9.545455,0.0995260663507109
Maruti Swift VXI,Coimbatore,2016,18094,Petrol,Manual,Second,5.0,6.26,18.6,1197.0,85.8,Maruti,4,litre,2.1,0.22,9.545455,0.11290322580645161
Nissan Micra Diesel,Jaipur,2011,80000,Diesel,Manual,Second,5.0,2.1,19.5,1461.0,97.7,Nissan,9,litre,2.51,0.24,10.45833,0.1287179487179487
Audi Q5 3.0 TDI Quattro Technology,Mumbai,2015,11964,Diesel,Automatic,First,5.0,32.95,13.22,2967.0,241.4,Audi,5,litre,2.51,0.24,10.45833,0.18986384266263234
Hyundai i20 1.2 Spotz,Coimbatore,2018,22684,Petrol,Manual,First,5.0,7.8,18.6,1197.0,81.83,Hyundai,2,litre,2.1,0.22,9.545455,0.11290322580645161
Honda Brio S MT,Bangalore,2014,43521,Petrol,Manual,First,5.0,4.25,19.4,1198.0,86.8,Honda,6,litre,2.1,0.22,9.545455,0.10824742268041239
Maruti Swift Dzire ZXi,Kochi,2014,49386,Petrol,Manual,First,5.0,4.86,17.5,1298.0,85.8,Maruti,6,litre,2.1,0.22,9.545455,0.12000000000000001
Hyundai Grand i10 1.2 Kappa Magna,Delhi,2017,12248,Petrol,Manual,First,5.0,4.9,18.9,1197.0,81.86,Hyundai,3,litre,2.1,0.22,9.545455,0.11111111111111112
Mahindra Xylo E8 ABS BS IV,Coimbatore,2014,67771,Diesel,Manual,First,8.0,7.06,11.68,2498.0,112.0,Mahindra,6,litre,2.51,0.24,10.45833,0.2148972602739726
Volkswagen Polo GTI,Delhi,2015,60007,Petrol,Automatic,First,4.0,4.5,17.21,1798.0,189.0,Volkswagen,5,litre,2.1,0.22,9.545455,0.12202208018593841
Maruti Alto K10 VXI,Coimbatore,2011,48624,Petrol,Manual,First,5.0,3.22,24.07,998.0,67.1,Maruti,9,litre,2.1,0.22,9.545455,0.08724553385957624
Volkswagen Polo Diesel Comfortline 1.2L,Kolkata,2014,30000,Diesel,Manual,First,5.0,3.25,22.07,1199.0,73.9,Volkswagen,6,litre,2.51,0.24,10.45833,0.11372904395106478
Hyundai Grand i10 Sportz,Delhi,2016,81605,Petrol,Manual,First,5.0,4.53,18.9,1197.0,82.0,Hyundai,4,litre,2.1,0.22,9.545455,0.11111111111111112
Mercedes-Benz New C-Class C 220 CDI Elegance AT,Coimbatore,2017,32642,Diesel,Automatic,First,5.0,34.78,14.84,2143.0,170.0,Mercedes-Benz,3,litre,2.51,0.24,10.45833,0.1691374663072776
Hyundai Verna 1.6 SX VTVT AT,Pune,2014,34200,Petrol,Automatic,First,5.0,6.5,15.74,1591.0,121.3,Hyundai,6,litre,2.1,0.22,9.545455,0.13341804320203304
Fiat Punto EVO 1.2 Emotion,Chennai,2010,72204,Petrol,Manual,First,5.0,2.25,15.7,1172.0,67.0,Fiat,10,litre,2.1,0.22,9.545455,0.1337579617834395
Toyota Innova 2.5 VX (Diesel) 8 Seater BS IV,Pune,2011,156347,Diesel,Manual,Second,8.0,8.0,12.99,2494.0,100.0,Toyota,9,litre,2.51,0.24,10.45833,0.193225558121632
Mahindra TUV 300 2015-2019 mHAWK100 T8 AMT,Kochi,2017,47357,Diesel,Automatic,First,7.0,8.37,18.49,1493.0,100.0,Mahindra,3,litre,2.51,0.24,10.45833,0.1357490535424554
Volkswagen Polo 1.5 TDI Comfortline,Coimbatore,2015,61738,Diesel,Manual,First,5.0,5.39,20.14,1498.0,88.8,Volkswagen,5,litre,2.51,0.24,10.45833,0.12462760675273087
BMW 5 Series 520d Luxury Line,Kochi,2018,32586,Diesel,Automatic,First,5.0,37.3,22.48,1995.0,190.0,BMW,2,litre,2.51,0.24,10.45833,0.11165480427046262
Mercedes-Benz GLE 350d,Coimbatore,2018,40129,Diesel,Automatic,First,5.0,70.8,11.57,2987.0,254.79,Mercedes-Benz,2,litre,2.51,0.24,10.45833,0.21694036300777872
Mercedes-Benz M-Class ML 350 CDI,Mumbai,2012,51000,Diesel,Automatic,First,5.0,22.25,11.74,2987.0,254.8,Mercedes-Benz,8,litre,2.51,0.24,10.45833,0.2137989778534923
Hyundai Grand i10 1.2 Kappa Sportz,Kochi,2018,10393,Petrol,Manual,First,5.0,6.03,18.9,1197.0,81.86,Hyundai,2,litre,2.1,0.22,9.545455,0.11111111111111112
Skoda Superb Elegance 1.8 TSI AT,Mumbai,2011,46000,Petrol,Automatic,First,5.0,4.9,13.7,1798.0,157.75,Skoda,9,litre,2.1,0.22,9.545455,0.15328467153284672
Hyundai i10 Sportz AT,Chennai,2013,21000,Petrol,Automatic,First,5.0,3.96,16.95,1197.0,78.9,Hyundai,7,litre,2.1,0.22,9.545455,0.12389380530973453
Hyundai i20 1.4 CRDi Asta,Hyderabad,2011,113562,Diesel,Manual,First,5.0,4.6,23.0,1396.0,90.0,Hyundai,9,litre,2.51,0.24,10.45833,0.10913043478260868
Mahindra Scorpio VLX,Mumbai,2011,100010,Diesel,Manual,Second,8.0,5.5,12.05,2179.0,120.0,Mahindra,9,litre,2.51,0.24,10.45833,0.20829875518672197
Honda Brio V MT,Mumbai,2013,63107,Petrol,Manual,First,5.0,3.25,19.4,1198.0,86.8,Honda,7,litre,2.1,0.22,9.545455,0.10824742268041239
Hyundai i20 1.2 Magna Executive,Jaipur,2017,58500,Petrol,Manual,First,5.0,6.25,18.6,1197.0,81.83,Hyundai,3,litre,2.1,0.22,9.545455,0.11290322580645161
Ford Endeavour 4x2 XLT Limited Edition,Pune,2007,90000,Diesel,Manual,Fourth & Above,7.0,3.0,10.9,2499.0,143.0,Ford,13,litre,2.51,0.24,10.45833,0.23027522935779815
Hyundai Verna CRDi SX,Chennai,2011,108242,Diesel,Manual,First,5.0,4.25,16.8,1493.0,110.0,Hyundai,9,litre,2.51,0.24,10.45833,0.14940476190476187
Toyota Fortuner 3.0 Diesel,Pune,2011,146300,Diesel,Manual,First,7.0,12.25,11.5,2982.0,171.0,Toyota,9,litre,2.51,0.24,10.45833,0.21826086956521737
BMW X1 sDrive20d,Pune,2011,62943,Diesel,Automatic,Second,5.0,10.95,17.05,1995.0,184.0,BMW,9,litre,2.51,0.24,10.45833,0.14721407624633429
Toyota Fortuner 4x2 AT,Delhi,2013,65000,Diesel,Automatic,First,7.0,16.5,12.55,2982.0,168.5,Toyota,7,litre,2.51,0.24,10.45833,0.19999999999999998
Honda Amaze V CVT Petrol,Pune,2018,1700,Petrol,Automatic,First,5.0,7.8,19.0,1199.0,88.76,Honda,2,litre,2.1,0.22,9.545455,0.1105263157894737
Hyundai i10 Era 1.1,Kochi,2013,34697,Petrol,Manual,First,5.0,3.7,19.81,1086.0,68.05,Hyundai,7,litre,2.1,0.22,9.545455,0.1060070671378092
Hyundai i20 1.2 Sportz,Hyderabad,2012,58000,Petrol,Manual,First,5.0,4.0,17.0,1197.0,80.0,Hyundai,8,litre,2.1,0.22,9.545455,0.12352941176470589
BMW 3 Series 320d GT Luxury Line,Mumbai,2015,32500,Diesel,Automatic,First,5.0,26.75,19.59,1995.0,187.74,BMW,5,litre,2.51,0.24,10.45833,0.12812659520163347
Audi Q3 35 TDI Quattro Premium Plus,Coimbatore,2016,58661,Diesel,Automatic,First,5.0,28.03,15.17,1968.0,181.0,Audi,4,litre,2.51,0.24,10.45833,0.16545814106789716
Maruti Swift VXI Optional,Kochi,2017,37124,Petrol,Manual,First,5.0,5.44,20.4,1197.0,81.8,Maruti,3,litre,2.1,0.22,9.545455,0.10294117647058824
Maruti Baleno Delta Automatic,Delhi,2017,44000,Petrol,Automatic,First,5.0,6.2,21.4,1197.0,83.1,Maruti,3,litre,2.1,0.22,9.545455,0.09813084112149534
Hyundai Accent GLE,Kolkata,2005,45200,Petrol,Manual,First,5.0,0.9,13.2,1495.0,94.0,Hyundai,15,litre,2.1,0.22,9.545455,0.15909090909090912
Maruti Ritz LXi,Mumbai,2016,11000,Petrol,Manual,First,5.0,3.95,18.5,1197.0,85.8,Maruti,4,litre,2.1,0.22,9.545455,0.11351351351351352
Tata Nano Lx,Pune,2011,65000,Petrol,Manual,Second,4.0,0.44,26.0,624.0,35.0,Tata,9,litre,2.1,0.22,9.545455,0.08076923076923077
Ford Figo Diesel EXI,Ahmedabad,2012,55005,Diesel,Manual,First,5.0,2.75,20.0,1399.0,68.0,Ford,8,litre,2.51,0.24,10.45833,0.1255
Volkswagen Passat Diesel Highline 2.0 TDI,Hyderabad,2011,81650,Diesel,Automatic,First,5.0,7.5,18.33,1968.0,167.7,Volkswagen,9,litre,2.51,0.24,10.45833,0.13693398799781778
Fiat Linea Emotion Pack (Diesel),Chennai,2010,160000,Diesel,Manual,Second,5.0,2.5,19.0,1248.0,93.0,Fiat,10,litre,2.51,0.24,10.45833,0.13210526315789473
Mahindra Xylo D4,Hyderabad,2015,169000,Diesel,Manual,First,7.0,5.0,14.95,2489.0,93.7,Mahindra,5,litre,2.51,0.24,10.45833,0.16789297658862876
Maruti Wagon R VXI,Hyderabad,2013,67263,Petrol,Manual,First,5.0,3.6,18.9,998.0,67.1,Maruti,7,litre,2.1,0.22,9.545455,0.11111111111111112
Toyota Etios G Safety,Kochi,2012,44223,Petrol,Manual,First,5.0,3.99,17.6,1496.0,88.7,Toyota,8,litre,2.1,0.22,9.545455,0.11931818181818181
Hyundai Grand i10 Sportz,Coimbatore,2015,36840,Petrol,Manual,First,5.0,5.64,18.9,1197.0,82.0,Hyundai,5,litre,2.1,0.22,9.545455,0.11111111111111112
Toyota Innova 2.5 VX (Diesel) 8 Seater BS IV,Pune,2014,160000,Diesel,Manual,First,8.0,12.0,12.99,2494.0,100.0,Toyota,6,litre,2.51,0.24,10.45833,0.193225558121632
Tata Indica V2 DLS TC,Kolkata,2008,133000,Diesel,Manual,First,5.0,0.7,16.8,1405.0,62.0,Tata,12,litre,2.51,0.24,10.45833,0.14940476190476187
BMW 3 Series 320d Sport Line,Mumbai,2015,69123,Diesel,Automatic,First,5.0,19.0,18.88,1995.0,184.0,BMW,5,litre,2.51,0.24,10.45833,0.1329449152542373
Ford Endeavour 3.2 Titanium AT 4X4,Delhi,2017,38000,Diesel,Automatic,First,7.0,30.48,10.91,3198.0,197.0,Ford,3,litre,2.51,0.24,10.45833,0.23006416131989
Maruti Ciaz Zeta,Mumbai,2017,5500,Petrol,Manual,First,5.0,8.2,21.56,1462.0,103.25,Maruti,3,litre,2.1,0.22,9.545455,0.09740259740259741
Ford Figo 1.5D Titanium Plus MT,Kolkata,2015,1001,Diesel,Manual,First,5.0,7.55,25.83,1498.0,99.0,Ford,5,litre,2.51,0.24,10.45833,0.09717382888114595
Chevrolet Aveo U-VA 1.2 LS,Pune,2007,59000,Petrol,Manual,Third,5.0,0.99,15.26,1150.0,74.9,Chevrolet,13,litre,2.1,0.22,9.545455,0.13761467889908258
Honda City 1.5 V AT,Delhi,2011,78256,Petrol,Automatic,First,5.0,4.15,16.8,1497.0,118.0,Honda,9,litre,2.1,0.22,9.545455,0.125
Nissan Sunny XL,Chennai,2016,90000,Petrol,Manual,First,5.0,6.2,16.95,1498.0,97.6,Nissan,4,litre,2.1,0.22,9.545455,0.12389380530973453
Maruti Swift Dzire VXI,Kolkata,2016,18000,Petrol,Manual,First,5.0,4.4,19.1,1197.0,85.8,Maruti,4,litre,2.1,0.22,9.545455,0.10994764397905758
Ford Figo Diesel Titanium,Kolkata,2012,60000,Diesel,Manual,First,5.0,2.1,20.0,1399.0,68.0,Ford,8,litre,2.51,0.24,10.45833,0.1255
Fiat Grande Punto 1.3 Emotion (Diesel),Jaipur,2011,130000,Diesel,Manual,First,5.0,2.2,20.3,1248.0,75.0,Fiat,9,litre,2.51,0.24,10.45833,0.12364532019704431
Hyundai Elite i20 Petrol Asta,Coimbatore,2018,32851,Petrol,Manual,First,5.0,8.34,18.6,1197.0,81.86,Hyundai,2,litre,2.1,0.22,9.545455,0.11290322580645161
Maruti Swift Dzire VDI,Kolkata,2014,32000,Diesel,Manual,First,5.0,4.35,23.4,1248.0,74.0,Maruti,6,litre,2.51,0.24,10.45833,0.10726495726495726
Ford Ecosport 1.5 DV5 MT Titanium,Hyderabad,2014,62700,Diesel,Manual,First,5.0,6.8,22.7,1498.0,89.84,Ford,6,litre,2.51,0.24,10.45833,0.11057268722466959
Maruti Swift Dzire VDi,Jaipur,2010,71000,Diesel,Manual,First,5.0,3.3,19.3,1248.0,73.9,Maruti,10,litre,2.51,0.24,10.45833,0.13005181347150258
Hyundai Grand i10 Sportz,Kochi,2016,19947,Petrol,Manual,First,5.0,5.04,18.9,1197.0,82.0,Hyundai,4,litre,2.1,0.22,9.545455,0.11111111111111112
Ford Endeavour 3.0L 4X4 AT,Hyderabad,2012,91000,Diesel,Automatic,First,7.0,9.2,11.4,2953.0,153.86,Ford,8,litre,2.51,0.24,10.45833,0.2201754385964912
Volkswagen Polo Diesel Highline 1.2L,Hyderabad,2014,74000,Diesel,Manual,First,5.0,5.7,22.07,1199.0,73.9,Volkswagen,6,litre,2.51,0.24,10.45833,0.11372904395106478
Mahindra TUV 300 2015-2019 mHAWK100 T8,Kochi,2018,55594,Diesel,Manual,First,7.0,8.48,18.49,1493.0,100.0,Mahindra,2,litre,2.51,0.24,10.45833,0.1357490535424554
BMW X6 xDrive 40d,Hyderabad,2013,58000,Diesel,Automatic,First,4.0,48.0,11.2,2993.0,306.0,BMW,7,litre,2.51,0.24,10.45833,0.22410714285714287
Renault Duster 110PS Diesel RxZ,Hyderabad,2012,110224,Diesel,Manual,First,5.0,6.1,19.01,1461.0,108.45,Renault,8,litre,2.51,0.24,10.45833,0.13203577064702784
Maruti Wagon R LXI,Ahmedabad,2010,21002,Petrol,Manual,First,5.0,2.75,22.5,998.0,67.04,Maruti,10,litre,2.1,0.22,9.545455,0.09333333333333334
Maruti Ertiga SHVS VDI,Pune,2017,121000,Diesel,Manual,First,7.0,8.0,24.52,1248.0,88.5,Maruti,3,litre,2.51,0.24,10.45833,0.10236541598694943
Maruti Alto LXi BSIII,Jaipur,2010,73513,Petrol,Manual,First,5.0,1.85,19.7,796.0,46.3,Maruti,10,litre,2.1,0.22,9.545455,0.10659898477157362
Maruti Wagon R AMT VXI Option,Jaipur,2015,34000,Petrol,Automatic,First,5.0,3.85,20.51,998.0,67.0,Maruti,5,litre,2.1,0.22,9.545455,0.10238907849829351
Maruti Eeco 7 Seater Standard,Coimbatore,2017,28371,Petrol,Manual,First,7.0,4.74,15.1,1196.0,73.0,Maruti,3,litre,2.1,0.22,9.545455,0.13907284768211922
Renault Duster 110PS Diesel RxL,Kochi,2013,74755,Diesel,Manual,First,5.0,5.63,19.6,1461.0,108.45,Renault,7,litre,2.51,0.24,10.45833,0.1280612244897959
Maruti Zen Estilo 1.1 LX BSIII,Kochi,2011,25805,Petrol,Manual,First,5.0,2.62,18.2,1061.0,64.0,Maruti,9,litre,2.1,0.22,9.545455,0.11538461538461539
Renault Duster Petrol RxL,Kochi,2015,82603,Petrol,Manual,First,5.0,4.9,13.06,1598.0,102.53,Renault,5,litre,2.1,0.22,9.545455,0.16079632465543645
Honda Civic 2006-2010 1.8 S MT,Chennai,2006,110000,Petrol,Manual,First,5.0,2.65,13.5,1799.0,130.0,Honda,14,litre,2.1,0.22,9.545455,0.15555555555555556
Mahindra XUV500 W8 2WD,Delhi,2012,88000,Diesel,Manual,First,7.0,5.99,16.0,2179.0,140.0,Mahindra,8,litre,2.51,0.24,10.45833,0.156875
Mahindra Verito 1.5 D6 BSIV,Chennai,2011,110000,Diesel,Manual,Second,5.0,2.4,21.0,1461.0,64.1,Mahindra,9,litre,2.51,0.24,10.45833,0.11952380952380952
Renault KWID Climber 1.0 MT,Delhi,2017,15000,Petrol,Manual,First,5.0,4.25,21.7,999.0,67.0,Renault,3,litre,2.1,0.22,9.545455,0.09677419354838711
Porsche Cayenne Diesel,Mumbai,2013,70000,Diesel,Automatic,First,5.0,40.0,15.15,2967.0,240.0,Porsche,7,litre,2.51,0.24,10.45833,0.16567656765676567
Maruti Swift DDiS VDI,Pune,2008,150000,Diesel,Manual,Second,5.0,2.7,28.4,1248.0,74.0,Maruti,12,litre,2.51,0.24,10.45833,0.08838028169014084
Datsun GO T Option,Hyderabad,2016,19000,Petrol,Manual,First,5.0,2.99,20.63,1198.0,67.0,Datsun,4,litre,2.1,0.22,9.545455,0.10179350460494427
Hyundai i20 1.2 Magna,Chennai,2011,37442,Petrol,Manual,First,5.0,3.4,18.5,1197.0,80.0,Hyundai,9,litre,2.1,0.22,9.545455,0.11351351351351352
BMW 5 Series 2013-2017 520d Luxury Line,Coimbatore,2016,63111,Diesel,Automatic,Second,5.0,30.8,18.12,1995.0,190.0,BMW,4,litre,2.51,0.24,10.45833,0.13852097130242824
Maruti Ertiga ZDI,Mumbai,2012,88000,Diesel,Manual,First,7.0,5.85,20.77,1248.0,88.8,Maruti,8,litre,2.51,0.24,10.45833,0.12084737602311024
Hyundai Grand i10 Magna,Jaipur,2014,42355,Petrol,Manual,First,5.0,4.0,18.9,1197.0,82.0,Hyundai,6,litre,2.1,0.22,9.545455,0.11111111111111112
BMW 3 Series 330i,Coimbatore,2011,75871,Petrol,Automatic,First,5.0,14.12,9.43,2996.0,254.0,BMW,9,litre,2.1,0.22,9.545455,0.22269353128313893
Chevrolet Cruze LTZ,Mumbai,2011,65000,Diesel,Manual,First,5.0,4.55,17.9,1998.0,163.7,Chevrolet,9,litre,2.51,0.24,10.45833,0.14022346368715083
Mercedes-Benz M-Class ML 350 4Matic,Pune,2015,69000,Diesel,Automatic,First,5.0,38.0,0.0,2987.0,165.0,Mercedes-Benz,5,litre,2.51,0.24,10.45833,0.12352941176470589
Maruti Ritz LDi,Jaipur,2011,79232,Diesel,Manual,First,5.0,2.9,21.1,1248.0,73.9,Maruti,9,litre,2.51,0.24,10.45833,0.11895734597156396
Mercedes-Benz New C-Class C 200 Kompressor Elegance AT,Pune,2007,220000,Petrol,Automatic,Second,5.0,6.0,11.74,1796.0,186.0,Mercedes-Benz,13,litre,2.1,0.22,9.545455,0.1788756388415673
Hyundai i20 1.2 Magna Executive,Kochi,2016,28470,Petrol,Manual,First,5.0,6.95,18.6,1197.0,81.83,Hyundai,4,litre,2.1,0.22,9.545455,0.11290322580645161
Hyundai EON 1.0 Kappa Magna Plus Optional,Kolkata,2014,9759,Petrol,Manual,First,5.0,2.75,20.3,998.0,68.05,Hyundai,6,litre,2.1,0.22,9.545455,0.10344827586206896
Maruti Swift VDI,Pune,2014,75216,Diesel,Manual,First,5.0,5.1,22.9,1248.0,74.0,Maruti,6,litre,2.51,0.24,10.45833,0.10960698689956332
Hyundai i20 Sportz 1.2,Chennai,2017,8000,Petrol,Manual,First,5.0,6.75,18.6,1197.0,81.83,Hyundai,3,litre,2.1,0.22,9.545455,0.11290322580645161
Maruti Ritz ZXi,Mumbai,2014,59451,Petrol,Manual,First,5.0,3.69,18.5,1197.0,85.8,Maruti,6,litre,2.1,0.22,9.545455,0.11351351351351352
Maruti Swift VDI,Hyderabad,2013,53996,Diesel,Manual,First,5.0,5.45,22.9,1248.0,74.0,Maruti,7,litre,2.51,0.24,10.45833,0.10960698689956332
Honda WRV i-VTEC VX,Kochi,2018,15135,Petrol,Manual,First,5.0,9.29,17.5,1199.0,88.7,Honda,2,litre,2.1,0.22,9.545455,0.12000000000000001
Hyundai Xcent 1.2 Kappa AT S Option,Chennai,2015,53000,Petrol,Automatic,Second,5.0,4.0,16.9,1197.0,81.86,Hyundai,5,litre,2.1,0.22,9.545455,0.12426035502958581
Honda Amaze E i-Vtech,Kolkata,2013,40000,Petrol,Manual,First,5.0,2.9,18.0,1198.0,86.7,Honda,7,litre,2.1,0.22,9.545455,0.11666666666666667
Hyundai Verna 1.6 SX VTVT (O),Pune,2013,21107,Petrol,Manual,First,5.0,5.25,17.1,1591.0,121.3,Hyundai,7,litre,2.1,0.22,9.545455,0.12280701754385964
Honda City V MT,Mumbai,2014,56000,Petrol,Manual,First,5.0,5.75,16.8,1497.0,116.3,Honda,6,litre,2.1,0.22,9.545455,0.125
Hyundai Creta 1.6 SX Plus Dual Tone Petrol,Coimbatore,2017,19623,Petrol,Manual,First,5.0,13.12,15.29,1591.0,121.3,Hyundai,3,litre,2.1,0.22,9.545455,0.13734466971877046
Mahindra XUV500 W8 2WD,Kochi,2014,70963,Diesel,Manual,First,7.0,7.83,15.1,2179.0,140.0,Mahindra,6,litre,2.51,0.24,10.45833,0.1662251655629139
Maruti Wagon R LXI CNG,Mumbai,2013,25755,CNG,Manual,First,5.0,3.15,26.6,998.0,58.16,Maruti,7,kg,2.5625,0.18,14.23611,0.09633458646616541
Toyota Innova 2.5 V Diesel 7-seater,Mumbai,2013,51450,Diesel,Manual,First,7.0,10.4,12.8,2494.0,102.0,Toyota,7,litre,2.51,0.24,10.45833,0.19609374999999998
Maruti Swift VDI,Pune,2012,75000,Diesel,Manual,First,5.0,4.35,22.9,1248.0,74.0,Maruti,8,litre,2.51,0.24,10.45833,0.10960698689956332
Maruti Wagon R VXI AMT,Coimbatore,2017,37832,Petrol,Automatic,First,5.0,5.23,22.5,998.0,67.0,Maruti,3,litre,2.1,0.22,9.545455,0.09333333333333334
Hyundai Grand i10 1.2 Kappa Asta,Coimbatore,2016,43041,Petrol,Manual,First,5.0,6.01,18.9,1197.0,81.86,Hyundai,4,litre,2.1,0.22,9.545455,0.11111111111111112
Honda Amaze VX i-DTEC,Hyderabad,2014,97236,Diesel,Manual,First,5.0,4.4,25.8,1498.0,98.6,Honda,6,litre,2.51,0.24,10.45833,0.09728682170542635
BMW 3 Series 320d Highline,Chennai,2010,83000,Diesel,Automatic,First,5.0,12.75,16.07,1995.0,181.0,BMW,10,litre,2.51,0.24,10.45833,0.1561916614810205
Ford Figo Petrol Titanium,Delhi,2011,65000,Petrol,Manual,First,5.0,2.4,15.6,1196.0,70.0,Ford,9,litre,2.1,0.22,9.545455,0.13461538461538464
Volkswagen Ameo 1.2 MPI Trendline,Kochi,2018,46007,Petrol,Manual,First,5.0,5.71,17.0,1198.0,73.75,Volkswagen,2,litre,2.1,0.22,9.545455,0.12352941176470589
Ford Ecosport 1.5 DV5 MT Trend,Kochi,2015,65925,Diesel,Manual,Second,5.0,5.49,22.7,1498.0,89.84,Ford,5,litre,2.51,0.24,10.45833,0.11057268722466959
Honda City 1.3 EXI,Pune,2004,73500,Petrol,Manual,Second,5.0,1.3,13.0,1343.0,90.0,Honda,16,litre,2.1,0.22,9.545455,0.16153846153846155
Mahindra XUV500 W6 2WD,Kolkata,2014,55000,Diesel,Manual,First,7.0,8.5,16.0,2179.0,140.0,Mahindra,6,litre,2.51,0.24,10.45833,0.156875
Toyota Fortuner 4x2 Manual,Delhi,2012,115000,Diesel,Manual,First,7.0,12.99,13.0,2982.0,168.5,Toyota,8,litre,2.51,0.24,10.45833,0.19307692307692306
Hyundai Grand i10 1.2 Kappa Magna,Kolkata,2017,31184,Petrol,Manual,First,5.0,5.0,18.9,1197.0,81.86,Hyundai,3,litre,2.1,0.22,9.545455,0.11111111111111112
Maruti Dzire AMT ZDI Plus,Pune,2017,41747,Diesel,Automatic,First,5.0,9.0,28.4,1248.0,73.75,Maruti,3,litre,2.51,0.24,10.45833,0.08838028169014084
Maruti Swift VDI,Kochi,2016,38143,Diesel,Manual,First,5.0,5.22,22.9,1248.0,74.0,Maruti,4,litre,2.51,0.24,10.45833,0.10960698689956332
Volkswagen Polo Petrol Highline 1.2L,Pune,2012,19030,Petrol,Manual,First,5.0,3.8,16.47,1198.0,73.9,Volkswagen,8,litre,2.1,0.22,9.545455,0.12750455373406194
Toyota Etios Liva 1.2 VX Dual Tone,Coimbatore,2019,20877,Petrol,Manual,First,5.0,7.27,18.16,1197.0,78.9,Toyota,1,litre,2.1,0.22,9.545455,0.1156387665198238
Maruti Swift VXI,Mumbai,2016,23555,Petrol,Manual,First,5.0,5.1,22.0,1197.0,81.8,Maruti,4,litre,2.1,0.22,9.545455,0.09545454545454546
Mercedes-Benz E-Class 2009-2013 E250 CDI Elegance,Bangalore,2013,29000,Diesel,Automatic,First,5.0,29.0,14.21,2143.0,203.0,Mercedes-Benz,7,litre,2.51,0.24,10.45833,0.17663617171006332
Maruti Wagon R VXI,Pune,2013,61000,Petrol,Manual,First,5.0,2.9,18.9,998.0,67.1,Maruti,7,litre,2.1,0.22,9.545455,0.11111111111111112
Tata Nano Lx BSIV,Kochi,2012,4187,Petrol,Manual,First,4.0,1.38,26.0,624.0,35.0,Tata,8,litre,2.1,0.22,9.545455,0.08076923076923077
Skoda Laura 1.8 TSI Ambiente,Bangalore,2011,46000,Petrol,Manual,First,5.0,5.5,13.4,1798.0,157.8,Skoda,9,litre,2.1,0.22,9.545455,0.15671641791044777
Volkswagen Polo GT TSI,Mumbai,2016,28000,Petrol,Automatic,First,5.0,7.25,17.21,1197.0,103.5,Volkswagen,4,litre,2.1,0.22,9.545455,0.12202208018593841
Hyundai Verna 1.6 SX,Coimbatore,2014,83558,Diesel,Manual,First,5.0,6.98,22.32,1582.0,126.32,Hyundai,6,litre,2.51,0.24,10.45833,0.11245519713261648
Tata Bolt Quadrajet XE,Hyderabad,2017,40000,Diesel,Manual,First,5.0,5.25,22.95,1248.0,74.0,Tata,3,litre,2.51,0.24,10.45833,0.10936819172113289
Hyundai EON D Lite Plus,Kolkata,2013,36000,Petrol,Manual,First,5.0,1.95,21.1,814.0,55.2,Hyundai,7,litre,2.1,0.22,9.545455,0.0995260663507109
Audi A4 2.0 TDI 177 Bhp Premium Plus,Bangalore,2014,21000,Diesel,Automatic,First,5.0,24.5,17.11,1968.0,174.33,Audi,6,litre,2.51,0.24,10.45833,0.146697837521917
Toyota Innova 2.5 GX (Diesel) 7 Seater,Kochi,2013,62162,Diesel,Manual,First,7.0,8.31,12.99,2494.0,100.0,Toyota,7,litre,2.51,0.24,10.45833,0.193225558121632
Mercedes-Benz M-Class ML 350 CDI,Hyderabad,2012,83000,Diesel,Automatic,First,5.0,36.0,11.74,2987.0,254.8,Mercedes-Benz,8,litre,2.51,0.24,10.45833,0.2137989778534923
Hyundai Xcent 1.1 CRDi S,Pune,2015,58000,Diesel,Manual,First,5.0,5.5,24.4,1120.0,71.0,Hyundai,5,litre,2.51,0.24,10.45833,0.10286885245901639
Honda Accord 2.4 AT,Kochi,2011,62332,Petrol,Automatic,First,5.0,5.89,11.7,2354.0,177.6,Honda,9,litre,2.1,0.22,9.545455,0.17948717948717952
Volkswagen Vento 1.5 TDI Highline,Kochi,2016,50867,Diesel,Manual,First,5.0,7.95,20.34,1498.0,103.2,Volkswagen,4,litre,2.51,0.24,10.45833,0.12340216322517207
Hyundai i20 Sportz Petrol,Mumbai,2010,73000,Petrol,Manual,First,5.0,2.75,17.0,1197.0,80.0,Hyundai,10,litre,2.1,0.22,9.545455,0.12352941176470589
Hyundai Elantra CRDi SX,Jaipur,2012,98008,Diesel,Manual,First,5.0,6.25,22.7,1582.0,126.24,Hyundai,8,litre,2.51,0.24,10.45833,0.11057268722466959
Ford Figo Diesel Titanium,Hyderabad,2015,36000,Diesel,Manual,First,5.0,4.95,20.0,1399.0,68.05,Ford,5,litre,2.51,0.24,10.45833,0.1255
Hyundai i20 1.2 Magna Executive,Kochi,2019,27339,Petrol,Manual,First,5.0,6.27,18.6,1197.0,81.83,Hyundai,1,litre,2.1,0.22,9.545455,0.11290322580645161
Hyundai Verna 1.6 CRDi SX,Kolkata,2017,25000,Diesel,Manual,First,5.0,8.65,23.9,1582.0,126.2,Hyundai,3,litre,2.51,0.24,10.45833,0.10502092050209205
Hyundai Grand i10 Asta,Kolkata,2014,37000,Petrol,Manual,First,5.0,3.5,18.9,1197.0,82.0,Hyundai,6,litre,2.1,0.22,9.545455,0.11111111111111112
Audi Q5 2.0 TDI,Hyderabad,2015,56000,Diesel,Automatic,First,5.0,35.0,14.16,1968.0,174.3,Audi,5,litre,2.51,0.24,10.45833,0.1772598870056497
Maruti Swift Dzire ZXi,Kolkata,2015,27000,Petrol,Manual,First,5.0,4.45,17.5,1298.0,85.8,Maruti,5,litre,2.1,0.22,9.545455,0.12000000000000001
Hyundai i20 Magna,Kolkata,2012,37000,Petrol,Manual,First,5.0,2.65,18.5,1197.0,80.0,Hyundai,8,litre,2.1,0.22,9.545455,0.11351351351351352
Mahindra KUV 100 mFALCON D75 K4 Plus 5str,Kolkata,2017,10500,Diesel,Manual,First,5.0,4.7,25.32,1198.0,77.0,Mahindra,3,litre,2.51,0.24,10.45833,0.09913112164296997
Hyundai Elantra 1.6 SX Option AT,Ahmedabad,2014,49000,Diesel,Automatic,First,5.0,8.9,18.23,1582.0,126.2,Hyundai,6,litre,2.51,0.24,10.45833,0.13768513439385627
Jeep Compass 2.0 Limited Option Black,Mumbai,2017,7000,Diesel,Manual,First,5.0,17.45,17.1,1956.0,170.0,Jeep,3,litre,2.51,0.24,10.45833,0.14678362573099413
Maruti Vitara Brezza VDi Option,Coimbatore,2017,71256,Diesel,Manual,First,5.0,9.58,24.3,1248.0,88.5,Maruti,3,litre,2.51,0.24,10.45833,0.10329218106995884
Toyota Corolla Altis 1.8 GL,Kochi,2012,83184,Petrol,Manual,First,5.0,6.22,14.28,1798.0,138.03,Toyota,8,litre,2.1,0.22,9.545455,0.14705882352941177
Mahindra XUV500 W8 2WD,Kolkata,2013,87284,Diesel,Manual,First,7.0,7.8,15.1,2179.0,140.0,Mahindra,7,litre,2.51,0.24,10.45833,0.1662251655629139
BMW X1 xDrive 20d xLine,Mumbai,2016,7000,Diesel,Automatic,First,5.0,27.75,20.68,1995.0,190.0,BMW,4,litre,2.51,0.24,10.45833,0.1213733075435203
Hyundai i20 Magna 1.4 CRDi,Pune,2015,29000,Diesel,Manual,Second,5.0,7.0,22.54,1396.0,88.73,Hyundai,5,litre,2.51,0.24,10.45833,0.11135758651286601
Mercedes-Benz GLE 350d,Coimbatore,2017,33552,Diesel,Automatic,First,5.0,64.87,11.57,2987.0,254.79,Mercedes-Benz,3,litre,2.51,0.24,10.45833,0.21694036300777872
Chevrolet Cruze LTZ,Bangalore,2013,64000,Diesel,Manual,Second,5.0,6.5,17.3,1998.0,163.7,Chevrolet,7,litre,2.51,0.24,10.45833,0.14508670520231212
Hyundai i20 1.2 Magna,Jaipur,2011,82000,Petrol,Manual,Second,5.0,2.7,18.5,1197.0,80.0,Hyundai,9,litre,2.1,0.22,9.545455,0.11351351351351352
Honda Brio S MT,Mumbai,2012,70000,Petrol,Manual,Second,5.0,2.5,19.4,1198.0,86.8,Honda,8,litre,2.1,0.22,9.545455,0.10824742268041239
Nissan Evalia 2013 XL,Hyderabad,2013,166194,Diesel,Manual,First,7.0,3.9,19.3,1461.0,84.8,Nissan,7,litre,2.51,0.24,10.45833,0.13005181347150258
Volkswagen Polo Petrol Trendline 1.2L,Delhi,2015,58000,Petrol,Manual,First,5.0,3.95,16.47,1198.0,73.9,Volkswagen,5,litre,2.1,0.22,9.545455,0.12750455373406194
Hyundai i10 Sportz 1.2,Chennai,2010,77000,Petrol,Manual,Second,5.0,2.1,20.36,1197.0,78.9,Hyundai,10,litre,2.1,0.22,9.545455,0.1031434184675835
Chevrolet Cruze LTZ AT,Pune,2009,73204,Diesel,Automatic,Third,4.0,3.5,18.1,1991.0,147.9,Chevrolet,11,litre,2.51,0.24,10.45833,0.13867403314917126
Hyundai i10 Era,Hyderabad,2007,70000,Petrol,Manual,Second,5.0,2.0,19.81,1086.0,68.05,Hyundai,13,litre,2.1,0.22,9.545455,0.1060070671378092
Maruti Ertiga VDI,Delhi,2014,79870,Diesel,Manual,First,7.0,5.35,20.77,1248.0,88.76,Maruti,6,litre,2.51,0.24,10.45833,0.12084737602311024
Honda Amaze S i-Dtech,Delhi,2013,90000,Diesel,Manual,First,5.0,3.8,25.8,1498.0,98.6,Honda,7,litre,2.51,0.24,10.45833,0.09728682170542635
Mercedes-Benz A Class A180 Sport,Mumbai,2016,17000,Petrol,Automatic,First,5.0,17.25,15.5,1595.0,122.0,Mercedes-Benz,4,litre,2.1,0.22,9.545455,0.13548387096774195
Hyundai Grand i10 1.2 Kappa Magna,Kochi,2018,46493,Petrol,Manual,First,5.0,5.53,18.9,1197.0,81.86,Hyundai,2,litre,2.1,0.22,9.545455,0.11111111111111112
Hyundai i10 Sportz 1.2,Pune,2009,68000,Petrol,Manual,Third,5.0,1.95,20.36,1197.0,78.9,Hyundai,11,litre,2.1,0.22,9.545455,0.1031434184675835
Maruti Swift DDiS ZDI Plus,Hyderabad,2017,2000,Diesel,Manual,First,5.0,8.2,28.4,1248.0,74.0,Maruti,3,litre,2.51,0.24,10.45833,0.08838028169014084
Honda City 1.3 EXI,Pune,1999,140000,Petrol,Manual,First,5.0,0.9,13.0,1343.0,90.0,Honda,21,litre,2.1,0.22,9.545455,0.16153846153846155
Toyota Innova 2.5 GX (Diesel) 7 Seater,Pune,2013,255000,Diesel,Manual,Third,7.0,6.5,12.99,2494.0,100.6,Toyota,7,litre,2.51,0.24,10.45833,0.193225558121632
Mini Cooper Countryman D High,Coimbatore,2014,45535,Diesel,Automatic,First,5.0,19.41,23.8,1998.0,112.0,Mini,6,litre,2.51,0.24,10.45833,0.10546218487394957
Fiat Linea T-Jet Active,Coimbatore,2016,39228,Petrol,Manual,First,5.0,6.58,15.7,1368.0,112.4,Fiat,4,litre,2.1,0.22,9.545455,0.1337579617834395
Chevrolet Aveo 1.4 LT,Mumbai,2011,57000,Petrol,Manual,Second,5.0,2.1,14.49,1399.0,92.7,Chevrolet,9,litre,2.1,0.22,9.545455,0.14492753623188406
Hyundai i10 Era 1.1,Chennai,2008,85445,Petrol,Manual,Second,5.0,2.0,19.81,1086.0,68.05,Hyundai,12,litre,2.1,0.22,9.545455,0.1060070671378092
Hyundai Xcent 1.1 CRDi Base,Delhi,2015,54000,Diesel,Manual,First,5.0,3.7,24.4,1120.0,71.0,Hyundai,5,litre,2.51,0.24,10.45833,0.10286885245901639
Maruti Celerio VXI AT,Mumbai,2014,53000,Petrol,Automatic,First,5.0,3.8,23.1,998.0,67.04,Maruti,6,litre,2.1,0.22,9.545455,0.09090909090909091
Hyundai i10 Sportz,Jaipur,2014,60000,Petrol,Manual,First,5.0,3.25,20.36,1197.0,78.9,Hyundai,6,litre,2.1,0.22,9.545455,0.1031434184675835
Renault Duster 85PS Diesel RxL,Coimbatore,2015,65668,Diesel,Manual,First,5.0,5.53,19.87,1461.0,83.8,Renault,5,litre,2.51,0.24,10.45833,0.1263210870659285
BMW 3 Series 320d,Ahmedabad,2011,100000,Diesel,Automatic,Second,5.0,10.9,22.69,1995.0,190.0,BMW,9,litre,2.51,0.24,10.45833,0.11062141912736886
Hyundai Grand i10 Sportz,Kolkata,2018,1800,Petrol,Manual,First,5.0,5.1,18.9,1197.0,82.0,Hyundai,2,litre,2.1,0.22,9.545455,0.11111111111111112
Hyundai Santro DX,Hyderabad,2007,96000,Petrol,Manual,Second,5.0,2.2,0.0,999.0,97.7,Hyundai,13,litre,2.1,0.22,9.545455,0.12352941176470589
Chevrolet Spark 1.0 LS,Pune,2009,44200,Petrol,Manual,Second,5.0,1.6,18.0,995.0,62.0,Chevrolet,11,litre,2.1,0.22,9.545455,0.11666666666666667
Honda City i VTEC VX Option,Ahmedabad,2018,14000,Petrol,Manual,First,5.0,11.25,17.4,1497.0,117.3,Honda,2,litre,2.1,0.22,9.545455,0.12068965517241381
Toyota Fortuner 4x2 4 Speed AT,Delhi,2012,73000,Diesel,Automatic,First,7.0,14.4,11.5,2982.0,169.0,Toyota,8,litre,2.51,0.24,10.45833,0.21826086956521737
Honda City 1.5 S MT,Delhi,2011,68000,Petrol,Manual,First,5.0,3.6,17.0,1497.0,118.0,Honda,9,litre,2.1,0.22,9.545455,0.12352941176470589
BMW 5 Series 2013-2017 520d Luxury Line,Jaipur,2017,19543,Diesel,Automatic,First,5.0,40.5,18.12,1995.0,190.0,BMW,3,litre,2.51,0.24,10.45833,0.13852097130242824
Audi Q5 30 TDI quattro Premium Plus,Bangalore,2014,38000,Diesel,Automatic,Second,5.0,38.95,14.16,1968.0,174.3,Audi,6,litre,2.51,0.24,10.45833,0.1772598870056497
Maruti Ritz LDi,Delhi,2014,32805,Diesel,Manual,First,5.0,3.6,23.2,1248.0,73.94,Maruti,6,litre,2.51,0.24,10.45833,0.10818965517241379
Volkswagen Vento 1.5 TDI Highline AT,Kochi,2016,44782,Diesel,Automatic,First,5.0,7.12,21.21,1498.0,103.2,Volkswagen,4,litre,2.51,0.24,10.45833,0.11834040546911832
Honda City i DTEC SV,Kochi,2016,55700,Diesel,Manual,First,5.0,7.52,26.0,1498.0,98.6,Honda,4,litre,2.51,0.24,10.45833,0.09653846153846153
Audi A4 New 2.0 TDI Multitronic,Delhi,2012,60000,Diesel,Automatic,Second,5.0,10.35,15.2,1968.0,140.8,Audi,8,litre,2.51,0.24,10.45833,0.1651315789473684
Skoda Rapid 1.6 MPI Elegance,Hyderabad,2014,56000,Petrol,Manual,First,5.0,7.0,15.0,1598.0,103.52,Skoda,6,litre,2.1,0.22,9.545455,0.14
Toyota Fortuner 3.0 Diesel,Delhi,2011,60000,Diesel,Manual,First,7.0,10.85,11.5,2982.0,171.0,Toyota,9,litre,2.51,0.24,10.45833,0.21826086956521737
Chevrolet Optra Magnum 2.0 LT BS3,Mumbai,2010,78563,Diesel,Manual,First,5.0,2.35,16.52,1991.0,123.7,Chevrolet,10,litre,2.51,0.24,10.45833,0.15193704600484262
Maruti Eeco 7 Seater Standard,Mumbai,2014,34669,Petrol,Manual,First,7.0,2.9,15.1,1196.0,73.0,Maruti,6,litre,2.1,0.22,9.545455,0.13907284768211922
Maruti Ciaz ZXi,Delhi,2017,17000,Petrol,Manual,First,5.0,7.65,20.73,1373.0,91.1,Maruti,3,litre,2.1,0.22,9.545455,0.10130246020260492
Maruti Ciaz VDi Plus SHVS,Delhi,2016,66000,Diesel,Manual,First,5.0,6.4,28.09,1248.0,88.5,Maruti,4,litre,2.51,0.24,10.45833,0.08935564257742969
Toyota Innova 2.5 LE 2014 Diesel 7 Seater,Pune,2014,102418,Diesel,Manual,First,7.0,10.1,12.99,2494.0,100.6,Toyota,6,litre,2.51,0.24,10.45833,0.193225558121632
Maruti Swift Dzire VXI,Kolkata,2014,48800,Petrol,Manual,First,5.0,4.25,19.1,1197.0,85.8,Maruti,6,litre,2.1,0.22,9.545455,0.10994764397905758
Toyota Innova Crysta 2.8 GX AT,Kochi,2019,10601,Diesel,Automatic,First,7.0,19.65,11.36,2755.0,171.5,Toyota,1,litre,2.51,0.24,10.45833,0.2209507042253521
Tata Indica V2 eLX,Pune,2017,8200,Diesel,Manual,First,5.0,4.4,25.0,1396.0,69.0,Tata,3,litre,2.51,0.24,10.45833,0.10039999999999999
Hyundai i20 Magna,Jaipur,2012,100000,Petrol,Manual,First,5.0,3.25,18.5,1197.0,82.85,Hyundai,8,litre,2.1,0.22,9.545455,0.11351351351351352
Ford Fiesta 1.4 Duratorq ZXI,Pune,2012,78000,Diesel,Manual,First,5.0,2.8,17.8,1399.0,68.0,Ford,8,litre,2.51,0.24,10.45833,0.14101123595505616
Chevrolet Enjoy 1.3 TCDi LS 8,Kolkata,2015,50000,Diesel,Manual,First,8.0,4.3,18.2,1248.0,73.74,Chevrolet,5,litre,2.51,0.24,10.45833,0.1379120879120879
Ford Fiesta 1.4 Duratorq EXI,Chennai,2006,89327,Diesel,Manual,Third,5.0,1.55,17.8,1399.0,68.0,Ford,14,litre,2.51,0.24,10.45833,0.14101123595505616
Honda CR-V 2.4 MT,Chennai,2007,98000,Petrol,Manual,Second,5.0,4.7,10.8,2354.0,152.0,Honda,13,litre,2.1,0.22,9.545455,0.19444444444444445
Honda Jazz 1.2 VX i VTEC,Kochi,2017,24700,Petrol,Manual,First,5.0,7.07,18.7,1199.0,88.7,Honda,3,litre,2.1,0.22,9.545455,0.11229946524064172
Mercedes-Benz GLS 350d Grand Edition,Delhi,2018,6000,Diesel,Automatic,First,7.0,79.0,11.0,2987.0,258.0,Mercedes-Benz,2,litre,2.51,0.24,10.45833,0.22818181818181815
Hyundai Grand i10 1.2 Kappa Sportz,Delhi,2018,9434,Petrol,Manual,First,5.0,5.75,18.9,1197.0,81.86,Hyundai,2,litre,2.1,0.22,9.545455,0.11111111111111112
Maruti Ritz VXi,Mumbai,2012,29000,Petrol,Manual,First,5.0,3.25,18.5,1197.0,85.8,Maruti,8,litre,2.1,0.22,9.545455,0.11351351351351352
Volkswagen Ameo 1.5 TDI Highline AT,Coimbatore,2017,22440,Diesel,Automatic,First,5.0,8.89,22.0,1498.0,108.495,Volkswagen,3,litre,2.51,0.24,10.45833,0.11409090909090908
Honda City i VTEC SV,Mumbai,2015,73070,Petrol,Manual,First,5.0,5.9,17.4,1497.0,117.3,Honda,5,litre,2.1,0.22,9.545455,0.12068965517241381
Honda Jazz 1.2 S i VTEC,Kolkata,2016,21771,Petrol,Manual,First,5.0,4.95,18.7,1199.0,88.7,Honda,4,litre,2.1,0.22,9.545455,0.11229946524064172
Maruti Swift Ldi BSIV,Delhi,2014,62000,Diesel,Manual,First,5.0,3.75,17.8,1248.0,75.0,Maruti,6,litre,2.51,0.24,10.45833,0.14101123595505616
Hyundai Creta 1.6 CRDi AT SX Plus,Kochi,2017,37024,Diesel,Automatic,First,5.0,10.97,17.01,1582.0,126.2,Hyundai,3,litre,2.51,0.24,10.45833,0.14756025867136977
Audi A7 2011-2015 3.0 TDI Quattro,Kochi,2014,60336,Diesel,Automatic,Second,5.0,24.94,14.4,2967.0,241.4,Audi,6,litre,2.51,0.24,10.45833,0.17430555555555555
Hyundai EON D Lite Plus,Kolkata,2014,26008,Petrol,Manual,First,5.0,1.97,21.1,814.0,55.2,Hyundai,6,litre,2.1,0.22,9.545455,0.0995260663507109
Ford Figo Diesel EXI,Jaipur,2010,90000,Diesel,Manual,Second,5.0,1.4,20.0,1399.0,68.0,Ford,10,litre,2.51,0.24,10.45833,0.1255
Volkswagen Ameo 1.2 MPI Highline,Coimbatore,2018,35569,Petrol,Manual,First,5.0,7.27,17.0,1198.0,73.75,Volkswagen,2,litre,2.1,0.22,9.545455,0.12352941176470589
Renault Scala Diesel RxL,Kolkata,2013,40000,Diesel,Manual,First,5.0,4.0,21.64,1461.0,84.8,Renault,7,litre,2.51,0.24,10.45833,0.11598890942698704
Honda Jazz 1.2 V i VTEC,Kolkata,2015,45000,Petrol,Manual,First,5.0,4.75,18.7,1199.0,88.7,Honda,5,litre,2.1,0.22,9.545455,0.11229946524064172
Hyundai i20 1.2 Sportz,Delhi,2015,42000,Petrol,Manual,First,5.0,5.1,17.0,1197.0,80.0,Hyundai,5,litre,2.1,0.22,9.545455,0.12352941176470589
Audi A4 3.0 TDI Quattro Premium,Coimbatore,2012,46913,Diesel,Automatic,First,5.0,16.11,14.94,2967.0,241.4,Audi,8,litre,2.51,0.24,10.45833,0.16800535475234268
Mahindra Ssangyong Rexton RX7,Delhi,2014,62000,Diesel,Automatic,First,7.0,10.55,11.18,2696.0,184.0,Mahindra,6,litre,2.51,0.24,10.45833,0.22450805008944544
Toyota Fortuner 2.8 2WD AT,Ahmedabad,2017,15000,Diesel,Automatic,First,7.0,30.0,12.9,2755.0,174.5,Toyota,3,litre,2.51,0.24,10.45833,0.1945736434108527
Skoda Octavia Classic 1.9 TDI MT,Kolkata,2002,69000,Diesel,Manual,First,5.0,1.6,18.7,1896.0,66.0,Skoda,18,litre,2.51,0.24,10.45833,0.13422459893048128
Mercedes-Benz New C-Class 250 CDI Classic,Hyderabad,2012,41367,Diesel,Automatic,First,5.0,18.49,15.8,2148.0,170.0,Mercedes-Benz,8,litre,2.51,0.24,10.45833,0.15886075949367087
Maruti Ciaz 1.4 Zeta,Kochi,2018,15982,Petrol,Manual,First,5.0,9.96,20.73,1373.0,91.1,Maruti,2,litre,2.1,0.22,9.545455,0.10130246020260492
Maruti Swift ZDi,Hyderabad,2013,99595,Diesel,Manual,Second,5.0,4.75,22.9,1248.0,74.0,Maruti,7,litre,2.51,0.24,10.45833,0.10960698689956332
Toyota Qualis FS B3,Bangalore,2002,63000,Diesel,Manual,Third,10.0,3.65,13.1,2446.0,75.0,Toyota,18,litre,2.51,0.24,10.45833,0.1916030534351145
BMW 5 Series 2007-2010 525d Sedan,Delhi,2012,49000,Diesel,Automatic,Second,5.0,15.5,16.73,2495.0,218.0,BMW,8,litre,2.51,0.24,10.45833,0.15002988643156007
Mitsubishi Pajero 2.8 SFX BSIII Dual Tone,Kochi,2013,48272,Diesel,Manual,First,6.0,11.82,10.5,2835.0,116.9,Mitsubishi,7,litre,2.51,0.24,10.45833,0.23904761904761904
Toyota Corolla H2,Delhi,2008,63000,Petrol,Manual,First,5.0,2.05,13.4,1794.0,125.0,Toyota,12,litre,2.1,0.22,9.545455,0.15671641791044777
Maruti Wagon R LXI CNG,Ahmedabad,2016,77000,CNG,Manual,First,5.0,3.3,26.6,998.0,58.16,Maruti,4,kg,2.5625,0.18,14.23611,0.09633458646616541
Maruti Omni E MPI STD BS IV,Mumbai,2013,11734,Petrol,Manual,First,8.0,2.25,16.8,796.0,34.2,Maruti,7,litre,2.1,0.22,9.545455,0.125
Audi A6 2011-2015 2.0 TDI,Kochi,2014,62012,Diesel,Automatic,First,5.0,20.12,17.68,1968.0,174.33,Audi,6,litre,2.51,0.24,10.45833,0.1419683257918552
Hyundai Xcent 1.2 Kappa S Option CNG,Chennai,2017,46000,CNG,Manual,First,5.0,4.95,25.0,1197.0,81.86,Hyundai,3,kg,2.5625,0.18,14.23611,0.1025
Honda Jazz 1.5 S i DTEC,Coimbatore,2016,45449,Diesel,Manual,First,5.0,7.48,27.3,1498.0,98.6,Honda,4,litre,2.51,0.24,10.45833,0.09194139194139193
Mercedes-Benz E-Class 200 Kompressor Elegance,Mumbai,2004,85000,Petrol,Automatic,Second,5.0,5.5,10.5,1796.0,157.7,Mercedes-Benz,16,litre,2.1,0.22,9.545455,0.2
Honda City 1.5 EXI,Jaipur,2005,88000,Petrol,Manual,Second,5.0,1.7,13.0,1493.0,100.0,Honda,15,litre,2.1,0.22,9.545455,0.16153846153846155
Audi A4 2.0 TDI,Kochi,2013,45330,Diesel,Automatic,First,5.0,13.19,16.55,1968.0,147.51,Audi,7,litre,2.51,0.24,10.45833,0.15166163141993955
Maruti Swift Dzire VXI,Mumbai,2012,88000,Petrol,Manual,First,5.0,3.85,19.1,1197.0,85.8,Maruti,8,litre,2.1,0.22,9.545455,0.10994764397905758
Maruti Dzire VDI,Delhi,2016,45376,Diesel,Manual,First,5.0,5.75,28.4,1248.0,73.75,Maruti,4,litre,2.51,0.24,10.45833,0.08838028169014084
Mahindra XUV500 W8 4WD,Pune,2014,81000,Diesel,Manual,First,7.0,9.0,15.1,2179.0,140.0,Mahindra,6,litre,2.51,0.24,10.45833,0.1662251655629139
Chevrolet Beat LT,Kochi,2012,83381,Petrol,Manual,First,5.0,2.21,18.6,1199.0,79.4,Chevrolet,8,litre,2.1,0.22,9.545455,0.11290322580645161
Ford EcoSport 1.5 Diesel Titanium Plus,Kochi,2017,78526,Diesel,Manual,First,5.0,8.09,23.0,1498.0,98.96,Ford,3,litre,2.51,0.24,10.45833,0.10913043478260868
BMW 5 Series 2013-2017 530d M Sport,Coimbatore,2017,27313,Diesel,Automatic,First,5.0,48.63,14.69,2993.0,258.0,BMW,3,litre,2.51,0.24,10.45833,0.1708645336963921
Audi Q5 30 TDI quattro Premium Plus,Coimbatore,2015,42747,Diesel,Automatic,Second,5.0,39.47,14.16,1968.0,174.3,Audi,5,litre,2.51,0.24,10.45833,0.1772598870056497
BMW X1 sDrive 20d xLine,Coimbatore,2015,42265,Diesel,Automatic,Second,5.0,22.24,20.68,1995.0,190.0,BMW,5,litre,2.51,0.24,10.45833,0.1213733075435203
Hyundai i10 Magna AT,Mumbai,2009,21000,Petrol,Automatic,First,5.0,2.6,19.2,1197.0,80.0,Hyundai,11,litre,2.1,0.22,9.545455,0.10937500000000001
Hyundai Creta 1.6 CRDi AT SX Plus,Ahmedabad,2016,55100,Diesel,Automatic,First,5.0,12.0,17.01,1582.0,126.2,Hyundai,4,litre,2.51,0.24,10.45833,0.14756025867136977
Audi A4 2.0 TDI 177 Bhp Premium Plus,Chennai,2014,70000,Diesel,Automatic,First,5.0,18.0,17.11,1968.0,174.33,Audi,6,litre,2.51,0.24,10.45833,0.146697837521917
Mercedes-Benz S Class 2005 2013 S 350 L,Mumbai,2007,55000,Petrol,Automatic,Third,5.0,9.99,10.13,3498.0,364.9,Mercedes-Benz,13,litre,2.1,0.22,9.545455,0.2073050345508391
Hyundai i10 Magna,Kolkata,2012,58235,Petrol,Manual,First,5.0,2.45,20.36,1197.0,78.9,Hyundai,8,litre,2.1,0.22,9.545455,0.1031434184675835
Ford EcoSport 1.5 Diesel Titanium,Mumbai,2017,26000,Diesel,Manual,First,5.0,8.99,23.0,1498.0,98.96,Ford,3,litre,2.51,0.24,10.45833,0.10913043478260868
Volkswagen Vento Diesel Highline,Kolkata,2011,35000,Diesel,Manual,First,5.0,3.15,20.54,1598.0,103.6,Volkswagen,9,litre,2.51,0.24,10.45833,0.12220058422590067
Maruti Dzire ZDI Plus,Jaipur,2017,24000,Diesel,Manual,First,5.0,8.2,28.4,1248.0,73.75,Maruti,3,litre,2.51,0.24,10.45833,0.08838028169014084
Mahindra Scorpio 1.99 S10,Ahmedabad,2016,98000,Diesel,Manual,First,7.0,11.5,15.4,1997.0,120.0,Mahindra,4,litre,2.51,0.24,10.45833,0.16298701298701296
Hyundai i20 Asta 1.4 CRDi,Coimbatore,2016,44487,Diesel,Manual,First,5.0,7.3,22.54,1396.0,88.73,Hyundai,4,litre,2.51,0.24,10.45833,0.11135758651286601
Maruti Alto LXi,Chennai,2008,65000,Petrol,Manual,First,5.0,1.59,19.7,796.0,46.3,Maruti,12,litre,2.1,0.22,9.545455,0.10659898477157362
Hyundai i10 Magna,Delhi,2015,34951,Petrol,Manual,Second,5.0,3.15,20.36,1197.0,78.9,Hyundai,5,litre,2.1,0.22,9.545455,0.1031434184675835
Mahindra Scorpio S6 7 Seater,Kolkata,2015,52373,Diesel,Manual,Second,7.0,8.5,15.4,2179.0,120.0,Mahindra,5,litre,2.51,0.24,10.45833,0.16298701298701296
Skoda Fabia 1.2L Diesel Classic,Hyderabad,2010,66285,Diesel,Manual,First,5.0,3.0,19.5,1199.0,75.0,Skoda,10,litre,2.51,0.24,10.45833,0.1287179487179487
BMW X5 xDrive 30d,Mumbai,2012,66000,Diesel,Automatic,First,5.0,21.0,15.3,2993.0,258.0,BMW,8,litre,2.51,0.24,10.45833,0.16405228758169932
Honda Jazz 1.5 S i DTEC,Hyderabad,2016,43000,Diesel,Manual,First,5.0,7.75,27.3,1498.0,98.6,Honda,4,litre,2.51,0.24,10.45833,0.09194139194139193
Mercedes-Benz E-Class 2009-2013 E 220 CDI Avantgarde,Mumbai,2013,45200,Diesel,Automatic,First,5.0,23.0,10.0,2148.0,170.0,Mercedes-Benz,7,litre,2.51,0.24,10.45833,0.251
Mahindra XUV500 AT W10 FWD,Mumbai,2016,41000,Diesel,Automatic,First,7.0,13.75,16.0,2179.0,140.0,Mahindra,4,litre,2.51,0.24,10.45833,0.156875
Honda City i VTEC CVT SV,Kochi,2017,39430,Petrol,Automatic,First,5.0,8.29,18.0,1497.0,117.3,Honda,3,litre,2.1,0.22,9.545455,0.11666666666666667
Maruti Swift VDI,Coimbatore,2014,83274,Diesel,Manual,First,5.0,5.79,22.9,1248.0,74.0,Maruti,6,litre,2.51,0.24,10.45833,0.10960698689956332
Mercedes-Benz New C-Class 220 CDI AT,Coimbatore,2017,32324,Diesel,Automatic,First,5.0,30.5,14.84,2143.0,170.0,Mercedes-Benz,3,litre,2.51,0.24,10.45833,0.1691374663072776
Honda City 1.5 S MT,Mumbai,2011,49999,Petrol,Manual,First,5.0,3.8,17.0,1497.0,118.0,Honda,9,litre,2.1,0.22,9.545455,0.12352941176470589
Tata Sumo EX,Bangalore,2014,66000,Diesel,Manual,First,7.0,4.45,15.3,2956.0,83.8,Tata,6,litre,2.51,0.24,10.45833,0.16405228758169932
Hyundai i20 Magna,Delhi,2012,54000,Petrol,Manual,First,5.0,3.3,18.5,1197.0,82.85,Hyundai,8,litre,2.1,0.22,9.545455,0.11351351351351352
Fiat Linea 1.3 Dynamic,Jaipur,2009,80000,Diesel,Manual,Second,5.0,1.75,20.4,1248.0,91.2,Fiat,11,litre,2.51,0.24,10.45833,0.1230392156862745
Honda Civic 2006-2010 1.8 V AT,Bangalore,2011,72000,Petrol,Automatic,Second,5.0,5.5,12.9,1799.0,130.0,Honda,9,litre,2.1,0.22,9.545455,0.16279069767441862
Hyundai Creta 1.6 SX Plus Diesel,Pune,2017,44865,Diesel,Manual,First,5.0,13.35,19.67,1582.0,126.2,Hyundai,3,litre,2.51,0.24,10.45833,0.1276054905948144
Audi A3 35 TDI Technology,Delhi,2017,22000,Diesel,Automatic,Second,5.0,22.5,20.38,1968.0,143.0,Audi,3,litre,2.51,0.24,10.45833,0.12315996074582924
Hyundai Verna VTVT 1.6 SX Option,Delhi,2013,57478,Petrol,Manual,Second,5.0,5.25,17.0,1591.0,121.3,Hyundai,7,litre,2.1,0.22,9.545455,0.12352941176470589
Hyundai i20 1.4 CRDi Magna,Hyderabad,2011,75000,Diesel,Manual,First,5.0,3.75,21.9,1396.0,90.0,Hyundai,9,litre,2.51,0.24,10.45833,0.11461187214611872
Honda Mobilio S i DTEC,Kochi,2015,50624,Diesel,Manual,First,7.0,6.32,24.2,1498.0,98.6,Honda,5,litre,2.51,0.24,10.45833,0.1037190082644628
Hyundai Verna 1.6 SX CRDI (O) AT,Bangalore,2018,75000,Diesel,Automatic,First,5.0,7.75,22.32,1582.0,126.32,Hyundai,2,litre,2.51,0.24,10.45833,0.11245519713261648
Ford Fiesta 1.6 ZXI Duratec,Chennai,2006,87000,Petrol,Manual,Second,5.0,1.37,15.3,1596.0,101.0,Ford,14,litre,2.1,0.22,9.545455,0.13725490196078433
Hyundai i10 Sportz 1.2,Mumbai,2010,62000,Petrol,Manual,First,5.0,2.1,20.36,1197.0,78.9,Hyundai,10,litre,2.1,0.22,9.545455,0.1031434184675835
Maruti Vitara Brezza ZDi,Hyderabad,2016,41372,Diesel,Manual,First,5.0,9.3,24.3,1248.0,88.5,Maruti,4,litre,2.51,0.24,10.45833,0.10329218106995884
Toyota Innova 2.5 VX (Diesel) 7 Seater,Ahmedabad,2015,70000,Diesel,Manual,First,7.0,12.0,12.99,2494.0,100.6,Toyota,5,litre,2.51,0.24,10.45833,0.193225558121632
Mercedes-Benz GLA Class 200 d Sport,Pune,2017,35000,Diesel,Automatic,First,5.0,23.5,17.9,2143.0,136.0,Mercedes-Benz,3,litre,2.51,0.24,10.45833,0.14022346368715083
Maruti Alto LXi BSIII,Hyderabad,2006,71993,Petrol,Manual,First,5.0,1.8,19.7,796.0,46.3,Maruti,14,litre,2.1,0.22,9.545455,0.10659898477157362
Mercedes-Benz New C-Class C 220 CDI Elegance AT,Chennai,2013,62000,Diesel,Automatic,Second,5.0,12.5,14.84,2143.0,170.0,Mercedes-Benz,7,litre,2.51,0.24,10.45833,0.1691374663072776
Maruti Swift LDI,Delhi,2015,51000,Diesel,Manual,First,5.0,4.74,22.9,1248.0,74.0,Maruti,5,litre,2.51,0.24,10.45833,0.10960698689956332
Hyundai Grand i10 Sportz,Kochi,2016,26038,Petrol,Manual,First,5.0,5.43,18.9,1197.0,82.0,Hyundai,4,litre,2.1,0.22,9.545455,0.11111111111111112
Toyota Fortuner 4x4 AT,Kochi,2018,37713,Diesel,Automatic,Second,7.0,31.62,12.55,2982.0,168.5,Toyota,2,litre,2.51,0.24,10.45833,0.19999999999999998
Toyota Innova 2.0 GX 8 STR,Kolkata,2011,78088,Petrol,Manual,First,8.0,6.3,12.4,1998.0,132.0,Toyota,9,litre,2.1,0.22,9.545455,0.16935483870967744
Ford EcoSport 1.5 TDCi Titanium,Kochi,2017,30453,Diesel,Manual,First,5.0,8.45,22.77,1498.0,98.59,Ford,3,litre,2.51,0.24,10.45833,0.11023276240667544
Ford Figo 1.2P Titanium MT,Pune,2016,54000,Petrol,Manual,First,5.0,5.0,18.16,1196.0,86.8,Ford,4,litre,2.1,0.22,9.545455,0.1156387665198238
Toyota Fortuner 3.0 Diesel,Chennai,2011,190000,Diesel,Manual,First,7.0,13.0,11.5,2982.0,171.0,Toyota,9,litre,2.51,0.24,10.45833,0.21826086956521737
Maruti Swift Dzire VXI,Hyderabad,2012,65097,Petrol,Manual,First,5.0,4.7,19.1,1197.0,85.8,Maruti,8,litre,2.1,0.22,9.545455,0.10994764397905758
BMW 7 Series 740Li,Coimbatore,2018,28060,Petrol,Automatic,First,5.0,93.67,12.05,2979.0,320.0,BMW,2,litre,2.1,0.22,9.545455,0.17427385892116182
Skoda Superb 1.8 TSI MT,Pune,2012,282000,Petrol,Manual,First,5.0,3.3,13.14,1798.0,160.0,Skoda,8,litre,2.1,0.22,9.545455,0.1598173515981735
Maruti Wagon R LXI Minor,Jaipur,2009,111000,Petrol,Manual,Second,5.0,1.51,18.9,1061.0,67.0,Maruti,11,litre,2.1,0.22,9.545455,0.11111111111111112
Renault Duster 110PS Diesel RxZ,Kochi,2013,63295,Diesel,Manual,First,5.0,6.09,19.01,1461.0,108.45,Renault,7,litre,2.51,0.24,10.45833,0.13203577064702784
Maruti Ciaz VXi Plus,Mumbai,2015,35770,Petrol,Manual,First,5.0,5.95,20.73,1373.0,91.1,Maruti,5,litre,2.1,0.22,9.545455,0.10130246020260492
Hyundai Elantra CRDi SX,Hyderabad,2012,125928,Diesel,Manual,First,5.0,9.0,22.7,1582.0,126.24,Hyundai,8,litre,2.51,0.24,10.45833,0.11057268722466959
Skoda Rapid 1.5 TDI AT Elegance,Kolkata,2015,45000,Diesel,Automatic,First,5.0,4.25,21.66,1498.0,103.52,Skoda,5,litre,2.51,0.24,10.45833,0.11588180978762695
Mercedes-Benz New C-Class C 220 CDI Elegance AT,Hyderabad,2013,21000,Diesel,Automatic,First,5.0,23.5,14.84,2143.0,170.0,Mercedes-Benz,7,litre,2.51,0.24,10.45833,0.1691374663072776
Honda Accord 2.4 A/T,Mumbai,2011,54774,Petrol,Automatic,First,5.0,6.35,11.7,2354.0,177.6,Honda,9,litre,2.1,0.22,9.545455,0.17948717948717952
Maruti Celerio VXI,Chennai,2014,41123,Petrol,Manual,First,5.0,3.4,23.1,998.0,67.04,Maruti,6,litre,2.1,0.22,9.545455,0.09090909090909091
BMW 7 Series 740Li,Bangalore,2017,17465,Petrol,Automatic,First,5.0,93.0,12.05,2979.0,320.0,BMW,3,litre,2.1,0.22,9.545455,0.17427385892116182
BMW 3 Series 320d Sport,Chennai,2014,48000,Diesel,Automatic,First,5.0,21.6,22.69,1995.0,190.0,BMW,6,litre,2.51,0.24,10.45833,0.11062141912736886
Volkswagen Vento Diesel Trendline,Chennai,2011,173000,Diesel,Manual,First,5.0,4.0,20.54,1598.0,103.6,Volkswagen,9,litre,2.51,0.24,10.45833,0.12220058422590067
Maruti Swift Dzire Tour LDI,Pune,2018,12000,Diesel,Manual,First,5.0,5.5,23.4,1248.0,74.0,Maruti,2,litre,2.51,0.24,10.45833,0.10726495726495726
Land Rover Freelander 2 SE,Mumbai,2012,34000,Diesel,Automatic,First,5.0,19.25,12.39,2179.0,147.51,Land,8,litre,2.51,0.24,10.45833,0.2025827280064568
Hyundai i20 1.4 CRDi Magna,Hyderabad,2012,71360,Diesel,Manual,First,5.0,3.95,21.9,1396.0,90.0,Hyundai,8,litre,2.51,0.24,10.45833,0.11461187214611872
Maruti Dzire VDI,Mumbai,2012,74000,Diesel,Manual,Second,5.0,4.25,28.4,1248.0,73.75,Maruti,8,litre,2.51,0.24,10.45833,0.08838028169014084
Jeep Compass 2.0 Longitude,Kochi,2018,28937,Diesel,Manual,First,5.0,17.02,17.1,1956.0,170.0,Jeep,2,litre,2.51,0.24,10.45833,0.14678362573099413
Maruti Ertiga VDI,Hyderabad,2012,82085,Diesel,Manual,First,7.0,6.5,20.77,1248.0,88.76,Maruti,8,litre,2.51,0.24,10.45833,0.12084737602311024
Ford Figo Petrol ZXI,Bangalore,2011,68465,Petrol,Manual,First,5.0,2.95,15.6,1196.0,70.0,Ford,9,litre,2.1,0.22,9.545455,0.13461538461538464
Toyota Corolla Altis 1.4 DG,Coimbatore,2013,63854,Diesel,Manual,First,5.0,7.12,21.43,1364.0,86.79,Toyota,7,litre,2.51,0.24,10.45833,0.11712552496500232
Maruti Vitara Brezza ZDi Plus AMT Dual Tone,Chennai,2018,3000,Diesel,Automatic,First,5.0,11.25,24.3,1248.0,88.5,Maruti,2,litre,2.51,0.24,10.45833,0.10329218106995884
Honda City 1.5 S MT,Delhi,2009,65055,Petrol,Manual,First,5.0,2.75,17.0,1497.0,118.0,Honda,11,litre,2.1,0.22,9.545455,0.12352941176470589
Mahindra Scorpio S10 4WD,Hyderabad,2015,120000,Diesel,Manual,First,7.0,12.0,15.4,2179.0,120.0,Mahindra,5,litre,2.51,0.24,10.45833,0.16298701298701296
Hyundai Xcent 1.2 VTVT SX,Mumbai,2014,64241,Petrol,Manual,First,5.0,3.67,20.14,1197.0,81.86,Hyundai,6,litre,2.1,0.22,9.545455,0.10427010923535253
Mercedes-Benz E-Class 220 CDI,Pune,2001,121000,Diesel,Manual,First,5.0,5.0,15.0,2148.0,97.7,Mercedes-Benz,19,litre,2.51,0.24,10.45833,0.1673333333333333
Mahindra Renault Logan 1.4 GLX Petrol,Pune,2008,2200,Petrol,Manual,First,5.0,2.3,15.7,1390.0,75.0,Mahindra,12,litre,2.1,0.22,9.545455,0.1337579617834395
Skoda Octavia 1.9 TDI,Pune,2008,88123,Diesel,Manual,First,5.0,2.2,18.7,1896.0,66.0,Skoda,12,litre,2.51,0.24,10.45833,0.13422459893048128
Mercedes-Benz GL-Class 2007 2012 350 CDI Luxury,Pune,2014,79000,Diesel,Automatic,First,7.0,41.0,12.0,2987.0,224.0,Mercedes-Benz,6,litre,2.51,0.24,10.45833,0.20916666666666664
BMW X1 sDrive 20d xLine,Bangalore,2016,28143,Diesel,Automatic,First,5.0,28.5,20.68,1995.0,190.0,BMW,4,litre,2.51,0.24,10.45833,0.1213733075435203
Volkswagen Vento 2013-2015 1.6 Comfortline,Mumbai,2015,23001,Petrol,Manual,First,5.0,5.49,15.04,1598.0,103.2,Volkswagen,5,litre,2.1,0.22,9.545455,0.1396276595744681
Audi A4 2.0 TDI,Ahmedabad,2013,82002,Diesel,Automatic,Second,5.0,17.5,16.55,1968.0,147.51,Audi,7,litre,2.51,0.24,10.45833,0.15166163141993955
Ford Ikon 1.4 TDCi DuraTorq,Bangalore,2009,75000,Diesel,Manual,First,5.0,1.99,13.8,1399.0,68.0,Ford,11,litre,2.51,0.24,10.45833,0.18188405797101448
Hyundai Verna 1.6 CRDi EX MT,Kochi,2016,37451,Diesel,Manual,First,5.0,6.64,22.32,1582.0,126.3,Hyundai,4,litre,2.51,0.24,10.45833,0.11245519713261648
Toyota Innova Crysta 2.4 VX MT,Hyderabad,2017,67000,Diesel,Manual,First,7.0,16.5,13.68,2393.0,147.8,Toyota,3,litre,2.51,0.24,10.45833,0.1834795321637427
Hyundai Grand i10 Asta Option,Pune,2016,25000,Petrol,Manual,First,5.0,5.0,18.9,1197.0,82.0,Hyundai,4,litre,2.1,0.22,9.545455,0.11111111111111112
Volkswagen Ameo 1.2 MPI Comfortline,Mumbai,2017,12000,Petrol,Manual,First,5.0,5.4,17.0,1198.0,73.75,Volkswagen,3,litre,2.1,0.22,9.545455,0.12352941176470589
Renault KWID RXT,Kolkata,2017,25000,Petrol,Manual,First,5.0,2.99,25.17,799.0,53.3,Renault,3,litre,2.1,0.22,9.545455,0.08343265792610251
Honda City 1.5 S MT,Jaipur,2011,95936,Petrol,Manual,First,5.0,4.1,17.0,1497.0,118.0,Honda,9,litre,2.1,0.22,9.545455,0.12352941176470589
Hyundai Grand i10 1.2 Kappa Magna AT,Kochi,2018,5354,Petrol,Automatic,First,5.0,6.76,18.9,1197.0,81.86,Hyundai,2,litre,2.1,0.22,9.545455,0.11111111111111112
Volkswagen Polo 1.0 MPI Comfortline,Chennai,2016,42000,Petrol,Manual,Second,5.0,5.5,18.78,999.0,75.0,Volkswagen,4,litre,2.1,0.22,9.545455,0.11182108626198083
Maruti Swift VDI BSIV,Coimbatore,2014,44282,Diesel,Manual,First,5.0,5.99,25.2,1248.0,74.0,Maruti,6,litre,2.51,0.24,10.45833,0.0996031746031746
Nissan Sunny 2011-2014 Diesel XV,Delhi,2012,70000,Diesel,Manual,First,5.0,2.59,21.64,1461.0,84.8,Nissan,8,litre,2.51,0.24,10.45833,0.11598890942698704
Jaguar XF 2.2 Litre Luxury,Mumbai,2013,31400,Diesel,Automatic,First,5.0,26.75,16.36,2179.0,187.7,Jaguar,7,litre,2.51,0.24,10.45833,0.15342298288508557
Maruti Ciaz ZDi SHVS,Pune,2016,50000,Diesel,Manual,First,5.0,8.5,28.09,1248.0,88.5,Maruti,4,litre,2.51,0.24,10.45833,0.08935564257742969
Audi Q5 2008-2012 2.0 TDI,Bangalore,2011,53000,Diesel,Automatic,First,5.0,23.0,12.8,1968.0,167.6,Audi,9,litre,2.51,0.24,10.45833,0.19609374999999998
Ford Figo Petrol ZXI,Pune,2014,21727,Petrol,Manual,First,5.0,3.35,15.6,1196.0,70.02,Ford,6,litre,2.1,0.22,9.545455,0.13461538461538464
Hyundai Santa Fe 4x4 AT,Bangalore,2012,43000,Diesel,Automatic,Second,7.0,10.75,11.72,2199.0,194.3,Hyundai,8,litre,2.51,0.24,10.45833,0.21416382252559724
Mahindra Scorpio VLX 2WD AIRBAG BSIV,Kolkata,2013,75000,Diesel,Manual,First,8.0,6.29,12.05,2179.0,120.0,Mahindra,7,litre,2.51,0.24,10.45833,0.20829875518672197
Renault Duster 110PS Diesel RxL,Bangalore,2014,73557,Diesel,Manual,First,5.0,7.75,19.6,1461.0,108.45,Renault,6,litre,2.51,0.24,10.45833,0.1280612244897959
Audi A4 New 2.0 TDI Multitronic,Delhi,2012,44555,Diesel,Automatic,First,5.0,13.5,15.2,1968.0,140.8,Audi,8,litre,2.51,0.24,10.45833,0.1651315789473684
Maruti Eeco 7 Seater Standard,Coimbatore,2013,54885,Petrol,Manual,First,7.0,3.75,15.1,1196.0,73.0,Maruti,7,litre,2.1,0.22,9.545455,0.13907284768211922
Mahindra Xylo E4,Mumbai,2011,76000,Diesel,Manual,Second,7.0,3.75,14.0,2498.0,112.0,Mahindra,9,litre,2.51,0.24,10.45833,0.17928571428571427
Maruti Wagon R LXI,Jaipur,2006,101000,Petrol,Manual,Second,5.0,1.5,18.9,998.0,67.1,Maruti,14,litre,2.1,0.22,9.545455,0.11111111111111112
Maruti Wagon R LXI BSIII,Chennai,2005,66000,Petrol,Manual,First,5.0,1.45,14.0,1061.0,64.0,Maruti,15,litre,2.1,0.22,9.545455,0.15
Maruti SX4 ZXI MT BSIV,Coimbatore,2013,84360,Petrol,Manual,First,5.0,4.12,15.5,1586.0,103.3,Maruti,7,litre,2.1,0.22,9.545455,0.13548387096774195
Toyota Innova Crysta 2.4 VX MT,Mumbai,2016,25121,Diesel,Manual,First,7.0,17.11,13.68,2393.0,147.8,Toyota,4,litre,2.51,0.24,10.45833,0.1834795321637427
Toyota Innova 2.5 G (Diesel) 7 Seater,Pune,2015,100000,Diesel,Manual,Second,7.0,10.25,12.99,2494.0,100.6,Toyota,5,litre,2.51,0.24,10.45833,0.193225558121632
Volkswagen Polo Diesel Trendline 1.2L,Kolkata,2011,66035,Diesel,Manual,First,5.0,2.49,22.07,1199.0,73.9,Volkswagen,9,litre,2.51,0.24,10.45833,0.11372904395106478
Toyota Etios G,Pune,2015,190000,Petrol,Manual,Second,5.0,3.85,16.78,1496.0,88.73,Toyota,5,litre,2.1,0.22,9.545455,0.12514898688915374
Ford Ecosport 1.5 DV5 MT Titanium,Hyderabad,2014,85670,Diesel,Manual,First,5.0,6.25,22.7,1498.0,89.84,Ford,6,litre,2.51,0.24,10.45833,0.11057268722466959
Hyundai Grand i10 CRDi Magna,Hyderabad,2015,35000,Diesel,Manual,First,5.0,4.88,24.0,1120.0,70.0,Hyundai,5,litre,2.51,0.24,10.45833,0.10458333333333332
Honda City i VTEC CVT SV,Mumbai,2016,8000,Petrol,Automatic,First,5.0,9.45,18.0,1497.0,117.3,Honda,4,litre,2.1,0.22,9.545455,0.11666666666666667
Toyota Innova 2.5 G3,Hyderabad,2007,162000,Diesel,Manual,Second,8.0,4.8,12.8,2494.0,102.0,Toyota,13,litre,2.51,0.24,10.45833,0.19609374999999998
Hyundai EON Era Plus,Kolkata,2012,60000,Petrol,Manual,First,5.0,1.99,21.1,814.0,55.2,Hyundai,8,litre,2.1,0.22,9.545455,0.0995260663507109
Hyundai i10 Magna 1.2,Hyderabad,2010,70600,Petrol,Manual,First,5.0,2.8,20.36,1197.0,78.9,Hyundai,10,litre,2.1,0.22,9.545455,0.1031434184675835
Mercedes-Benz E-Class 2009-2013 E 200 CGI Elegance,Bangalore,2011,25000,Petrol,Automatic,Second,5.0,22.0,12.3,1796.0,185.0,Mercedes-Benz,9,litre,2.1,0.22,9.545455,0.17073170731707316
Mahindra Bolero SLE,Hyderabad,2012,75000,Diesel,Manual,First,7.0,4.3,15.96,2523.0,62.1,Mahindra,8,litre,2.51,0.24,10.45833,0.15726817042606514
Skoda Laura Ambition 2.0 TDI CR AT,Coimbatore,2014,85071,Diesel,Automatic,First,5.0,9.75,20.0,1968.0,138.1,Skoda,6,litre,2.51,0.24,10.45833,0.1255
Maruti Swift ZXI,Ahmedabad,2015,40000,Petrol,Manual,First,5.0,5.9,20.4,1197.0,81.8,Maruti,5,litre,2.1,0.22,9.545455,0.10294117647058824
Audi A4 2.0 TDI,Delhi,2013,67000,Diesel,Automatic,First,5.0,14.5,16.55,1968.0,147.51,Audi,7,litre,2.51,0.24,10.45833,0.15166163141993955
Ford Fiesta 1.4 SXi TDCi ABS,Hyderabad,2009,55000,Diesel,Manual,Second,5.0,2.4,17.8,1399.0,68.0,Ford,11,litre,2.51,0.24,10.45833,0.14101123595505616
Maruti SX4 Vxi BSIII,Mumbai,2008,62000,Petrol,Manual,Second,5.0,2.11,15.0,1586.0,104.68,Maruti,12,litre,2.1,0.22,9.545455,0.14
Hyundai Grand i10 AT Asta,Coimbatore,2017,22526,Petrol,Automatic,First,5.0,7.6,18.9,1197.0,82.0,Hyundai,3,litre,2.1,0.22,9.545455,0.11111111111111112
Maruti Ritz AT,Hyderabad,2012,57788,Petrol,Automatic,First,5.0,3.6,17.16,1197.0,85.8,Maruti,8,litre,2.1,0.22,9.545455,0.12237762237762238
Mahindra Scorpio 2.6 CRDe,Jaipur,2013,72000,Diesel,Manual,First,8.0,6.0,10.5,2179.0,120.0,Mahindra,7,litre,2.51,0.24,10.45833,0.23904761904761904
Mahindra Scorpio S4 7 Seater,Mumbai,2014,83128,Diesel,Manual,First,7.0,7.45,15.4,2179.0,120.0,Mahindra,6,litre,2.51,0.24,10.45833,0.16298701298701296
Maruti Alto LXi,Chennai,2011,75000,Petrol,Manual,First,5.0,2.1,19.7,796.0,46.3,Maruti,9,litre,2.1,0.22,9.545455,0.10659898477157362
Renault Duster 110PS Diesel RxZ,Ahmedabad,2013,58000,Diesel,Manual,Second,5.0,5.2,19.01,1461.0,108.45,Renault,7,litre,2.51,0.24,10.45833,0.13203577064702784
Mahindra Jeep MM 550 PE,Hyderabad,2009,26000,Diesel,Manual,First,6.0,6.99,0.0,2498.0,97.7,Mahindra,11,litre,2.51,0.24,10.45833,0.12352941176470589
Maruti Ignis 1.2 Alpha,Mumbai,2017,1000,Petrol,Manual,First,5.0,6.36,20.89,1197.0,81.8,Maruti,3,litre,2.1,0.22,9.545455,0.10052656773575874
Toyota Innova 2.5 ZX Diesel 7 Seater,Kochi,2015,59751,Diesel,Manual,First,7.0,11.62,12.99,2494.0,100.6,Toyota,5,litre,2.51,0.24,10.45833,0.193225558121632
BMW 7 Series 730Ld Eminence,Kochi,2015,29966,Diesel,Automatic,Second,5.0,43.6,16.77,2993.0,261.49,BMW,5,litre,2.51,0.24,10.45833,0.14967203339296362
Hyundai Sonata Embera 2.0L CRDi MT,Kolkata,2009,65000,Diesel,Manual,Second,5.0,4.9,13.6,1991.0,142.0,Hyundai,11,litre,2.51,0.24,10.45833,0.18455882352941175
Renault Duster Adventure Edition,Kochi,2015,75863,Diesel,Manual,First,5.0,6.7,19.01,1461.0,108.45,Renault,5,litre,2.51,0.24,10.45833,0.13203577064702784
Maruti Wagon R CNG LXI,Mumbai,2013,54000,CNG,Manual,First,5.0,3.05,33.54,998.0,67.04,Maruti,7,kg,2.5625,0.18,14.23611,0.07640131186642815
Audi A4 2.0 TDI 177 Bhp Technology Edition,Bangalore,2014,24000,Diesel,Automatic,First,5.0,25.0,17.11,1968.0,174.33,Audi,6,litre,2.51,0.24,10.45833,0.146697837521917
Jeep Compass 2.0 Longitude,Coimbatore,2018,33218,Diesel,Manual,First,5.0,19.05,17.1,1956.0,170.0,Jeep,2,litre,2.51,0.24,10.45833,0.14678362573099413
Hyundai Verna 1.4 VTVT,Kolkata,2015,33425,Petrol,Manual,First,5.0,4.5,17.43,1396.0,105.5,Hyundai,5,litre,2.1,0.22,9.545455,0.12048192771084339
Honda Amaze VX i-Vtech,Pune,2013,47000,Petrol,Manual,First,5.0,4.15,18.0,1198.0,86.7,Honda,7,litre,2.1,0.22,9.545455,0.11666666666666667
Hyundai Creta 1.6 CRDi SX Option,Chennai,2015,41000,Diesel,Manual,First,5.0,11.9,19.67,1582.0,126.2,Hyundai,5,litre,2.51,0.24,10.45833,0.1276054905948144
Hyundai i10 Magna 1.1,Delhi,2011,62000,Petrol,Manual,First,5.0,2.1,19.81,1086.0,68.05,Hyundai,9,litre,2.1,0.22,9.545455,0.1060070671378092
Mahindra TUV 300 T8,Delhi,2016,47035,Diesel,Manual,First,7.0,6.95,18.49,1493.0,100.0,Mahindra,4,litre,2.51,0.24,10.45833,0.1357490535424554
Maruti Swift Dzire VXi,Pune,2008,56230,Petrol,Manual,Second,5.0,2.4,17.5,1298.0,85.8,Maruti,12,litre,2.1,0.22,9.545455,0.12000000000000001
Hyundai Accent GLE 1,Chennai,2007,55000,Petrol,Manual,First,5.0,2.65,13.2,1495.0,94.0,Hyundai,13,litre,2.1,0.22,9.545455,0.15909090909090912
Mahindra XUV500 W8 2WD,Jaipur,2014,70669,Diesel,Manual,First,7.0,9.0,15.1,2179.0,140.0,Mahindra,6,litre,2.51,0.24,10.45833,0.1662251655629139
Maruti Alto K10 2010-2014 VXI,Pune,2012,69000,Petrol,Manual,First,5.0,2.1,20.92,998.0,67.1,Maruti,8,litre,2.1,0.22,9.545455,0.10038240917782026
Chevrolet Beat LT,Pune,2011,65000,Petrol,Manual,Second,5.0,2.5,18.6,1199.0,79.4,Chevrolet,9,litre,2.1,0.22,9.545455,0.11290322580645161
Audi A6 2.7 TDI,Mumbai,2009,30000,Diesel,Automatic,First,5.0,8.95,12.4,2698.0,179.5,Audi,11,litre,2.51,0.24,10.45833,0.20241935483870965
Mini Cooper 5 DOOR D,Hyderabad,2017,2000,Diesel,Automatic,First,5.0,34.0,20.7,1496.0,113.98,Mini,3,litre,2.51,0.24,10.45833,0.121256038647343
Maruti Swift 1.3 LXI,Pune,2011,24255,Petrol,Manual,First,5.0,3.15,16.1,1493.0,97.7,Maruti,9,litre,2.1,0.22,9.545455,0.13043478260869565
Tata Zest Revotron 1.2T XMS,Chennai,2015,40000,Petrol,Manual,First,5.0,4.0,17.57,1193.0,88.7,Tata,5,litre,2.1,0.22,9.545455,0.11952191235059761
Honda City i DTEC SV,Kolkata,2014,40000,Diesel,Manual,First,5.0,4.45,26.0,1498.0,98.6,Honda,6,litre,2.51,0.24,10.45833,0.09653846153846153
Chevrolet Beat LT,Jaipur,2010,26000,Petrol,Manual,First,5.0,1.5,18.6,1199.0,79.4,Chevrolet,10,litre,2.1,0.22,9.545455,0.11290322580645161
Audi A4 2.0 TDI Multitronic,Jaipur,2011,105000,Diesel,Automatic,Second,5.0,14.5,16.55,1968.0,140.0,Audi,9,litre,2.51,0.24,10.45833,0.15166163141993955
Ford Aspire Titanium Plus Diesel,Kolkata,2015,2800,Diesel,Manual,First,5.0,8.41,26.1,1498.0,99.0,Ford,5,litre,2.51,0.24,10.45833,0.09616858237547891
Hyundai Verna SX CRDi AT,Mumbai,2014,71000,Diesel,Automatic,Second,5.0,5.45,19.08,1582.0,126.32,Hyundai,6,litre,2.51,0.24,10.45833,0.13155136268343814
Honda City i VTEC CVT VX,Mumbai,2015,32896,Petrol,Automatic,First,5.0,8.9,18.0,1497.0,117.3,Honda,5,litre,2.1,0.22,9.545455,0.11666666666666667
Hyundai i10 Sportz 1.2,Hyderabad,2012,45000,Petrol,Manual,First,5.0,3.65,20.36,1197.0,78.9,Hyundai,8,litre,2.1,0.22,9.545455,0.1031434184675835
BMW X3 xDrive20d Expedition,Bangalore,2015,65000,Diesel,Automatic,Second,5.0,29.0,18.56,1995.0,190.0,BMW,5,litre,2.51,0.24,10.45833,0.13523706896551724
Audi A4 2.0 TDI,Mumbai,2013,45200,Diesel,Automatic,First,5.0,13.5,16.55,1968.0,147.51,Audi,7,litre,2.51,0.24,10.45833,0.15166163141993955
Honda CR-V 2.4 AT,Hyderabad,2008,82167,Petrol,Automatic,First,5.0,5.4,10.1,2354.0,152.0,Honda,12,litre,2.1,0.22,9.545455,0.20792079207920794
Hyundai Grand i10 1.2 Kappa Asta,Coimbatore,2016,37429,Petrol,Manual,First,5.0,5.89,18.9,1197.0,81.86,Hyundai,4,litre,2.1,0.22,9.545455,0.11111111111111112
Maruti Ciaz ZDi Plus SHVS,Hyderabad,2016,46000,Diesel,Manual,First,5.0,8.45,28.09,1248.0,88.5,Maruti,4,litre,2.51,0.24,10.45833,0.08935564257742969
Honda City i-VTEC V,Delhi,2011,67031,Petrol,Manual,First,5.0,4.0,17.4,1497.0,117.3,Honda,9,litre,2.1,0.22,9.545455,0.12068965517241381
BMW 6 Series 640d Coupe,Mumbai,2013,30000,Diesel,Automatic,First,4.0,45.0,9.52,2993.0,313.0,BMW,7,litre,2.51,0.24,10.45833,0.26365546218487396
Maruti Celerio VXI AMT,Mumbai,2016,47691,Petrol,Automatic,First,5.0,3.94,23.1,998.0,67.04,Maruti,4,litre,2.1,0.22,9.545455,0.09090909090909091
Renault Koleos 2.0 Diesel,Jaipur,2011,32531,Diesel,Automatic,Second,5.0,8.0,13.73,1995.0,148.0,Renault,9,litre,2.51,0.24,10.45833,0.18281136198106335
Ford Figo Diesel ZXI,Hyderabad,2013,71336,Diesel,Manual,First,5.0,4.1,20.0,1399.0,68.0,Ford,7,litre,2.51,0.24,10.45833,0.1255
Toyota Innova 2.5 V Diesel 7-seater,Chennai,2006,196000,Diesel,Manual,First,7.0,6.25,12.8,2494.0,102.0,Toyota,14,litre,2.51,0.24,10.45833,0.19609374999999998
Maruti Dzire VDI,Kolkata,2015,28193,Diesel,Manual,First,5.0,5.25,28.4,1248.0,73.75,Maruti,5,litre,2.51,0.24,10.45833,0.08838028169014084
Mercedes-Benz SLC 43 AMG,Coimbatore,2019,2526,Petrol,Automatic,First,2.0,83.96,19.0,2996.0,362.07,Mercedes-Benz,1,litre,2.1,0.22,9.545455,0.1105263157894737
Hyundai Santro LP zipPlus,Coimbatore,2004,52146,Petrol,Manual,First,5.0,1.93,0.0,1493.0,97.7,Hyundai,16,litre,2.1,0.22,9.545455,0.12352941176470589
Mercedes-Benz E-Class E 220 d,Hyderabad,2013,85000,Diesel,Automatic,First,5.0,21.0,16.1,1950.0,194.0,Mercedes-Benz,7,litre,2.51,0.24,10.45833,0.1559006211180124
Hyundai Grand i10 1.2 Kappa Sportz,Ahmedabad,2015,20780,Petrol,Manual,First,5.0,4.3,18.9,1197.0,81.86,Hyundai,5,litre,2.1,0.22,9.545455,0.11111111111111112
Honda Mobilio S i VTEC,Mumbai,2014,43081,Petrol,Manual,First,7.0,5.25,17.3,1497.0,117.3,Honda,6,litre,2.1,0.22,9.545455,0.12138728323699421
Porsche Cayenne Turbo S,Mumbai,2010,35000,Petrol,Automatic,Second,5.0,32.0,11.9,4806.0,550.0,Porsche,10,litre,2.1,0.22,9.545455,0.17647058823529413
Mahindra Quanto C8,Kolkata,2013,36000,Diesel,Manual,First,7.0,3.9,17.21,1493.0,100.0,Mahindra,7,litre,2.51,0.24,10.45833,0.1458454386984311
Toyota Corolla H5,Mumbai,2007,67000,Petrol,Manual,Third,5.0,2.2,13.4,1794.0,125.0,Toyota,13,litre,2.1,0.22,9.545455,0.15671641791044777
Mahindra KUV 100 mFALCON D75 K4,Mumbai,2016,34079,Diesel,Manual,First,6.0,3.7,25.32,1198.0,77.0,Mahindra,4,litre,2.51,0.24,10.45833,0.09913112164296997
BMW 3 Series 2005-2011 325i Sedan,Coimbatore,2010,77849,Petrol,Automatic,Second,5.0,11.27,10.9,2497.0,215.0,BMW,10,litre,2.1,0.22,9.545455,0.1926605504587156
Maruti Alto 800 LXI,Jaipur,2013,86000,Petrol,Manual,First,5.0,2.41,22.74,796.0,47.3,Maruti,7,litre,2.1,0.22,9.545455,0.09234828496042218
Audi Q3 35 TDI Quattro Premium,Pune,2015,110000,Diesel,Automatic,First,5.0,19.0,15.73,1968.0,174.33,Audi,5,litre,2.51,0.24,10.45833,0.15956770502225046
Toyota Etios GD,Hyderabad,2015,116000,Diesel,Manual,Second,5.0,5.8,23.59,1364.0,67.05,Toyota,5,litre,2.51,0.24,10.45833,0.10640101738024586
Mahindra XUV500 W8 2WD,Coimbatore,2016,41840,Diesel,Manual,First,7.0,13.52,15.1,2179.0,140.0,Mahindra,4,litre,2.51,0.24,10.45833,0.1662251655629139
Toyota Fortuner 4x2 MT TRD Sportivo,Hyderabad,2015,19317,Diesel,Manual,First,7.0,24.5,13.0,2982.0,168.7,Toyota,5,litre,2.51,0.24,10.45833,0.19307692307692306
Tata Indigo CS Emax CNG GLX,Pune,2014,41000,CNG,Manual,First,5.0,3.25,24.6,1193.0,55.23,Tata,6,kg,2.5625,0.18,14.23611,0.10416666666666666
Mercedes-Benz GLE 250d,Kochi,2017,25601,Diesel,Automatic,First,5.0,56.73,17.9,2143.0,201.15,Mercedes-Benz,3,litre,2.51,0.24,10.45833,0.14022346368715083
Hyundai Creta 1.6 CRDi SX,Jaipur,2015,83950,Diesel,Manual,First,5.0,9.95,19.67,1582.0,126.2,Hyundai,5,litre,2.51,0.24,10.45833,0.1276054905948144
Honda City 1.5 V AT,Pune,2012,60000,Petrol,Automatic,First,5.0,5.5,16.8,1497.0,118.0,Honda,8,litre,2.1,0.22,9.545455,0.125
Audi A4 35 TDI Premium,Hyderabad,2015,50000,Diesel,Automatic,First,5.0,25.0,17.11,1968.0,174.33,Audi,5,litre,2.51,0.24,10.45833,0.146697837521917
Maruti Zen VXI,Kolkata,2009,37000,Petrol,Manual,First,5.0,1.0,17.3,993.0,60.0,Maruti,11,litre,2.1,0.22,9.545455,0.12138728323699421
Maruti Alto LXi,Hyderabad,2011,76976,Petrol,Manual,Second,5.0,2.15,19.7,796.0,46.3,Maruti,9,litre,2.1,0.22,9.545455,0.10659898477157362
Maruti Baleno Delta Automatic,Kochi,2018,21684,Petrol,Automatic,First,5.0,7.89,21.4,1197.0,83.1,Maruti,2,litre,2.1,0.22,9.545455,0.09813084112149534
Mahindra XUV500 W10 2WD,Delhi,2015,62000,Diesel,Manual,First,7.0,10.25,16.0,2179.0,140.0,Mahindra,5,litre,2.51,0.24,10.45833,0.156875
Ford Freestyle Titanium Petrol,Mumbai,2007,1261,Petrol,Manual,First,5.0,6.0,19.0,1194.0,94.68,Ford,13,litre,2.1,0.22,9.545455,0.1105263157894737
Hyundai Elite i20 Asta Option,Coimbatore,2017,59450,Petrol,Manual,First,5.0,7.53,18.6,1197.0,81.86,Hyundai,3,litre,2.1,0.22,9.545455,0.11290322580645161
Mercedes-Benz New C-Class C 220d Avantgarde Edition C,Coimbatore,2018,24465,Diesel,Automatic,First,5.0,39.45,19.27,2143.0,167.62,Mercedes-Benz,2,litre,2.51,0.24,10.45833,0.1302542812662169
Honda City i VTEC SV,Delhi,2014,55000,Petrol,Manual,First,5.0,5.84,17.8,1497.0,117.3,Honda,6,litre,2.1,0.22,9.545455,0.11797752808988764
Ford EcoSport 1.5 Ti VCT MT Titanium BE,Mumbai,2017,2000,Petrol,Manual,First,5.0,8.65,18.88,1499.0,110.4,Ford,3,litre,2.1,0.22,9.545455,0.11122881355932204
Maruti Baleno Alpha 1.2,Kochi,2017,25040,Petrol,Manual,First,5.0,7.74,21.4,1197.0,83.1,Maruti,3,litre,2.1,0.22,9.545455,0.09813084112149534
Hyundai i10 Sportz,Bangalore,2008,84000,Petrol,Manual,First,5.0,2.5,20.36,1197.0,78.9,Hyundai,12,litre,2.1,0.22,9.545455,0.1031434184675835
Toyota Innova 2.5 G (Diesel) 8 Seater BS IV,Pune,2007,170428,Diesel,Manual,Second,8.0,5.7,12.8,2494.0,102.0,Toyota,13,litre,2.51,0.24,10.45833,0.19609374999999998
Maruti Baleno Delta,Mumbai,2016,12573,Petrol,Manual,First,5.0,5.8,21.4,1197.0,83.1,Maruti,4,litre,2.1,0.22,9.545455,0.09813084112149534
Audi Q7 3.0 TDI Quattro Technology,Hyderabad,2012,88000,Diesel,Automatic,First,7.0,36.5,12.07,2967.0,241.4,Audi,8,litre,2.51,0.24,10.45833,0.20795360397680196
Hyundai Santa Fe 2WD AT,Delhi,2012,86000,Diesel,Automatic,Second,7.0,9.5,13.01,2199.0,194.3,Hyundai,8,litre,2.51,0.24,10.45833,0.1929285165257494
Hyundai Santro GLS I - Euro II,Coimbatore,2012,51019,Petrol,Manual,First,5.0,3.48,0.0,999.0,97.7,Hyundai,8,litre,2.1,0.22,9.545455,0.12352941176470589
Honda City 1.5 V MT Exclusive,Mumbai,2013,45000,Petrol,Manual,First,5.0,4.55,17.0,1497.0,118.0,Honda,7,litre,2.1,0.22,9.545455,0.12352941176470589
Hyundai i20 1.4 CRDi Magna,Jaipur,2012,51000,Diesel,Manual,First,5.0,3.9,21.9,1396.0,90.0,Hyundai,8,litre,2.51,0.24,10.45833,0.11461187214611872
Mahindra Bolero SLE BSIII,Pune,2007,92000,Diesel,Manual,First,7.0,2.7,13.6,2523.0,63.0,Mahindra,13,litre,2.51,0.24,10.45833,0.18455882352941175
Toyota Fortuner 2.8 2WD AT,Pune,2017,29000,Diesel,Automatic,First,7.0,31.0,12.9,2755.0,174.5,Toyota,3,litre,2.51,0.24,10.45833,0.1945736434108527
BMW 3 Series 2005-2011 325i Sedan,Bangalore,2009,70521,Petrol,Automatic,Second,5.0,10.3,10.9,2497.0,215.0,BMW,11,litre,2.1,0.22,9.545455,0.1926605504587156
BMW 3 Series 320d Sedan,Kolkata,2010,51000,Diesel,Automatic,First,5.0,7.75,16.07,1995.0,181.0,BMW,10,litre,2.51,0.24,10.45833,0.1561916614810205
Maruti Wagon R LXI,Hyderabad,2012,52618,Petrol,Manual,First,5.0,3.2,18.9,998.0,67.1,Maruti,8,litre,2.1,0.22,9.545455,0.11111111111111112
Maruti Ertiga ZDI,Delhi,2013,68000,Diesel,Manual,First,7.0,4.85,25.47,1248.0,88.5,Maruti,7,litre,2.51,0.24,10.45833,0.09854731056144483
Land Rover Range Rover Evoque 2.0 TD4 Pure,Kochi,2016,29022,Diesel,Automatic,Second,5.0,34.08,15.68,1999.0,177.0,Land,4,litre,2.51,0.24,10.45833,0.1600765306122449
Maruti Ertiga SHVS VDI,Chennai,2017,80000,Diesel,Manual,First,7.0,8.1,24.52,1248.0,88.5,Maruti,3,litre,2.51,0.24,10.45833,0.10236541598694943
Tata Indigo CS eVX,Chennai,2016,78000,Diesel,Manual,Second,5.0,2.35,25.0,1396.0,69.01,Tata,4,litre,2.51,0.24,10.45833,0.10039999999999999
Maruti Alto K10 LXI,Pune,2012,100000,Petrol,Manual,First,5.0,1.8,20.92,998.0,67.1,Maruti,8,litre,2.1,0.22,9.545455,0.10038240917782026
Hyundai EON D Lite Plus,Coimbatore,2015,31412,Petrol,Manual,First,5.0,3.42,21.1,814.0,55.2,Hyundai,5,litre,2.1,0.22,9.545455,0.0995260663507109
Ford Endeavour 3.0L 4X4 AT,Mumbai,2010,78000,Diesel,Automatic,Second,7.0,5.34,11.4,2953.0,153.86,Ford,10,litre,2.51,0.24,10.45833,0.2201754385964912
Ford Endeavour 2.2 Titanium AT 4X2,Hyderabad,2018,14000,Diesel,Automatic,First,7.0,31.99,12.62,2198.0,158.0,Ford,2,litre,2.51,0.24,10.45833,0.19889064976228207
Volkswagen Vento Diesel Highline,Bangalore,2011,80000,Diesel,Manual,First,5.0,4.75,20.54,1598.0,103.6,Volkswagen,9,litre,2.51,0.24,10.45833,0.12220058422590067
Maruti Ciaz AT ZXi,Mumbai,2014,46738,Petrol,Automatic,First,5.0,6.1,19.12,1373.0,91.1,Maruti,6,litre,2.1,0.22,9.545455,0.1098326359832636
Hyundai EON D Lite Plus,Coimbatore,2013,54884,Petrol,Manual,Second,5.0,3.69,21.1,814.0,55.2,Hyundai,7,litre,2.1,0.22,9.545455,0.0995260663507109
Audi Q5 2.0 TDI Premium Plus,Delhi,2012,74500,Diesel,Automatic,Second,5.0,15.0,14.16,1968.0,174.3,Audi,8,litre,2.51,0.24,10.45833,0.1772598870056497
Mahindra XUV500 W10 AWD,Coimbatore,2016,67472,Diesel,Manual,First,7.0,14.5,16.0,2179.0,140.0,Mahindra,4,litre,2.51,0.24,10.45833,0.156875
Maruti Swift VDI,Hyderabad,2013,84000,Diesel,Manual,First,5.0,5.65,28.4,1248.0,74.0,Maruti,7,litre,2.51,0.24,10.45833,0.08838028169014084
Maruti Ritz VDi,Kolkata,2011,77400,Diesel,Manual,First,5.0,2.5,21.1,1248.0,73.9,Maruti,9,litre,2.51,0.24,10.45833,0.11895734597156396
Mercedes-Benz New C-Class C 250 CDI Avantgarde,Mumbai,2017,14470,Diesel,Automatic,First,5.0,38.5,19.71,2143.0,201.15,Mercedes-Benz,3,litre,2.51,0.24,10.45833,0.12734652460679857
Renault Duster 110PS Diesel RxZ,Kolkata,2014,52108,Diesel,Manual,First,5.0,5.49,19.01,1461.0,108.45,Renault,6,litre,2.51,0.24,10.45833,0.13203577064702784
Maruti Swift Dzire VXI,Kolkata,2013,40000,Petrol,Manual,First,5.0,3.55,19.1,1197.0,85.8,Maruti,7,litre,2.1,0.22,9.545455,0.10994764397905758
Toyota Innova 2.5 VX (Diesel) 7 Seater,Jaipur,2014,105044,Diesel,Manual,First,7.0,10.75,12.99,2494.0,100.6,Toyota,6,litre,2.51,0.24,10.45833,0.193225558121632
Hyundai Creta 1.6 SX Option,Delhi,2016,24347,Petrol,Manual,First,5.0,11.0,15.8,1591.0,121.3,Hyundai,4,litre,2.1,0.22,9.545455,0.13291139240506328
Maruti SX4 ZDI,Ahmedabad,2014,58000,Diesel,Manual,First,5.0,4.5,21.79,1248.0,88.73,Maruti,6,litre,2.51,0.24,10.45833,0.11519045433685177
Mahindra XUV500 W8 2WD,Kochi,2014,49663,Diesel,Manual,First,7.0,8.42,15.1,2179.0,140.0,Mahindra,6,litre,2.51,0.24,10.45833,0.1662251655629139
Honda City i-VTEC CVT VX,Mumbai,2017,17000,Petrol,Automatic,First,5.0,11.6,18.0,1497.0,117.3,Honda,3,litre,2.1,0.22,9.545455,0.11666666666666667
Jaguar XF 2.2 Litre Luxury,Kochi,2016,13418,Diesel,Automatic,First,5.0,33.63,16.36,2179.0,187.7,Jaguar,4,litre,2.51,0.24,10.45833,0.15342298288508557
Ford Fiesta 1.4 SXi TDCi ABS,Pune,2008,117080,Diesel,Manual,Third,5.0,2.25,17.8,1399.0,68.0,Ford,12,litre,2.51,0.24,10.45833,0.14101123595505616
BMW 5 Series 523i Sedan,Mumbai,2010,74000,Petrol,Automatic,First,5.0,12.95,10.8,2497.0,150.0,BMW,10,litre,2.1,0.22,9.545455,0.19444444444444445
Maruti Swift VDI BSIV W ABS,Hyderabad,2010,86514,Diesel,Manual,First,5.0,4.25,17.8,1248.0,97.7,Maruti,10,litre,2.51,0.24,10.45833,0.14101123595505616
Audi A6 2011-2015 2.0 TDI Premium Plus,Coimbatore,2014,66882,Diesel,Automatic,First,5.0,25.02,17.68,1968.0,174.33,Audi,6,litre,2.51,0.24,10.45833,0.1419683257918552
Honda Brio 1.2 VX MT,Kochi,2014,41460,Petrol,Manual,First,5.0,3.95,18.5,1198.0,86.8,Honda,6,litre,2.1,0.22,9.545455,0.11351351351351352
Honda City 1.5 V AT,Mumbai,2011,57000,Petrol,Automatic,First,5.0,4.4,16.8,1497.0,118.0,Honda,9,litre,2.1,0.22,9.545455,0.125
Volkswagen Polo Petrol Comfortline 1.2L,Bangalore,2015,34010,Petrol,Manual,Third,5.0,4.95,16.47,1198.0,73.9,Volkswagen,5,litre,2.1,0.22,9.545455,0.12750455373406194
Mahindra Scorpio SLE BSIII,Pune,2010,96813,Diesel,Manual,Second,8.0,5.5,12.05,2179.0,120.0,Mahindra,10,litre,2.51,0.24,10.45833,0.20829875518672197
Honda City V MT,Mumbai,2011,84000,Petrol,Manual,First,5.0,3.25,16.8,1497.0,116.3,Honda,9,litre,2.1,0.22,9.545455,0.125
Skoda Rapid 1.6 MPI Elegance,Kochi,2013,50004,Petrol,Manual,First,5.0,4.02,15.0,1598.0,103.5,Skoda,7,litre,2.1,0.22,9.545455,0.14
Mahindra XUV500 W6 2WD,Coimbatore,2016,67995,Diesel,Manual,First,7.0,11.73,16.0,2179.0,140.0,Mahindra,4,litre,2.51,0.24,10.45833,0.156875
Volkswagen Jetta 2007-2011 2.0 TDI Trendline,Chennai,2012,55000,Diesel,Manual,First,5.0,9.5,15.0,1896.0,105.0,Volkswagen,8,litre,2.51,0.24,10.45833,0.1673333333333333
Maruti Baleno Alpha Automatic,Hyderabad,2017,14900,Petrol,Automatic,First,5.0,8.6,21.4,1197.0,83.1,Maruti,3,litre,2.1,0.22,9.545455,0.09813084112149534
Honda Amaze EX i-Dtech,Jaipur,2013,70961,Diesel,Manual,First,5.0,4.0,25.8,1498.0,98.6,Honda,7,litre,2.51,0.24,10.45833,0.09728682170542635
Volkswagen Vento 1.6 Highline,Mumbai,2015,40194,Petrol,Manual,First,5.0,5.55,15.04,1598.0,103.2,Volkswagen,5,litre,2.1,0.22,9.545455,0.1396276595744681
Maruti Alto 800 LXI,Hyderabad,2015,96000,Petrol,Manual,First,5.0,2.5,22.74,796.0,47.3,Maruti,5,litre,2.1,0.22,9.545455,0.09234828496042218
Land Rover Discovery HSE Luxury 3.0 TD6,Mumbai,2017,35000,Diesel,Automatic,First,7.0,41.6,18.0,2993.0,255.0,Land,3,litre,2.51,0.24,10.45833,0.13944444444444443
Honda City i VTEC CVT VX,Delhi,2015,50000,Petrol,Automatic,First,5.0,7.41,18.0,1497.0,117.3,Honda,5,litre,2.1,0.22,9.545455,0.11666666666666667
Nissan Terrano XL 110 PS,Mumbai,2014,50000,Diesel,Manual,First,5.0,6.5,19.01,1461.0,108.5,Nissan,6,litre,2.51,0.24,10.45833,0.13203577064702784
Maruti Alto LXi,Mumbai,2008,26299,Petrol,Manual,First,5.0,1.2,19.7,796.0,46.3,Maruti,12,litre,2.1,0.22,9.545455,0.10659898477157362
Toyota Fortuner 2.8 4WD MT,Bangalore,2015,150386,Diesel,Manual,First,7.0,23.0,14.24,2755.0,174.5,Toyota,5,litre,2.51,0.24,10.45833,0.1762640449438202
Hyundai i20 1.4 CRDi Magna,Kolkata,2012,60000,Diesel,Manual,First,5.0,2.74,21.9,1396.0,90.0,Hyundai,8,litre,2.51,0.24,10.45833,0.11461187214611872
Ford Figo Diesel Titanium,Hyderabad,2013,65000,Diesel,Manual,First,5.0,3.9,20.0,1399.0,68.0,Ford,7,litre,2.51,0.24,10.45833,0.1255
Maruti Vitara Brezza ZDi Plus,Ahmedabad,2017,80000,Diesel,Manual,First,5.0,8.0,24.3,1248.0,88.5,Maruti,3,litre,2.51,0.24,10.45833,0.10329218106995884
Hyundai Verna 1.6 SX,Chennai,2012,92000,Diesel,Manual,Third,5.0,4.0,22.32,1582.0,126.32,Hyundai,8,litre,2.51,0.24,10.45833,0.11245519713261648
Hyundai Tucson 2.0 Dual VTVT 2WD AT GL,Mumbai,2016,13000,Petrol,Automatic,First,5.0,17.75,12.95,1999.0,152.88,Hyundai,4,litre,2.1,0.22,9.545455,0.16216216216216217
Maruti Ritz VDi,Coimbatore,2013,73278,Diesel,Manual,First,5.0,5.05,21.1,1248.0,73.9,Maruti,7,litre,2.51,0.24,10.45833,0.11895734597156396
Audi A4 2.0 TFSI,Mumbai,2011,38000,Petrol,Automatic,First,5.0,12.0,10.8,1984.0,132.0,Audi,9,litre,2.1,0.22,9.545455,0.19444444444444445
Mercedes-Benz E-Class E250 CDI Launch Edition,Kochi,2016,46936,Diesel,Automatic,First,5.0,29.6,13.0,2143.0,204.0,Mercedes-Benz,4,litre,2.51,0.24,10.45833,0.19307692307692306
Renault Duster 85PS Diesel RxE,Jaipur,2015,55000,Diesel,Manual,First,5.0,6.5,19.87,1461.0,83.8,Renault,5,litre,2.51,0.24,10.45833,0.1263210870659285
Honda Amaze S AT i-Vtech,Mumbai,2014,19000,Petrol,Automatic,First,5.0,4.75,15.5,1198.0,86.7,Honda,6,litre,2.1,0.22,9.545455,0.13548387096774195
Volvo S60 D4 SUMMUM,Coimbatore,2016,42259,Diesel,Automatic,First,5.0,24.36,9.0,1984.0,181.0,Volvo,4,litre,2.51,0.24,10.45833,0.27888888888888885
Maruti Swift Dzire 1.2 Lxi BSIV,Mumbai,2011,14000,Petrol,Manual,Second,5.0,3.2,17.5,1197.0,85.8,Maruti,9,litre,2.1,0.22,9.545455,0.12000000000000001
Maruti Wagon R VXI,Kolkata,2016,16956,Petrol,Manual,First,5.0,3.6,22.5,998.0,67.04,Maruti,4,litre,2.1,0.22,9.545455,0.09333333333333334
Maruti Omni MPI STD BSIV,Coimbatore,2017,15473,Petrol,Manual,First,5.0,3.58,16.8,796.0,34.2,Maruti,3,litre,2.1,0.22,9.545455,0.125
Maruti SX4 VDI,Delhi,2011,75000,Diesel,Manual,First,5.0,2.5,21.5,1248.0,88.8,Maruti,9,litre,2.51,0.24,10.45833,0.11674418604651161
Ford Fiesta Titanium 1.5 TDCi,Ahmedabad,2013,96000,Diesel,Manual,Second,5.0,3.5,23.5,1498.0,90.0,Ford,7,litre,2.51,0.24,10.45833,0.10680851063829787
Toyota Camry Hybrid,Delhi,2015,25000,Petrol,Automatic,First,5.0,25.0,19.16,2494.0,158.2,Toyota,5,litre,2.1,0.22,9.545455,0.10960334029227557
Maruti Wagon R VXI,Mumbai,2010,38000,Petrol,Manual,Second,5.0,1.75,22.5,998.0,67.04,Maruti,10,litre,2.1,0.22,9.545455,0.09333333333333334
Mercedes-Benz E-Class E270 CDI,Bangalore,2005,54000,Diesel,Automatic,First,5.0,10.0,11.0,2987.0,198.5,Mercedes-Benz,15,litre,2.51,0.24,10.45833,0.22818181818181815
Maruti Baleno Zeta Automatic,Jaipur,2018,4131,Petrol,Automatic,First,5.0,7.75,21.4,1197.0,83.1,Maruti,2,litre,2.1,0.22,9.545455,0.09813084112149534
Honda Jazz 1.2 VX i VTEC,Hyderabad,2016,31700,Petrol,Manual,First,5.0,6.45,18.7,1199.0,88.7,Honda,4,litre,2.1,0.22,9.545455,0.11229946524064172
Mahindra Scorpio S10 AT 4WD,Pune,2017,66988,Diesel,Automatic,First,7.0,10.0,15.4,2179.0,120.0,Mahindra,3,litre,2.51,0.24,10.45833,0.16298701298701296
Volkswagen Polo 1.2 MPI Trendline,Mumbai,2014,54230,Petrol,Manual,First,5.0,4.5,16.47,1198.0,74.0,Volkswagen,6,litre,2.1,0.22,9.545455,0.12750455373406194
Hyundai i20 1.2 Era,Kolkata,2015,35000,Petrol,Manual,First,5.0,3.4,17.0,1197.0,80.0,Hyundai,5,litre,2.1,0.22,9.545455,0.12352941176470589
Toyota Camry W4 (AT),Mumbai,2010,62714,Petrol,Automatic,First,5.0,4.5,12.1,2362.0,164.7,Toyota,10,litre,2.1,0.22,9.545455,0.17355371900826447
Maruti Wagon R VXI,Hyderabad,2015,45295,Petrol,Manual,First,5.0,4.3,18.9,998.0,67.1,Maruti,5,litre,2.1,0.22,9.545455,0.11111111111111112
BMW 5 Series 2013-2017 520d M Sport,Pune,2018,7000,Diesel,Automatic,First,5.0,46.0,18.12,1995.0,190.0,BMW,2,litre,2.51,0.24,10.45833,0.13852097130242824
Maruti Alto K10 VXI AGS,Chennai,2016,57000,Petrol,Automatic,First,5.0,3.4,24.07,998.0,67.1,Maruti,4,litre,2.1,0.22,9.545455,0.08724553385957624
Mercedes-Benz New C-Class 220 CDI AT,Delhi,2013,40100,Diesel,Automatic,First,5.0,14.5,14.84,2143.0,170.0,Mercedes-Benz,7,litre,2.51,0.24,10.45833,0.1691374663072776
Maruti Alto 800 2016-2019 LXI,Delhi,2013,56000,Petrol,Manual,First,5.0,2.1,24.7,796.0,47.3,Maruti,7,litre,2.1,0.22,9.545455,0.08502024291497977
Maruti Swift VXI,Mumbai,2012,15000,Petrol,Manual,First,5.0,3.65,18.6,1197.0,85.8,Maruti,8,litre,2.1,0.22,9.545455,0.11290322580645161
Chevrolet Sail Hatchback 1.2 LS ABS,Kolkata,2014,14000,Petrol,Manual,First,5.0,3.0,18.2,1199.0,82.5,Chevrolet,6,litre,2.1,0.22,9.545455,0.11538461538461539
Hyundai i20 Asta 1.4 CRDi (Diesel),Ahmedabad,2009,68000,Diesel,Manual,Second,5.0,3.95,23.0,1396.0,90.0,Hyundai,11,litre,2.51,0.24,10.45833,0.10913043478260868
Skoda Superb 2.5 TDi AT,Delhi,2012,83000,Diesel,Automatic,First,5.0,6.75,11.9,2496.0,163.2,Skoda,8,litre,2.51,0.24,10.45833,0.21092436974789913
Toyota Corolla Altis D-4D G,Kochi,2013,81504,Diesel,Manual,First,5.0,6.53,21.43,1364.0,87.2,Toyota,7,litre,2.51,0.24,10.45833,0.11712552496500232
Toyota Fortuner 4x2 Manual,Hyderabad,2015,73500,Diesel,Manual,First,7.0,22.0,13.0,2982.0,168.5,Toyota,5,litre,2.51,0.24,10.45833,0.19307692307692306
Skoda Rapid 1.6 MPI AT Elegance,Pune,2013,52900,Petrol,Automatic,First,5.0,4.75,14.3,1598.0,103.52,Skoda,7,litre,2.1,0.22,9.545455,0.14685314685314685
Honda Brio 1.2 VX AT,Mumbai,2017,20000,Petrol,Automatic,First,5.0,5.99,16.5,1198.0,86.8,Honda,3,litre,2.1,0.22,9.545455,0.1272727272727273
Volkswagen Polo Petrol Comfortline 1.2L,Jaipur,2011,46000,Petrol,Manual,First,5.0,3.05,16.47,1198.0,73.9,Volkswagen,9,litre,2.1,0.22,9.545455,0.12750455373406194
Volkswagen Polo Petrol Comfortline 1.2L,Delhi,2010,65000,Petrol,Manual,First,5.0,2.4,16.47,1198.0,73.9,Volkswagen,10,litre,2.1,0.22,9.545455,0.12750455373406194
Maruti Zen Estilo LXI BSIII,Pune,2007,42000,Petrol,Manual,Third,5.0,1.3,18.2,998.0,67.1,Maruti,13,litre,2.1,0.22,9.545455,0.11538461538461539
Toyota Etios Cross 1.4L GD,Kochi,2016,36681,Diesel,Manual,First,5.0,6.71,23.59,1364.0,67.06,Toyota,4,litre,2.51,0.24,10.45833,0.10640101738024586
Mahindra XUV500 W8 2WD,Ahmedabad,2014,67000,Diesel,Manual,Second,7.0,7.2,15.1,2179.0,140.0,Mahindra,6,litre,2.51,0.24,10.45833,0.1662251655629139
Hyundai Grand i10 AT Asta,Chennai,2016,18000,Petrol,Automatic,First,5.0,5.4,18.9,1197.0,82.0,Hyundai,4,litre,2.1,0.22,9.545455,0.11111111111111112
Ford Ecosport 1.5 DV5 MT Titanium Optional,Kochi,2015,56409,Diesel,Manual,First,5.0,6.63,22.7,1498.0,89.84,Ford,5,litre,2.51,0.24,10.45833,0.11057268722466959
Maruti Ertiga VXI CNG,Mumbai,2016,65263,CNG,Manual,First,7.0,7.5,17.5,1373.0,80.46,Maruti,4,kg,2.5625,0.18,14.23611,0.14642857142857144
Honda City i-VTEC CVT ZX,Coimbatore,2018,20300,Petrol,Automatic,First,5.0,14.21,18.0,1497.0,117.3,Honda,2,litre,2.1,0.22,9.545455,0.11666666666666667
Honda City 1.5 V MT,Kolkata,2010,45008,Petrol,Manual,First,5.0,3.0,17.0,1497.0,118.0,Honda,10,litre,2.1,0.22,9.545455,0.12352941176470589
Maruti Celerio ZXI MT,Kochi,2017,21799,Petrol,Manual,First,5.0,5.11,23.1,998.0,67.04,Maruti,3,litre,2.1,0.22,9.545455,0.09090909090909091
Volkswagen Vento Petrol Highline,Pune,2011,57328,Petrol,Manual,First,5.0,3.39,15.04,1598.0,103.6,Volkswagen,9,litre,2.1,0.22,9.545455,0.1396276595744681
Toyota Innova Crysta 2.8 ZX AT,Hyderabad,2017,35358,Diesel,Automatic,First,7.0,22.99,11.36,2755.0,171.5,Toyota,3,litre,2.51,0.24,10.45833,0.2209507042253521
Hyundai i20 Magna,Delhi,2009,46946,Petrol,Manual,Second,5.0,2.35,18.5,1197.0,80.0,Hyundai,11,litre,2.1,0.22,9.545455,0.11351351351351352
Maruti Ritz VDi,Kolkata,2012,39772,Diesel,Manual,First,5.0,2.85,23.2,1248.0,73.94,Maruti,8,litre,2.51,0.24,10.45833,0.10818965517241379
Audi A6 2011-2015 2.0 TDI Premium Plus,Delhi,2014,58000,Diesel,Automatic,First,5.0,18.5,17.68,1968.0,174.33,Audi,6,litre,2.51,0.24,10.45833,0.1419683257918552
Renault Duster Petrol RxL,Bangalore,2014,52000,Petrol,Manual,First,5.0,5.99,13.24,1598.0,102.57,Renault,6,litre,2.1,0.22,9.545455,0.15861027190332327
Honda Civic 2006-2010 1.8 V MT,Hyderabad,2008,152000,Petrol,Manual,Second,5.0,3.0,13.5,1799.0,130.0,Honda,12,litre,2.1,0.22,9.545455,0.15555555555555556
Tata Tiago 1.2 Revotron XT,Jaipur,2016,42700,Petrol,Manual,First,5.0,3.6,23.84,1199.0,84.0,Tata,4,litre,2.1,0.22,9.545455,0.08808724832214765
Audi A4 2.0 TDI,Hyderabad,2014,60000,Diesel,Automatic,First,5.0,24.0,16.55,1968.0,147.51,Audi,6,litre,2.51,0.24,10.45833,0.15166163141993955
Maruti Swift Dzire VXI,Coimbatore,2015,33195,Petrol,Manual,First,5.0,6.26,19.1,1197.0,85.8,Maruti,5,litre,2.1,0.22,9.545455,0.10994764397905758
Toyota Fortuner 2.8 4WD MT,Hyderabad,2010,110000,Diesel,Manual,First,7.0,13.7,14.24,2755.0,174.5,Toyota,10,litre,2.51,0.24,10.45833,0.1762640449438202
Mercedes-Benz M-Class ML 250 CDI,Mumbai,2016,52000,Diesel,Automatic,First,5.0,35.0,15.26,2143.0,203.2,Mercedes-Benz,4,litre,2.51,0.24,10.45833,0.16448230668414154
Hyundai i20 Magna 1.4 CRDi,Kochi,2015,64399,Diesel,Manual,First,5.0,5.02,21.9,1396.0,90.0,Hyundai,5,litre,2.51,0.24,10.45833,0.11461187214611872
Maruti Wagon R VXI 1.2,Mumbai,2015,55000,Petrol,Manual,First,5.0,3.1,21.5,1197.0,81.8,Maruti,5,litre,2.1,0.22,9.545455,0.09767441860465116
Volkswagen Vento Diesel Highline,Bangalore,2012,50000,Diesel,Manual,First,5.0,5.5,20.54,1598.0,103.6,Volkswagen,8,litre,2.51,0.24,10.45833,0.12220058422590067
Maruti Swift Dzire VXI,Kolkata,2014,33485,Petrol,Manual,First,5.0,3.59,19.1,1197.0,85.8,Maruti,6,litre,2.1,0.22,9.545455,0.10994764397905758
Fiat Linea Emotion (Diesel),Kolkata,2015,32000,Diesel,Manual,First,5.0,4.65,20.4,1248.0,91.7,Fiat,5,litre,2.51,0.24,10.45833,0.1230392156862745
Honda City 1.5 V MT,Bangalore,2009,71400,Petrol,Manual,Third,5.0,3.8,17.0,1497.0,118.0,Honda,11,litre,2.1,0.22,9.545455,0.12352941176470589
Hyundai Creta 1.6 SX Plus Diesel,Hyderabad,2016,41713,Diesel,Manual,First,5.0,12.5,19.67,1582.0,126.2,Hyundai,4,litre,2.51,0.24,10.45833,0.1276054905948144
Honda City i-DTEC ZX,Hyderabad,2017,46000,Diesel,Manual,First,5.0,12.9,25.6,1498.0,98.6,Honda,3,litre,2.51,0.24,10.45833,0.09804687499999999
Maruti Omni 8 Seater BSIV,Hyderabad,2015,52950,Petrol,Manual,First,5.0,2.35,14.0,796.0,35.0,Maruti,5,litre,2.1,0.22,9.545455,0.15
Maruti Swift LXI Option,Chennai,2015,29500,Petrol,Manual,First,5.0,4.15,20.4,1197.0,81.8,Maruti,5,litre,2.1,0.22,9.545455,0.10294117647058824
Mercedes-Benz M-Class ML 350 CDI Corporate,Coimbatore,2012,63888,Diesel,Automatic,First,5.0,22.58,14.0,2987.0,224.0,Mercedes-Benz,8,litre,2.51,0.24,10.45833,0.17928571428571427
Maruti Alto 800 2016-2019 LXI,Ahmedabad,2016,60000,Petrol,Manual,First,5.0,2.65,24.7,796.0,47.3,Maruti,4,litre,2.1,0.22,9.545455,0.08502024291497977
Ford Figo Petrol Titanium,Delhi,2010,59196,Petrol,Manual,Second,5.0,2.25,15.6,1196.0,70.0,Ford,10,litre,2.1,0.22,9.545455,0.13461538461538464
Toyota Innova Crysta 2.4 G MT,Hyderabad,2016,121362,Diesel,Manual,First,7.0,16.0,13.68,2393.0,147.8,Toyota,4,litre,2.51,0.24,10.45833,0.1834795321637427
BMW 5 Series 2003-2012 520d,Mumbai,2013,78000,Diesel,Automatic,First,5.0,19.5,18.48,1995.0,177.0,BMW,7,litre,2.51,0.24,10.45833,0.13582251082251082
Hyundai Santa Fe 4WD AT,Bangalore,2015,59000,Diesel,Automatic,First,7.0,21.0,13.01,2199.0,194.3,Hyundai,5,litre,2.51,0.24,10.45833,0.1929285165257494
BMW 5 Series 520d Luxury Line,Ahmedabad,2012,95000,Diesel,Automatic,Second,5.0,17.5,22.48,1995.0,190.0,BMW,8,litre,2.51,0.24,10.45833,0.11165480427046262
Ford Fiesta EXi 1.4 TDCi Ltd,Hyderabad,2010,84000,Diesel,Manual,Second,5.0,2.41,17.8,1399.0,68.0,Ford,10,litre,2.51,0.24,10.45833,0.14101123595505616
Toyota Etios GD,Bangalore,2012,58253,Diesel,Manual,Second,5.0,4.45,23.59,1364.0,97.7,Toyota,8,litre,2.51,0.24,10.45833,0.10640101738024586
Land Rover Range Rover 2.2L Prestige,Coimbatore,2014,64557,Diesel,Automatic,Second,5.0,29.93,12.7,2179.0,187.7,Land,6,litre,2.51,0.24,10.45833,0.19763779527559056
Toyota Etios Liva V,Pune,2012,24500,Petrol,Manual,Second,5.0,2.95,18.3,1493.0,97.7,Toyota,8,litre,2.1,0.22,9.545455,0.11475409836065574
Maruti Alto LX,Kolkata,2009,68078,Petrol,Manual,First,5.0,1.02,19.7,796.0,46.3,Maruti,11,litre,2.1,0.22,9.545455,0.10659898477157362
Toyota Fortuner 3.0 Diesel,Jaipur,2009,149706,Diesel,Manual,First,7.0,11.0,11.5,2982.0,171.0,Toyota,11,litre,2.51,0.24,10.45833,0.21826086956521737
Toyota Qualis RS E2,Pune,2004,215750,Diesel,Manual,Second,10.0,3.5,0.0,2446.0,97.7,Toyota,16,litre,2.51,0.24,10.45833,0.12352941176470589
Ford Ecosport 1.5 Ti VCT MT Titanium,Mumbai,2013,25984,Petrol,Manual,First,5.0,5.35,15.8,1499.0,110.0,Ford,7,litre,2.1,0.22,9.545455,0.13291139240506328
Maruti Baleno Sigma 1.2,Mumbai,2017,15544,Petrol,Manual,First,5.0,5.65,21.4,1197.0,83.1,Maruti,3,litre,2.1,0.22,9.545455,0.09813084112149534
Mini Cooper Countryman D High,Mumbai,2015,34000,Diesel,Automatic,First,5.0,22.0,23.8,1998.0,112.0,Mini,5,litre,2.51,0.24,10.45833,0.10546218487394957
Hyundai Verna 1.6 VTVT EX AT,Mumbai,2013,24000,Petrol,Automatic,First,5.0,5.95,17.01,1591.0,121.4,Hyundai,7,litre,2.1,0.22,9.545455,0.12345679012345678
Ford Figo Diesel Titanium,Pune,2011,95000,Diesel,Manual,Third,5.0,2.35,20.0,1399.0,68.0,Ford,9,litre,2.51,0.24,10.45833,0.1255
Honda Amaze S i-Dtech,Pune,2014,52000,Diesel,Manual,Second,5.0,4.1,25.8,1498.0,98.6,Honda,6,litre,2.51,0.24,10.45833,0.09728682170542635
Renault Duster 110PS Diesel RxZ,Pune,2012,135000,Diesel,Manual,First,5.0,5.4,19.01,1461.0,108.45,Renault,8,litre,2.51,0.24,10.45833,0.13203577064702784
Ford EcoSport 1.5 Diesel Titanium,Delhi,2017,39000,Diesel,Manual,First,5.0,8.45,23.0,1498.0,98.96,Ford,3,litre,2.51,0.24,10.45833,0.10913043478260868
BMW X6 xDrive30d,Jaipur,2013,45306,Diesel,Automatic,Second,4.0,42.5,11.2,2993.0,241.0,BMW,7,litre,2.51,0.24,10.45833,0.22410714285714287
Toyota Fortuner 2.8 4WD MT,Mumbai,2010,140000,Diesel,Manual,First,7.0,10.75,14.24,2755.0,174.5,Toyota,10,litre,2.51,0.24,10.45833,0.1762640449438202
Hyundai Santro Xing GLS LPG,Pune,2010,55000,LPG,Manual,Second,5.0,1.65,13.45,1086.0,62.1,Hyundai,10,litre,1.56,0.21,7.428571,0.11598513011152417
Mahindra Ssangyong Rexton RX7,Kochi,2015,67415,Diesel,Automatic,First,7.0,11.03,11.18,2696.0,184.0,Mahindra,5,litre,2.51,0.24,10.45833,0.22450805008944544
Maruti Celerio VXI,Kolkata,2016,25562,Petrol,Manual,First,5.0,3.5,23.1,998.0,67.04,Maruti,4,litre,2.1,0.22,9.545455,0.09090909090909091
Hyundai i20 Sportz 1.2,Jaipur,2016,30292,Petrol,Manual,First,5.0,6.3,18.6,1197.0,81.83,Hyundai,4,litre,2.1,0.22,9.545455,0.11290322580645161
Ford EcoSport 1.0 Ecoboost Titanium Plus,Bangalore,2014,84056,Petrol,Manual,First,5.0,6.75,18.88,999.0,123.24,Ford,6,litre,2.1,0.22,9.545455,0.11122881355932204
Maruti Ciaz VDi,Jaipur,2017,62691,Diesel,Manual,First,5.0,7.5,26.21,1248.0,88.5,Maruti,3,litre,2.51,0.24,10.45833,0.09576497520030522
Audi A4 2.0 TDI 177 Bhp Premium Plus,Pune,2013,87000,Diesel,Automatic,First,5.0,15.5,17.11,1968.0,174.33,Audi,7,litre,2.51,0.24,10.45833,0.146697837521917
Honda Amaze S i-Vtech,Delhi,2015,52513,Petrol,Manual,First,5.0,4.65,18.0,1198.0,86.7,Honda,5,litre,2.1,0.22,9.545455,0.11666666666666667
Ford EcoSport 1.5 Ti VCT AT Titanium,Kochi,2016,43983,Petrol,Automatic,First,5.0,7.58,15.63,1499.0,110.4,Ford,4,litre,2.1,0.22,9.545455,0.1343570057581574
Maruti Alto K10 2010-2014 VXI,Hyderabad,2013,90121,Petrol,Manual,First,5.0,2.2,20.92,998.0,67.1,Maruti,7,litre,2.1,0.22,9.545455,0.10038240917782026
Audi A6 3.0 TDI quattro,Bangalore,2011,50000,Diesel,Automatic,Third,5.0,21.0,16.77,2967.0,241.38,Audi,9,litre,2.51,0.24,10.45833,0.14967203339296362
Volkswagen Passat Diesel Highline 2.0 TDI,Kolkata,2011,42500,Diesel,Automatic,First,5.0,5.25,18.33,1968.0,167.7,Volkswagen,9,litre,2.51,0.24,10.45833,0.13693398799781778
Maruti Swift VDI,Kochi,2016,62192,Diesel,Manual,First,5.0,5.22,28.4,1248.0,74.0,Maruti,4,litre,2.51,0.24,10.45833,0.08838028169014084
Mahindra Logan Diesel 1.5 DLS,Chennai,2011,128000,Diesel,Manual,Third,5.0,2.0,19.2,1461.0,65.0,Mahindra,9,litre,2.51,0.24,10.45833,0.13072916666666667
Maruti Ciaz Alpha,Kochi,2018,38394,Petrol,Manual,First,5.0,9.18,21.56,1462.0,103.25,Maruti,2,litre,2.1,0.22,9.545455,0.09740259740259741
Tata Nano Lx,Coimbatore,2013,37287,Petrol,Manual,First,4.0,1.74,26.0,624.0,35.0,Tata,7,litre,2.1,0.22,9.545455,0.08076923076923077
Honda City 1.5 V AT,Delhi,2011,60000,Petrol,Automatic,First,5.0,4.45,16.8,1497.0,118.0,Honda,9,litre,2.1,0.22,9.545455,0.125
Ford Figo 2015-2019 1.2P Trend MT,Coimbatore,2017,39419,Petrol,Manual,First,5.0,4.95,18.16,1196.0,86.8,Ford,3,litre,2.1,0.22,9.545455,0.1156387665198238
Hyundai i20 Sportz 1.4 CRDi,Delhi,2014,55000,Diesel,Manual,First,5.0,5.64,22.54,1396.0,88.73,Hyundai,6,litre,2.51,0.24,10.45833,0.11135758651286601
Ford EcoSport 1.5 Ti VCT MT Titanium BE,Mumbai,2016,7000,Petrol,Manual,First,5.0,6.9,18.88,1499.0,110.4,Ford,4,litre,2.1,0.22,9.545455,0.11122881355932204
Audi A4 2.0 TDI,Hyderabad,2011,85000,Diesel,Automatic,First,5.0,13.95,16.55,1968.0,147.51,Audi,9,litre,2.51,0.24,10.45833,0.15166163141993955
BMW 1 Series 118d Sport Line,Hyderabad,2013,51000,Diesel,Automatic,Second,5.0,17.0,20.58,1995.0,143.0,BMW,7,litre,2.51,0.24,10.45833,0.12196307094266277
Tata Safari DICOR 2.2 LX 4x2,Bangalore,2012,90000,Diesel,Manual,Second,7.0,4.6,13.93,2179.0,138.03,Tata,8,litre,2.51,0.24,10.45833,0.18018664752333094
Mahindra Scorpio VLX 4WD AIRBAG BSIV,Jaipur,2010,105000,Diesel,Manual,Second,8.0,5.21,12.05,2179.0,120.0,Mahindra,10,litre,2.51,0.24,10.45833,0.20829875518672197
Hyundai Creta 1.6 SX Plus Dual Tone Petrol,Coimbatore,2017,36458,Petrol,Manual,First,5.0,12.34,15.29,1591.0,121.3,Hyundai,3,litre,2.1,0.22,9.545455,0.13734466971877046
Honda City ZX VTEC,Chennai,2006,109000,Petrol,Manual,First,5.0,1.5,16.9,1497.0,100.0,Honda,14,litre,2.1,0.22,9.545455,0.12426035502958581
BMW X1 sDrive 20d Sportline,Delhi,2015,49000,Diesel,Automatic,First,5.0,22.99,17.05,1995.0,184.0,BMW,5,litre,2.51,0.24,10.45833,0.14721407624633429
Porsche Cayman 2009-2012 S tiptronic,Mumbai,2011,8000,Petrol,Automatic,First,2.0,43.0,9.0,3436.0,97.7,Porsche,9,litre,2.1,0.22,9.545455,0.23333333333333334
Land Rover Range Rover Sport 2005 2012 HSE,Hyderabad,2010,45000,Diesel,Automatic,First,6.0,40.0,14.7,2993.0,241.4,Land,10,litre,2.51,0.24,10.45833,0.17074829931972788
Maruti Alto LXi BSIII,Chennai,2008,68000,Petrol,Manual,Third,5.0,1.2,19.7,796.0,46.3,Maruti,12,litre,2.1,0.22,9.545455,0.10659898477157362
Hyundai i10 Asta Sunroof AT,Mumbai,2011,54000,Petrol,Automatic,First,5.0,2.9,19.2,1197.0,80.0,Hyundai,9,litre,2.1,0.22,9.545455,0.10937500000000001
Hyundai Elantra 2.0 SX Option AT,Delhi,2016,28000,Petrol,Automatic,First,5.0,13.9,14.62,1999.0,149.92,Hyundai,4,litre,2.1,0.22,9.545455,0.1436388508891929
Maruti Ciaz RS ZDi Plus SHVS,Delhi,2016,38500,Diesel,Manual,Second,5.0,7.85,28.09,1248.0,88.5,Maruti,4,litre,2.51,0.24,10.45833,0.08935564257742969
BMW X5 xDrive 30d,Coimbatore,2016,17738,Diesel,Automatic,First,5.0,54.45,15.3,2993.0,258.0,BMW,4,litre,2.51,0.24,10.45833,0.16405228758169932
Chevrolet Tavera LT 9 Str BS IV,Kolkata,2012,67132,Diesel,Manual,First,9.0,4.75,13.58,2499.0,78.0,Chevrolet,8,litre,2.51,0.24,10.45833,0.1848306332842415
Volkswagen Vento 1.5 TDI Trendline,Mumbai,2011,47000,Diesel,Manual,First,5.0,3.25,20.64,1498.0,108.5,Volkswagen,9,litre,2.51,0.24,10.45833,0.12160852713178293
Honda City i VTEC V,Mumbai,2015,28005,Petrol,Manual,First,5.0,7.1,17.8,1497.0,117.3,Honda,5,litre,2.1,0.22,9.545455,0.11797752808988764
Maruti Swift VXI BSIV,Kolkata,2017,13000,Petrol,Manual,First,5.0,4.65,20.4,1197.0,81.8,Maruti,3,litre,2.1,0.22,9.545455,0.10294117647058824
Volkswagen Jetta 2012-2014 2.0L TDI Comfortline,Kolkata,2012,67000,Diesel,Manual,First,5.0,5.0,19.33,1968.0,138.1,Volkswagen,8,litre,2.51,0.24,10.45833,0.1298499741334713
Hyundai i20 Sportz 1.2,Delhi,2015,50000,Petrol,Manual,First,5.0,4.95,18.6,1197.0,81.83,Hyundai,5,litre,2.1,0.22,9.545455,0.11290322580645161
Mahindra XUV500 W8 2WD,Bangalore,2014,55000,Diesel,Manual,First,7.0,9.8,15.1,2179.0,140.0,Mahindra,6,litre,2.51,0.24,10.45833,0.1662251655629139
Mercedes-Benz E-Class E 350 d,Coimbatore,2019,9312,Diesel,Automatic,First,5.0,78.8,18.0,2987.0,258.0,Mercedes-Benz,1,litre,2.51,0.24,10.45833,0.13944444444444443
Maruti Celerio LXI,Kolkata,2015,30458,Petrol,Manual,First,5.0,2.99,23.1,998.0,67.04,Maruti,5,litre,2.1,0.22,9.545455,0.09090909090909091
Volkswagen Vento 1.6 Highline,Mumbai,2014,46000,Petrol,Manual,First,5.0,4.45,15.04,1598.0,103.2,Volkswagen,6,litre,2.1,0.22,9.545455,0.1396276595744681
Tata Nano XT,Pune,2011,50000,Petrol,Manual,Second,4.0,0.75,23.9,624.0,37.48,Tata,9,litre,2.1,0.22,9.545455,0.08786610878661089
Hyundai Xcent 1.2 Kappa S Option CNG,Delhi,2016,36676,CNG,Manual,First,5.0,5.0,25.0,1197.0,81.86,Hyundai,4,kg,2.5625,0.18,14.23611,0.1025
Ford EcoSport 1.5 TDCi Titanium,Chennai,2014,72563,Diesel,Manual,Second,5.0,5.0,22.77,1498.0,98.59,Ford,6,litre,2.51,0.24,10.45833,0.11023276240667544
Maruti Swift 1.3 VXI ABS,Pune,2015,67000,Petrol,Manual,First,5.0,4.7,16.1,1493.0,97.7,Maruti,5,litre,2.1,0.22,9.545455,0.13043478260869565
Hyundai Elantra 2.0 SX Option AT,Coimbatore,2015,58239,Petrol,Automatic,First,5.0,9.69,14.62,1999.0,149.92,Hyundai,5,litre,2.1,0.22,9.545455,0.1436388508891929
Chevrolet Enjoy 1.3 TCDi LTZ 8,Coimbatore,2015,57934,Diesel,Manual,First,8.0,5.5,18.2,1248.0,73.74,Chevrolet,5,litre,2.51,0.24,10.45833,0.1379120879120879
Volkswagen Polo 1.5 TDI Highline,Jaipur,2015,63000,Diesel,Manual,First,5.0,5.11,20.14,1498.0,88.8,Volkswagen,5,litre,2.51,0.24,10.45833,0.12462760675273087
Skoda Fabia 1.2 MPI Ambition Plus,Mumbai,2012,27014,Petrol,Manual,First,5.0,2.19,16.25,1198.0,75.0,Skoda,8,litre,2.1,0.22,9.545455,0.12923076923076923
Volkswagen Vento Diesel Comfortline,Chennai,2012,90906,Diesel,Manual,First,5.0,4.25,20.54,1598.0,103.6,Volkswagen,8,litre,2.51,0.24,10.45833,0.12220058422590067
Mahindra Ssangyong Rexton RX7,Hyderabad,2013,61202,Diesel,Automatic,First,7.0,14.5,11.18,2696.0,184.0,Mahindra,7,litre,2.51,0.24,10.45833,0.22450805008944544
Nissan Terrano XL D Option,Mumbai,2014,51000,Diesel,Manual,First,5.0,5.65,19.87,1461.0,83.14,Nissan,6,litre,2.51,0.24,10.45833,0.1263210870659285
Toyota Fortuner 2.8 2WD AT,Ahmedabad,2016,88008,Diesel,Automatic,Second,7.0,22.5,12.9,2755.0,174.5,Toyota,4,litre,2.51,0.24,10.45833,0.1945736434108527
Maruti Swift 1.3 VXi,Mumbai,2007,55000,Petrol,Manual,Second,5.0,1.75,16.1,1493.0,97.7,Maruti,13,litre,2.1,0.22,9.545455,0.13043478260869565
Toyota Corolla H4,Jaipur,2004,160000,Petrol,Automatic,Second,5.0,1.5,11.3,1794.0,125.0,Toyota,16,litre,2.1,0.22,9.545455,0.18584070796460175
Hyundai i10 Sportz,Kochi,2012,42591,Petrol,Manual,First,5.0,3.2,20.36,1197.0,78.9,Hyundai,8,litre,2.1,0.22,9.545455,0.1031434184675835
Hyundai i20 1.4 CRDi Sportz,Bangalore,2012,67000,Diesel,Manual,First,5.0,4.5,23.0,1396.0,90.0,Hyundai,8,litre,2.51,0.24,10.45833,0.10913043478260868
Honda Amaze S i-Dtech,Pune,2014,48000,Diesel,Manual,Second,5.0,4.5,25.8,1498.0,98.6,Honda,6,litre,2.51,0.24,10.45833,0.09728682170542635
Hyundai Verna 1.6 SX CRDI (O) AT,Jaipur,2014,97000,Diesel,Automatic,First,5.0,8.0,22.32,1582.0,126.32,Hyundai,6,litre,2.51,0.24,10.45833,0.11245519713261648
Mercedes-Benz GLA Class 200 d Sport,Mumbai,2018,10000,Diesel,Automatic,First,5.0,28.9,17.9,2143.0,136.0,Mercedes-Benz,2,litre,2.51,0.24,10.45833,0.14022346368715083
Volkswagen Polo 1.5 TDI Trendline,Coimbatore,2015,56900,Diesel,Manual,First,5.0,4.1,20.14,1498.0,88.8,Volkswagen,5,litre,2.51,0.24,10.45833,0.12462760675273087
Hyundai Santro AT,Hyderabad,2006,74483,Petrol,Automatic,First,5.0,2.3,0.0,999.0,97.7,Hyundai,14,litre,2.1,0.22,9.545455,0.12352941176470589
Maruti Baleno Zeta Automatic,Kochi,2017,36152,Petrol,Automatic,First,5.0,7.22,21.4,1197.0,83.1,Maruti,3,litre,2.1,0.22,9.545455,0.09813084112149534
Maruti Swift VDI,Hyderabad,2014,85512,Diesel,Manual,First,5.0,5.8,22.9,1248.0,74.0,Maruti,6,litre,2.51,0.24,10.45833,0.10960698689956332
Mahindra Xylo D2 BSIV,Chennai,2013,234000,Diesel,Manual,Second,8.0,3.5,14.0,2489.0,95.0,Mahindra,7,litre,2.51,0.24,10.45833,0.17928571428571427
Ford Ecosport 1.5 DV5 MT Trend,Bangalore,2013,36000,Diesel,Manual,Second,5.0,6.35,22.7,1498.0,89.84,Ford,7,litre,2.51,0.24,10.45833,0.11057268722466959
Mahindra XUV500 W8 2WD,Delhi,2015,36096,Diesel,Manual,First,7.0,8.85,15.1,2179.0,140.0,Mahindra,5,litre,2.51,0.24,10.45833,0.1662251655629139
Chevrolet Beat LS,Hyderabad,2010,111111,Petrol,Manual,Second,5.0,2.0,18.6,1199.0,79.4,Chevrolet,10,litre,2.1,0.22,9.545455,0.11290322580645161
Hyundai Verna 1.6 VTVT,Bangalore,2012,73000,Petrol,Manual,First,5.0,5.5,17.01,1591.0,121.3,Hyundai,8,litre,2.1,0.22,9.545455,0.12345679012345678
Hyundai Grand i10 Asta,Kolkata,2014,44300,Petrol,Manual,Second,5.0,2.3,18.9,1197.0,82.0,Hyundai,6,litre,2.1,0.22,9.545455,0.11111111111111112
Renault Duster 110PS Diesel RxZ,Bangalore,2014,74500,Diesel,Manual,First,5.0,7.95,19.01,1461.0,108.45,Renault,6,litre,2.51,0.24,10.45833,0.13203577064702784
Hyundai Xcent 1.2 Kappa S Option,Coimbatore,2016,21495,Petrol,Manual,First,5.0,6.16,19.1,1197.0,81.86,Hyundai,4,litre,2.1,0.22,9.545455,0.10994764397905758
Hyundai i10 Sportz,Delhi,2012,59000,Petrol,Manual,First,5.0,2.85,20.36,1197.0,78.9,Hyundai,8,litre,2.1,0.22,9.545455,0.1031434184675835
Mercedes-Benz GLA Class 200 Sport Edition,Delhi,2016,23000,Petrol,Automatic,First,5.0,25.0,13.7,1991.0,183.0,Mercedes-Benz,4,litre,2.1,0.22,9.545455,0.15328467153284672
Mercedes-Benz New C-Class 220 CDI MT,Coimbatore,2008,50135,Diesel,Manual,First,5.0,10.36,15.8,2148.0,170.0,Mercedes-Benz,12,litre,2.51,0.24,10.45833,0.15886075949367087
Mercedes-Benz CLA 200 Sport Edition,Delhi,2016,25000,Petrol,Automatic,First,5.0,26.0,15.04,1991.0,183.0,Mercedes-Benz,4,litre,2.1,0.22,9.545455,0.1396276595744681
Hyundai Verna 1.6 SX CRDi (O),Kolkata,2013,47000,Diesel,Manual,First,5.0,4.35,22.32,1582.0,126.32,Hyundai,7,litre,2.51,0.24,10.45833,0.11245519713261648
Mahindra Xylo D2 Maxx,Chennai,2016,150000,Diesel,Manual,First,9.0,4.5,14.95,2489.0,93.7,Mahindra,4,litre,2.51,0.24,10.45833,0.16789297658862876
Maruti Swift Dzire LDI,Delhi,2015,53503,Diesel,Manual,First,5.0,5.0,26.59,1248.0,74.0,Maruti,5,litre,2.51,0.24,10.45833,0.09439638962015795
Hyundai i10 Sportz,Ahmedabad,2014,47003,Petrol,Manual,First,5.0,3.67,20.36,1197.0,78.9,Hyundai,6,litre,2.1,0.22,9.545455,0.1031434184675835
Tata Safari Storme Explorer Edition,Delhi,2014,80000,Diesel,Manual,First,7.0,6.0,14.0,2179.0,138.1,Tata,6,litre,2.51,0.24,10.45833,0.17928571428571427
Hyundai Grand i10 Asta,Coimbatore,2018,20492,Petrol,Manual,First,5.0,6.34,18.9,1197.0,82.0,Hyundai,2,litre,2.1,0.22,9.545455,0.11111111111111112
Mini Cooper Convertible S,Chennai,2012,17000,Petrol,Automatic,Second,4.0,22.0,16.82,1998.0,189.08,Mini,8,litre,2.1,0.22,9.545455,0.12485136741973842
Toyota Corolla H5,Delhi,2006,79000,Petrol,Manual,Second,5.0,1.67,13.4,1794.0,125.0,Toyota,14,litre,2.1,0.22,9.545455,0.15671641791044777
Toyota Corolla Altis G MT,Kolkata,2014,27000,Petrol,Manual,First,5.0,7.95,14.28,1798.0,138.03,Toyota,6,litre,2.1,0.22,9.545455,0.14705882352941177
Maruti Grand Vitara 2.4 MT,Kochi,2018,28786,Petrol,Manual,First,5.0,9.74,10.4,2393.0,163.5,Maruti,2,litre,2.1,0.22,9.545455,0.20192307692307693
Mahindra XUV500 W8 1.99 mHawk,Chennai,2011,143354,Diesel,Manual,Second,7.0,6.0,16.0,1997.0,140.0,Mahindra,9,litre,2.51,0.24,10.45833,0.156875
Maruti Estilo LXI,Chennai,2008,56000,Petrol,Manual,Second,5.0,1.5,19.5,1061.0,97.7,Maruti,12,litre,2.1,0.22,9.545455,0.1076923076923077
Mini Cooper 3 DOOR S,Mumbai,2013,21000,Petrol,Automatic,First,4.0,21.5,17.44,1998.0,189.08,Mini,7,litre,2.1,0.22,9.545455,0.12041284403669725
Maruti Wagon R CNG LXI,Pune,2014,29202,CNG,Manual,First,5.0,3.9,33.54,998.0,67.04,Maruti,6,kg,2.5625,0.18,14.23611,0.07640131186642815
Maruti Ritz VDi,Jaipur,2009,73000,Diesel,Manual,Second,5.0,2.35,21.1,1248.0,73.9,Maruti,11,litre,2.51,0.24,10.45833,0.11895734597156396
Volkswagen Polo Diesel Comfortline 1.2L,Delhi,2012,74000,Diesel,Manual,Second,5.0,2.65,22.07,1199.0,73.9,Volkswagen,8,litre,2.51,0.24,10.45833,0.11372904395106478
Hyundai i10 Magna,Kochi,2011,65423,Petrol,Manual,First,5.0,3.16,20.36,1197.0,78.9,Hyundai,9,litre,2.1,0.22,9.545455,0.1031434184675835
Maruti A-Star Vxi,Jaipur,2009,65000,Petrol,Manual,Second,5.0,2.05,19.0,998.0,66.1,Maruti,11,litre,2.1,0.22,9.545455,0.1105263157894737
Maruti Wagon R LXI CNG,Hyderabad,2013,83875,CNG,Manual,Second,5.0,2.95,26.6,998.0,58.16,Maruti,7,kg,2.5625,0.18,14.23611,0.09633458646616541
Maruti Wagon R Stingray LXI,Hyderabad,2014,55277,Petrol,Manual,First,5.0,3.9,20.51,998.0,67.04,Maruti,6,litre,2.1,0.22,9.545455,0.10238907849829351
Honda Mobilio S i DTEC,Coimbatore,2017,50808,Diesel,Manual,Second,7.0,6.68,24.2,1498.0,98.6,Honda,3,litre,2.51,0.24,10.45833,0.1037190082644628
Hyundai EON Era Plus,Jaipur,2017,52000,Petrol,Manual,Second,5.0,3.5,21.1,814.0,55.2,Hyundai,3,litre,2.1,0.22,9.545455,0.0995260663507109
Skoda Rapid 1.6 MPI AT Ambition,Mumbai,2017,32000,Petrol,Automatic,First,5.0,8.11,14.84,1598.0,103.52,Skoda,3,litre,2.1,0.22,9.545455,0.14150943396226415
Maruti Ciaz VDi Plus SHVS,Delhi,2017,25000,Diesel,Manual,First,5.0,8.3,28.09,1248.0,88.5,Maruti,3,litre,2.51,0.24,10.45833,0.08935564257742969
Mercedes-Benz M-Class ML 250 CDI,Coimbatore,2016,23218,Diesel,Automatic,First,5.0,45.61,15.26,2143.0,203.2,Mercedes-Benz,4,litre,2.51,0.24,10.45833,0.16448230668414154
Skoda Laura Elegance 2.0 TDI CR AT,Pune,2010,84000,Diesel,Automatic,First,5.0,4.45,20.0,1968.0,138.1,Skoda,10,litre,2.51,0.24,10.45833,0.1255
Maruti Vitara Brezza VDi Option,Delhi,2017,40000,Diesel,Manual,First,5.0,7.85,24.3,1248.0,88.5,Maruti,3,litre,2.51,0.24,10.45833,0.10329218106995884
Hyundai Santro Xing GLS LPG,Hyderabad,2011,17000,LPG,Manual,First,5.0,3.1,13.45,1086.0,62.1,Hyundai,9,litre,1.56,0.21,7.428571,0.11598513011152417
Hyundai Grand i10 CRDi Sportz,Kolkata,2014,25135,Diesel,Manual,First,5.0,3.75,24.0,1120.0,70.0,Hyundai,6,litre,2.51,0.24,10.45833,0.10458333333333332
Maruti Ertiga VDI,Delhi,2017,65000,Diesel,Manual,First,7.0,7.65,25.47,1248.0,88.5,Maruti,3,litre,2.51,0.24,10.45833,0.09854731056144483
Hyundai i20 1.2 Sportz,Ahmedabad,2013,40000,Petrol,Manual,First,5.0,4.9,17.0,1197.0,80.0,Hyundai,7,litre,2.1,0.22,9.545455,0.12352941176470589
Mahindra XUV500 AT W10 FWD,Coimbatore,2018,24500,Diesel,Automatic,First,7.0,16.52,16.0,2179.0,140.0,Mahindra,2,litre,2.51,0.24,10.45833,0.156875
Skoda Superb Elegance 1.8 TSI AT,Kochi,2016,56674,Petrol,Automatic,First,5.0,14.05,13.7,1798.0,157.75,Skoda,4,litre,2.1,0.22,9.545455,0.15328467153284672
Maruti Ciaz VXi Plus,Kochi,2016,51950,Petrol,Manual,First,5.0,6.75,20.73,1373.0,91.1,Maruti,4,litre,2.1,0.22,9.545455,0.10130246020260492
Hyundai Creta 1.6 CRDi SX,Kolkata,2016,51000,Diesel,Manual,First,5.0,9.2,19.67,1582.0,126.2,Hyundai,4,litre,2.51,0.24,10.45833,0.1276054905948144
Toyota Etios GD,Chennai,2012,150000,Diesel,Manual,Third,5.0,3.0,23.59,1364.0,97.7,Toyota,8,litre,2.51,0.24,10.45833,0.10640101738024586
Honda City 1.5 S MT,Chennai,2008,114750,Petrol,Manual,Second,5.0,2.75,17.0,1497.0,118.0,Honda,12,litre,2.1,0.22,9.545455,0.12352941176470589
Ford Endeavour 2.2 Trend MT 4X4,Hyderabad,2016,107890,Diesel,Manual,First,7.0,20.5,13.5,2198.0,157.7,Ford,4,litre,2.51,0.24,10.45833,0.1859259259259259
Hyundai i20 2015-2017 1.4 Magna ABS,Pune,2012,64000,Diesel,Manual,First,5.0,4.25,21.9,1396.0,90.0,Hyundai,8,litre,2.51,0.24,10.45833,0.11461187214611872
Ford EcoSport 1.5 Petrol Trend,Kolkata,2016,21460,Petrol,Manual,First,5.0,6.0,17.0,1497.0,121.36,Ford,4,litre,2.1,0.22,9.545455,0.12352941176470589
Hyundai i20 1.2 Sportz,Coimbatore,2015,29634,Petrol,Manual,Second,5.0,6.0,17.0,1197.0,80.0,Hyundai,5,litre,2.1,0.22,9.545455,0.12352941176470589
Maruti Swift VXI BSIII,Ahmedabad,2008,52000,Petrol,Manual,First,5.0,2.41,16.1,1298.0,88.2,Maruti,12,litre,2.1,0.22,9.545455,0.13043478260869565
Honda Jazz V CVT,Hyderabad,2015,33000,Petrol,Automatic,First,5.0,7.25,19.0,1199.0,88.7,Honda,5,litre,2.1,0.22,9.545455,0.1105263157894737
Volvo XC90 2007-2015 D5 AWD,Kochi,2014,89230,Diesel,Manual,First,7.0,23.65,11.1,2400.0,200.0,Volvo,6,litre,2.51,0.24,10.45833,0.22612612612612612
Maruti Baleno Alpha 1.2,Delhi,2016,27000,Petrol,Manual,First,5.0,6.5,21.4,1197.0,83.1,Maruti,4,litre,2.1,0.22,9.545455,0.09813084112149534
Mercedes-Benz GLA Class 200 CDI SPORT,Kochi,2017,72524,Diesel,Automatic,Second,5.0,18.06,17.9,2143.0,136.0,Mercedes-Benz,3,litre,2.51,0.24,10.45833,0.14022346368715083
Renault KWID RXT,Hyderabad,2016,73000,Petrol,Manual,First,5.0,3.2,25.17,799.0,53.3,Renault,4,litre,2.1,0.22,9.545455,0.08343265792610251
Ford Figo 2015-2019 1.2P Titanium Opt MT,Coimbatore,2017,21740,Petrol,Manual,First,5.0,6.42,18.16,1196.0,86.8,Ford,3,litre,2.1,0.22,9.545455,0.1156387665198238
Toyota Fortuner 4x2 Manual,Jaipur,2015,59000,Diesel,Manual,First,7.0,23.0,13.0,2982.0,168.5,Toyota,5,litre,2.51,0.24,10.45833,0.19307692307692306
Honda City 1.5 S MT,Chennai,2013,83432,Petrol,Manual,First,5.0,5.9,17.0,1497.0,118.0,Honda,7,litre,2.1,0.22,9.545455,0.12352941176470589
Mahindra Scorpio S2 7 Seater,Pune,2014,87200,Diesel,Manual,First,7.0,7.75,15.4,2523.0,75.0,Mahindra,6,litre,2.51,0.24,10.45833,0.16298701298701296
BMW 3 Series 320d,Hyderabad,2012,88000,Diesel,Automatic,First,5.0,15.0,13.2,1995.0,170.0,BMW,8,litre,2.51,0.24,10.45833,0.19015151515151515
Maruti Vitara Brezza ZDi Plus,Jaipur,2017,48324,Diesel,Manual,First,5.0,9.0,24.3,1248.0,88.5,Maruti,3,litre,2.51,0.24,10.45833,0.10329218106995884
Mercedes-Benz New C-Class C 200 CGI Elegance,Delhi,2011,51000,Petrol,Automatic,First,5.0,11.5,11.74,1796.0,186.0,Mercedes-Benz,9,litre,2.1,0.22,9.545455,0.1788756388415673
Hyundai Verna 1.6 VTVT,Kolkata,2012,24000,Petrol,Manual,Second,5.0,6.2,17.01,1591.0,121.3,Hyundai,8,litre,2.1,0.22,9.545455,0.12345679012345678
Hyundai Grand i10 1.2 CRDi Sportz,Kochi,2017,20773,Diesel,Manual,First,5.0,5.92,24.0,1186.0,73.97,Hyundai,3,litre,2.51,0.24,10.45833,0.10458333333333332
Volkswagen Polo 1.5 TDI Highline,Kolkata,2016,22000,Diesel,Manual,First,5.0,6.29,20.14,1498.0,88.0,Volkswagen,4,litre,2.51,0.24,10.45833,0.12462760675273087
Honda Amaze S i-Vtech,Kochi,2014,66355,Petrol,Manual,First,5.0,4.12,18.0,1198.0,86.7,Honda,6,litre,2.1,0.22,9.545455,0.11666666666666667
Honda CR-V 2.4 AT,Pune,2007,115800,Petrol,Automatic,Third,5.0,3.8,10.1,2354.0,152.0,Honda,13,litre,2.1,0.22,9.545455,0.20792079207920794
Hyundai Santro Xing GL Plus,Ahmedabad,2014,41125,Petrol,Manual,First,5.0,2.7,17.92,1086.0,62.1,Hyundai,6,litre,2.1,0.22,9.545455,0.1171875
Mercedes-Benz B Class B200 CDI,Coimbatore,2017,43812,Diesel,Automatic,First,5.0,20.28,15.0,2143.0,107.3,Mercedes-Benz,3,litre,2.51,0.24,10.45833,0.1673333333333333
Honda Amaze S i-Vtech,Delhi,2014,69876,Petrol,Manual,First,5.0,3.9,18.0,1198.0,86.7,Honda,6,litre,2.1,0.22,9.545455,0.11666666666666667
Toyota Fortuner 4x2 AT,Pune,2014,102000,Diesel,Automatic,Second,7.0,16.5,12.55,2982.0,168.5,Toyota,6,litre,2.51,0.24,10.45833,0.19999999999999998
Hyundai Verna 1.6 VTVT,Pune,2011,68000,Petrol,Manual,First,5.0,3.7,17.01,1591.0,121.3,Hyundai,9,litre,2.1,0.22,9.545455,0.12345679012345678
Jaguar XJ 3.0L Portfolio,Delhi,2016,12000,Diesel,Automatic,First,4.0,79.0,10.5,2993.0,271.23,Jaguar,4,litre,2.51,0.24,10.45833,0.23904761904761904
BMW 3 Series 320d,Mumbai,2013,25000,Diesel,Automatic,First,5.0,17.99,22.69,1995.0,190.0,BMW,7,litre,2.51,0.24,10.45833,0.11062141912736886
Hyundai i20 Magna 1.4 CRDi (Diesel),Jaipur,2013,51873,Diesel,Manual,First,5.0,3.9,21.9,1396.0,88.76,Hyundai,7,litre,2.51,0.24,10.45833,0.11461187214611872
Ford Figo Diesel EXI Option,Chennai,2012,72500,Diesel,Manual,First,5.0,3.12,18.5,1399.0,68.0,Ford,8,litre,2.51,0.24,10.45833,0.13567567567567568
Maruti Wagon R LXI BSIII,Pune,2007,83000,Petrol,Manual,First,5.0,1.65,14.0,1061.0,64.0,Maruti,13,litre,2.1,0.22,9.545455,0.15
Hyundai Xcent 1.2 Kappa S Option,Kolkata,2015,39871,Petrol,Manual,First,5.0,3.5,19.1,1197.0,81.86,Hyundai,5,litre,2.1,0.22,9.545455,0.10994764397905758
Mahindra Xylo H4,Chennai,2015,82000,Diesel,Manual,Second,7.0,4.85,14.02,2179.0,118.3,Mahindra,5,litre,2.51,0.24,10.45833,0.17902995720399428
Mercedes-Benz New C-Class C 220d Avantgarde Edition C,Coimbatore,2018,23152,Diesel,Automatic,First,5.0,39.22,19.27,2143.0,167.62,Mercedes-Benz,2,litre,2.51,0.24,10.45833,0.1302542812662169
Hyundai i10 Magna,Kolkata,2007,71600,Petrol,Manual,Second,5.0,2.0,20.36,1197.0,78.9,Hyundai,13,litre,2.1,0.22,9.545455,0.1031434184675835
Toyota Fortuner 3.0 Diesel,Mumbai,2010,122000,Diesel,Manual,Second,7.0,10.45,11.5,2982.0,171.0,Toyota,10,litre,2.51,0.24,10.45833,0.21826086956521737
Toyota Camry Hybrid,Chennai,2016,29277,Petrol,Automatic,First,5.0,27.0,19.16,2494.0,158.2,Toyota,4,litre,2.1,0.22,9.545455,0.10960334029227557
Ford Figo Diesel ZXI,Kolkata,2011,60000,Diesel,Manual,First,5.0,2.25,20.0,1399.0,68.0,Ford,9,litre,2.51,0.24,10.45833,0.1255
Hyundai Xcent 1.2 Kappa S Option,Kolkata,2014,42000,Petrol,Manual,First,5.0,3.45,19.1,1197.0,81.86,Hyundai,6,litre,2.1,0.22,9.545455,0.10994764397905758
Hyundai i20 Sportz 1.2,Kochi,2016,61823,Petrol,Manual,First,5.0,6.14,18.6,1197.0,81.83,Hyundai,4,litre,2.1,0.22,9.545455,0.11290322580645161
Hyundai i10 Magna LPG,Jaipur,2012,53000,LPG,Manual,Second,5.0,2.85,19.2,1086.0,68.05,Hyundai,8,litre,1.56,0.21,7.428571,0.08125
Tata Indigo CS Emax CNG GLX,Chennai,2015,75000,CNG,Manual,First,5.0,3.25,24.6,1193.0,55.23,Tata,5,kg,2.5625,0.18,14.23611,0.10416666666666666
Maruti Dzire VDI,Hyderabad,2011,110000,Diesel,Manual,First,5.0,4.0,28.4,1248.0,73.75,Maruti,9,litre,2.51,0.24,10.45833,0.08838028169014084
Honda City 1.5 S MT,Kolkata,2010,38446,Petrol,Manual,First,5.0,2.59,17.0,1497.0,118.0,Honda,10,litre,2.1,0.22,9.545455,0.12352941176470589
Maruti Baleno Delta 1.3,Delhi,2017,33000,Diesel,Manual,First,5.0,6.96,27.39,1248.0,74.0,Maruti,3,litre,2.51,0.24,10.45833,0.09163928441036874
Toyota Etios Liva G,Kolkata,2011,42118,Petrol,Manual,First,5.0,2.19,18.3,1197.0,97.7,Toyota,9,litre,2.1,0.22,9.545455,0.11475409836065574
Hyundai EON Era Plus,Jaipur,2016,70000,Petrol,Manual,First,5.0,3.0,21.1,814.0,55.2,Hyundai,4,litre,2.1,0.22,9.545455,0.0995260663507109
Volkswagen Polo 1.5 TDI Highline,Delhi,2012,68038,Diesel,Manual,First,5.0,3.6,20.14,1498.0,88.0,Volkswagen,8,litre,2.51,0.24,10.45833,0.12462760675273087
Chevrolet Beat Diesel LS,Coimbatore,2014,55012,Diesel,Manual,Second,5.0,3.7,25.44,936.0,57.6,Chevrolet,6,litre,2.51,0.24,10.45833,0.09866352201257861
BMW 5 Series 520d Luxury Line,Ahmedabad,2013,55000,Diesel,Automatic,First,5.0,21.75,22.48,1995.0,190.0,BMW,7,litre,2.51,0.24,10.45833,0.11165480427046262
Mercedes-Benz GLC 220d 4MATIC Sport,Mumbai,2017,25000,Diesel,Automatic,First,5.0,45.0,17.9,2143.0,170.0,Mercedes-Benz,3,litre,2.51,0.24,10.45833,0.14022346368715083
Maruti Alto K10 VXI,Coimbatore,2011,46808,Petrol,Manual,Second,5.0,3.19,24.07,998.0,67.1,Maruti,9,litre,2.1,0.22,9.545455,0.08724553385957624
Hyundai Xcent 1.2 VTVT S,Coimbatore,2015,65743,Petrol,Manual,First,5.0,6.2,20.14,1197.0,81.86,Hyundai,5,litre,2.1,0.22,9.545455,0.10427010923535253
Hyundai i10 Magna 1.1,Coimbatore,2013,64466,Petrol,Manual,First,5.0,3.96,19.81,1086.0,68.05,Hyundai,7,litre,2.1,0.22,9.545455,0.1060070671378092
Tata Indica DLS,Kolkata,2009,75648,Diesel,Manual,First,5.0,0.82,13.5,1405.0,97.7,Tata,11,litre,2.51,0.24,10.45833,0.1859259259259259
Maruti Swift Dzire Tour LDI,Jaipur,2016,80000,Diesel,Manual,First,5.0,4.5,23.4,1248.0,74.0,Maruti,4,litre,2.51,0.24,10.45833,0.10726495726495726
Hyundai Xcent 1.2 CRDi E Plus,Mumbai,2017,69000,Diesel,Manual,First,5.0,3.55,25.4,1186.0,73.97,Hyundai,3,litre,2.51,0.24,10.45833,0.09881889763779528
Nissan Sunny Diesel XV,Chennai,2014,79200,Diesel,Manual,First,5.0,5.5,22.71,1461.0,84.8,Nissan,6,litre,2.51,0.24,10.45833,0.11052399823866137
Hyundai Creta 1.6 SX Option,Mumbai,2016,29477,Petrol,Manual,First,5.0,10.25,15.8,1591.0,121.3,Hyundai,4,litre,2.1,0.22,9.545455,0.13291139240506328
Toyota Fortuner 2.8 2WD AT,Delhi,2017,40000,Diesel,Automatic,First,7.0,30.0,12.9,2755.0,174.5,Toyota,3,litre,2.51,0.24,10.45833,0.1945736434108527
Maruti Ritz VXi,Pune,2014,25000,Petrol,Manual,Second,5.0,3.5,18.5,1197.0,85.8,Maruti,6,litre,2.1,0.22,9.545455,0.11351351351351352
Renault Pulse RxL,Delhi,2014,67668,Diesel,Manual,First,5.0,3.1,23.08,1461.0,63.12,Renault,6,litre,2.51,0.24,10.45833,0.10875216637781629
Skoda Fabia 1.2 MPI Ambiente Petrol,Hyderabad,2010,78000,Petrol,Manual,First,5.0,3.25,17.5,1198.0,75.0,Skoda,10,litre,2.1,0.22,9.545455,0.12000000000000001
Ford EcoSport 1.5 Diesel Titanium,Mumbai,2017,30000,Diesel,Manual,First,5.0,8.99,23.0,1498.0,98.96,Ford,3,litre,2.51,0.24,10.45833,0.10913043478260868
Volkswagen Vento Petrol Comfortline,Kolkata,2015,70623,Petrol,Manual,First,5.0,3.99,15.04,1598.0,103.6,Volkswagen,5,litre,2.1,0.22,9.545455,0.1396276595744681
Nissan Terrano XV 110 PS,Mumbai,2015,54000,Diesel,Manual,Second,5.0,6.0,19.01,1461.0,108.5,Nissan,5,litre,2.51,0.24,10.45833,0.13203577064702784
Audi Q3 2012-2015 35 TDI Quattro Premium,Mumbai,2015,48000,Diesel,Automatic,First,5.0,18.25,15.73,1968.0,174.33,Audi,5,litre,2.51,0.24,10.45833,0.15956770502225046
Toyota Innova 2.5 GX (Diesel) 7 Seater,Delhi,2012,62000,Diesel,Manual,First,7.0,7.75,12.99,2494.0,100.0,Toyota,8,litre,2.51,0.24,10.45833,0.193225558121632
Tata Zest Revotron 1.2T XE,Delhi,2017,47000,Petrol,Manual,Second,5.0,4.5,17.57,1193.0,88.7,Tata,3,litre,2.1,0.22,9.545455,0.11952191235059761
Toyota Fortuner 3.0 Diesel,Bangalore,2014,171000,Diesel,Manual,First,7.0,16.75,11.5,2982.0,171.0,Toyota,6,litre,2.51,0.24,10.45833,0.21826086956521737
BMW X3 xDrive20d,Pune,2012,108000,Diesel,Automatic,First,5.0,17.5,16.09,1995.0,184.0,BMW,8,litre,2.51,0.24,10.45833,0.15599751398384087
Maruti SX4 S Cross DDiS 320 Zeta,Chennai,2016,41000,Diesel,Manual,First,5.0,7.7,22.7,1598.0,118.0,Maruti,4,litre,2.51,0.24,10.45833,0.11057268722466959
Honda City 1.5 S MT,Pune,2012,66000,Petrol,Manual,Second,5.0,4.45,17.0,1497.0,118.0,Honda,8,litre,2.1,0.22,9.545455,0.12352941176470589
Maruti Swift Dzire LDI,Jaipur,2015,144000,Diesel,Manual,First,5.0,5.25,26.59,1248.0,74.0,Maruti,5,litre,2.51,0.24,10.45833,0.09439638962015795
BMW 3 Series 320d M Sport,Kochi,2017,23806,Diesel,Automatic,First,5.0,33.66,22.69,1995.0,190.0,BMW,3,litre,2.51,0.24,10.45833,0.11062141912736886
Nissan Micra XV CVT,Chennai,2013,89000,Petrol,Automatic,Second,5.0,2.8,19.34,1198.0,76.0,Nissan,7,litre,2.1,0.22,9.545455,0.10858324715615306
Maruti Baleno Zeta Automatic,Coimbatore,2018,38852,Petrol,Automatic,First,5.0,8.47,21.4,1197.0,83.1,Maruti,2,litre,2.1,0.22,9.545455,0.09813084112149534
Maruti Ciaz ZDi Plus,Coimbatore,2018,68737,Diesel,Manual,First,5.0,9.32,26.21,1248.0,88.5,Maruti,2,litre,2.51,0.24,10.45833,0.09576497520030522
Mercedes-Benz CLA 200 CDI Style,Coimbatore,2017,23106,Diesel,Automatic,First,5.0,27.43,17.9,2143.0,136.0,Mercedes-Benz,3,litre,2.51,0.24,10.45833,0.14022346368715083
Honda Mobilio RS i DTEC,Delhi,2015,31250,Diesel,Manual,First,7.0,6.5,24.5,1498.0,98.6,Honda,5,litre,2.51,0.24,10.45833,0.10244897959183673
Toyota Innova 2.5 GX (Diesel) 8 Seater,Delhi,2014,77795,Diesel,Manual,First,8.0,9.5,12.99,2494.0,100.6,Toyota,6,litre,2.51,0.24,10.45833,0.193225558121632
Jaguar XF 3.0 Litre S Premium Luxury,Kochi,2015,47759,Diesel,Automatic,First,5.0,31.8,14.74,2993.0,270.9,Jaguar,5,litre,2.51,0.24,10.45833,0.17028493894165533
Toyota Etios Petrol TRD Sportivo,Chennai,2013,67620,Petrol,Manual,Second,5.0,4.2,17.6,1496.0,88.8,Toyota,7,litre,2.1,0.22,9.545455,0.11931818181818181
Chevrolet Beat Diesel LS,Kochi,2013,44378,Diesel,Manual,First,5.0,3.85,25.44,936.0,57.6,Chevrolet,7,litre,2.51,0.24,10.45833,0.09866352201257861
Honda Accord 2.4 M/T,Delhi,2012,64709,Petrol,Manual,Second,5.0,6.0,12.8,2354.0,177.6,Honda,8,litre,2.1,0.22,9.545455,0.1640625
Maruti Alto LXi,Hyderabad,2007,76161,Petrol,Manual,First,5.0,1.65,19.7,796.0,46.3,Maruti,13,litre,2.1,0.22,9.545455,0.10659898477157362
Skoda Octavia Ambition 2.0 TDI AT,Bangalore,2013,58410,Diesel,Automatic,First,5.0,14.5,19.3,1968.0,141.0,Skoda,7,litre,2.51,0.24,10.45833,0.13005181347150258
Toyota Innova 2.5 V Diesel 7-seater,Delhi,2011,72000,Diesel,Manual,First,7.0,7.1,12.8,2494.0,102.0,Toyota,9,litre,2.51,0.24,10.45833,0.19609374999999998
Audi A4 35 TDI Premium Sport,Chennai,2016,11000,Diesel,Automatic,First,5.0,28.0,17.11,1968.0,174.33,Audi,4,litre,2.51,0.24,10.45833,0.146697837521917
Maruti Vitara Brezza ZDi Plus Dual Tone,Kochi,2017,45362,Diesel,Manual,First,5.0,9.38,24.3,1248.0,88.5,Maruti,3,litre,2.51,0.24,10.45833,0.10329218106995884
Hyundai Grand i10 Sportz,Kochi,2016,59767,Petrol,Manual,First,5.0,4.78,18.9,1197.0,82.0,Hyundai,4,litre,2.1,0.22,9.545455,0.11111111111111112
Toyota Corolla DX,Chennai,2003,70000,Petrol,Manual,Second,5.0,1.7,13.4,1794.0,125.0,Toyota,17,litre,2.1,0.22,9.545455,0.15671641791044777
Tata Hexa XTA,Coimbatore,2019,14233,Diesel,Automatic,First,7.0,17.85,17.6,2179.0,153.86,Tata,1,litre,2.51,0.24,10.45833,0.14261363636363633
Hyundai i20 2015-2017 1.2 Asta,Pune,2010,72000,Petrol,Manual,Second,5.0,2.75,17.0,1197.0,80.0,Hyundai,10,litre,2.1,0.22,9.545455,0.12352941176470589
Hyundai Verna 1.6 SX VTVT,Mumbai,2014,11000,Petrol,Manual,First,5.0,5.95,17.01,1591.0,121.3,Hyundai,6,litre,2.1,0.22,9.545455,0.12345679012345678
Maruti Omni 8 Seater BSIV,Mumbai,2011,39000,Petrol,Manual,First,5.0,1.5,14.0,796.0,35.0,Maruti,9,litre,2.1,0.22,9.545455,0.15
Maruti Alto 800 2016-2019 VXI,Kochi,2019,19855,Petrol,Manual,First,5.0,3.8,24.7,796.0,47.3,Maruti,1,litre,2.1,0.22,9.545455,0.08502024291497977
Mercedes-Benz New C-Class C 220d Avantgarde Edition C,Bangalore,2017,20149,Diesel,Automatic,First,5.0,38.5,19.27,2143.0,167.62,Mercedes-Benz,3,litre,2.51,0.24,10.45833,0.1302542812662169
Hyundai i10 Era 1.1,Jaipur,2011,70000,Petrol,Manual,First,5.0,2.15,19.81,1086.0,68.05,Hyundai,9,litre,2.1,0.22,9.545455,0.1060070671378092
Skoda Superb Style 1.8 TSI AT,Mumbai,2010,62004,Petrol,Automatic,Second,5.0,3.75,14.67,1798.0,177.46,Skoda,10,litre,2.1,0.22,9.545455,0.14314928425357873
Volkswagen Vento 1.5 TDI Highline AT,Mumbai,2016,25500,Diesel,Automatic,First,5.0,8.95,21.5,1498.0,108.5,Volkswagen,4,litre,2.51,0.24,10.45833,0.11674418604651161
Maruti Swift VDI BSIV,Hyderabad,2013,68800,Diesel,Manual,First,5.0,5.0,17.8,1248.0,97.7,Maruti,7,litre,2.51,0.24,10.45833,0.14101123595505616
Honda Civic 2010-2013 1.8 V MT,Pune,2010,61700,Petrol,Manual,First,5.0,2.95,14.8,1799.0,130.2,Honda,10,litre,2.1,0.22,9.545455,0.14189189189189189
BMW 3 Series 320i Sedan,Coimbatore,2010,59660,Petrol,Automatic,First,5.0,10.49,12.05,1995.0,154.0,BMW,10,litre,2.1,0.22,9.545455,0.17427385892116182
Hyundai Santro Xing GLS,Hyderabad,2007,69775,Petrol,Manual,Second,5.0,1.85,17.92,1086.0,62.1,Hyundai,13,litre,2.1,0.22,9.545455,0.1171875
Maruti Swift VDI BSIV,Hyderabad,2016,51787,Diesel,Manual,First,5.0,6.45,17.8,1248.0,97.7,Maruti,4,litre,2.51,0.24,10.45833,0.14101123595505616
Honda Accord 2001-2003 2.3 VTi L AT,Jaipur,2009,88000,Petrol,Automatic,First,5.0,5.25,11.1,2354.0,142.0,Honda,11,litre,2.1,0.22,9.545455,0.1891891891891892
Maruti Ertiga VDI,Kolkata,2014,47052,Diesel,Manual,First,7.0,5.99,20.77,1248.0,88.76,Maruti,6,litre,2.51,0.24,10.45833,0.12084737602311024
Ford Fiesta Classic 1.4 Duratorq LXI,Kochi,2015,69749,Diesel,Manual,First,5.0,3.82,18.6,1388.0,67.0,Ford,5,litre,2.51,0.24,10.45833,0.13494623655913976
Audi Q7 3.0 TDI Quattro Premium Plus,Hyderabad,2012,79000,Diesel,Automatic,First,7.0,39.0,12.07,2967.0,241.4,Audi,8,litre,2.51,0.24,10.45833,0.20795360397680196
Audi A4 35 TDI Premium,Coimbatore,2016,39644,Diesel,Automatic,First,5.0,25.75,17.11,1968.0,174.33,Audi,4,litre,2.51,0.24,10.45833,0.146697837521917
Tata Indica Vista Quadrajet VX,Hyderabad,2012,137800,Diesel,Manual,First,5.0,2.2,22.3,1248.0,74.0,Tata,8,litre,2.51,0.24,10.45833,0.11255605381165917
Hyundai Verna CRDi ABS,Chennai,2008,120000,Diesel,Manual,Second,5.0,2.0,18.1,1493.0,110.0,Hyundai,12,litre,2.51,0.24,10.45833,0.13867403314917126
Mercedes-Benz E-Class E 220 d,Mumbai,2018,11000,Diesel,Automatic,First,5.0,56.5,16.1,1950.0,194.0,Mercedes-Benz,2,litre,2.51,0.24,10.45833,0.1559006211180124
BMW 3 Series 320d Luxury Line,Mumbai,2014,18600,Diesel,Automatic,Second,5.0,21.0,22.69,1995.0,190.0,BMW,6,litre,2.51,0.24,10.45833,0.11062141912736886
Hyundai Grand i10 CRDi Asta,Ahmedabad,2014,116905,Diesel,Manual,First,5.0,4.0,24.0,1120.0,70.0,Hyundai,6,litre,2.51,0.24,10.45833,0.10458333333333332
Hyundai i10 Sportz AT,Coimbatore,2011,32824,Petrol,Automatic,First,5.0,3.83,16.95,1197.0,78.9,Hyundai,9,litre,2.1,0.22,9.545455,0.12389380530973453
Maruti Swift VXi BSIV,Kochi,2016,19148,Petrol,Manual,First,5.0,5.89,16.1,1197.0,85.0,Maruti,4,litre,2.1,0.22,9.545455,0.13043478260869565
Hyundai Santro Xing GLS,Kolkata,2010,35008,Petrol,Manual,First,5.0,1.36,17.92,1086.0,62.1,Hyundai,10,litre,2.1,0.22,9.545455,0.1171875
BMW 6 Series Gran Coupe,Delhi,2013,21000,Diesel,Automatic,Second,4.0,44.0,17.54,2993.0,313.0,BMW,7,litre,2.51,0.24,10.45833,0.14310148232611175
Maruti SX4 Green Vxi (CNG),Mumbai,2014,53000,CNG,Manual,First,5.0,3.26,22.1,1586.0,85.7,Maruti,6,kg,2.5625,0.18,14.23611,0.11595022624434388
Hyundai Verna 1.4 VTVT,Bangalore,2016,36000,Petrol,Manual,First,5.0,8.0,17.43,1396.0,105.5,Hyundai,4,litre,2.1,0.22,9.545455,0.12048192771084339
Maruti Swift Dzire ZDI,Ahmedabad,2012,56121,Diesel,Manual,First,5.0,4.25,23.4,1248.0,74.0,Maruti,8,litre,2.51,0.24,10.45833,0.10726495726495726
Maruti Swift VDI,Pune,2018,30000,Diesel,Manual,First,5.0,6.0,28.4,1248.0,74.0,Maruti,2,litre,2.51,0.24,10.45833,0.08838028169014084
Skoda Octavia 2.0 TDI AT Style Plus,Kochi,2016,31021,Diesel,Automatic,First,5.0,16.61,19.5,1968.0,141.0,Skoda,4,litre,2.51,0.24,10.45833,0.1287179487179487
Renault Duster 110PS Diesel RxL,Coimbatore,2013,52600,Diesel,Manual,First,5.0,7.26,19.6,1461.0,108.45,Renault,7,litre,2.51,0.24,10.45833,0.1280612244897959
Mahindra Scorpio 2.6 CRDe,Bangalore,2005,60000,Diesel,Manual,First,8.0,4.0,10.5,2179.0,120.0,Mahindra,15,litre,2.51,0.24,10.45833,0.23904761904761904
BMW 5 Series 2013-2017 520d Luxury Line,Ahmedabad,2016,44001,Diesel,Automatic,First,5.0,34.51,18.12,1995.0,190.0,BMW,4,litre,2.51,0.24,10.45833,0.13852097130242824
Maruti Wagon R VXI BSIII,Chennai,2003,101000,Petrol,Manual,Third,5.0,0.95,17.3,1061.0,64.0,Maruti,17,litre,2.1,0.22,9.545455,0.12138728323699421
Maruti Wagon R LXI BSIII,Hyderabad,2007,84169,Petrol,Manual,First,5.0,2.2,14.0,1061.0,64.0,Maruti,13,litre,2.1,0.22,9.545455,0.15
Hyundai i20 Sportz 1.2,Mumbai,2017,14001,Petrol,Manual,First,5.0,5.75,18.6,1197.0,81.83,Hyundai,3,litre,2.1,0.22,9.545455,0.11290322580645161
Hyundai Santro Xing XO CNG,Pune,2005,100000,CNG,Manual,Third,5.0,1.2,17.0,1086.0,97.7,Hyundai,15,kg,2.5625,0.18,14.23611,0.15073529411764705
Land Rover Discovery SE 3.0 TD6,Delhi,2016,59000,Diesel,Automatic,First,7.0,36.75,18.0,2993.0,255.0,Land,4,litre,2.51,0.24,10.45833,0.13944444444444443
Mercedes-Benz New C-Class 230 Avantgarde,Hyderabad,2009,29000,Petrol,Automatic,Second,5.0,10.0,11.7,1796.0,178.0,Mercedes-Benz,11,litre,2.1,0.22,9.545455,0.17948717948717952
BMW 5 Series 520d Sedan,Kochi,2014,64158,Diesel,Automatic,First,5.0,17.89,18.48,1493.0,97.7,BMW,6,litre,2.51,0.24,10.45833,0.13582251082251082
Nissan Sunny 2011-2014 Diesel XV,Mumbai,2012,38800,Diesel,Manual,First,5.0,4.05,21.64,1461.0,84.8,Nissan,8,litre,2.51,0.24,10.45833,0.11598890942698704
Audi Q7 3.0 TDI quattro,Hyderabad,2011,98000,Diesel,Automatic,First,7.0,22.0,12.07,2967.0,241.4,Audi,9,litre,2.51,0.24,10.45833,0.20795360397680196
Mercedes-Benz CLA 200 CDI Sport,Coimbatore,2017,20969,Diesel,Automatic,First,5.0,27.87,17.9,2143.0,136.0,Mercedes-Benz,3,litre,2.51,0.24,10.45833,0.14022346368715083
Maruti Vitara Brezza ZDi,Kolkata,2018,2900,Diesel,Manual,First,5.0,8.75,24.3,1248.0,88.5,Maruti,2,litre,2.51,0.24,10.45833,0.10329218106995884
Maruti Swift Dzire Vdi BSIV,Hyderabad,2016,69000,Diesel,Manual,First,5.0,4.79,19.3,1248.0,73.9,Maruti,4,litre,2.51,0.24,10.45833,0.13005181347150258
Skoda Rapid 1.5 TDI Ambition,Coimbatore,2018,5833,Diesel,Manual,First,5.0,11.92,21.13,1498.0,108.4,Skoda,2,litre,2.51,0.24,10.45833,0.11878845243729294
Audi Q7 35 TDI Quattro Technology,Coimbatore,2016,28733,Diesel,Automatic,Second,7.0,53.11,12.07,2967.0,241.4,Audi,4,litre,2.51,0.24,10.45833,0.20795360397680196
Maruti Wagon R LXI,Jaipur,2006,145000,Petrol,Manual,First,5.0,1.15,18.9,998.0,67.1,Maruti,14,litre,2.1,0.22,9.545455,0.11111111111111112
Honda City i DTEC VX Option,Pune,2014,71000,Diesel,Manual,First,5.0,7.45,25.1,1498.0,98.6,Honda,6,litre,2.51,0.24,10.45833,0.09999999999999999
Hyundai EON Magna Plus,Jaipur,2017,12000,Petrol,Manual,First,5.0,3.5,21.1,814.0,55.2,Hyundai,3,litre,2.1,0.22,9.545455,0.0995260663507109
Mercedes-Benz E-Class 2015-2017 E350 CDI Avantgrade,Kochi,2018,21603,Diesel,Automatic,First,5.0,70.15,13.0,2987.0,265.0,Mercedes-Benz,2,litre,2.51,0.24,10.45833,0.19307692307692306
Hyundai Santro GLS II - Euro II,Bangalore,2011,65000,Petrol,Manual,Second,5.0,3.15,0.0,1493.0,97.7,Hyundai,9,litre,2.1,0.22,9.545455,0.12352941176470589
BMW 3 Series 320d,Hyderabad,2013,58000,Diesel,Automatic,First,5.0,19.5,13.2,1995.0,170.0,BMW,7,litre,2.51,0.24,10.45833,0.19015151515151515
BMW 3 Series 318i Sedan,Pune,2012,39000,Petrol,Automatic,Second,5.0,15.0,12.05,1995.0,154.0,BMW,8,litre,2.1,0.22,9.545455,0.17427385892116182
Mahindra NuvoSport N8,Coimbatore,2017,37712,Diesel,Manual,First,7.0,7.57,17.45,1493.0,100.0,Mahindra,3,litre,2.51,0.24,10.45833,0.14383954154727793
Maruti Ritz VXi,Hyderabad,2012,68000,Petrol,Manual,First,5.0,4.4,18.5,1197.0,85.8,Maruti,8,litre,2.1,0.22,9.545455,0.11351351351351352
BMW X6 xDrive 40d M Sport,Chennai,2016,25000,Diesel,Automatic,First,5.0,60.0,15.87,2993.0,308.43,BMW,4,litre,2.51,0.24,10.45833,0.1581600504095778
Chevrolet Beat LT,Kolkata,2010,30000,Petrol,Manual,First,5.0,1.6,18.6,1199.0,79.4,Chevrolet,10,litre,2.1,0.22,9.545455,0.11290322580645161
Maruti Swift Dzire VXI,Pune,2014,68218,Petrol,Manual,First,5.0,4.9,19.1,1197.0,85.8,Maruti,6,litre,2.1,0.22,9.545455,0.10994764397905758
Maruti Ertiga ZDI,Delhi,2014,52000,Diesel,Manual,First,7.0,5.95,20.77,1248.0,88.8,Maruti,6,litre,2.51,0.24,10.45833,0.12084737602311024
Renault Duster 85PS Diesel RxL,Coimbatore,2015,63591,Diesel,Manual,First,5.0,5.35,20.45,1461.0,83.8,Renault,5,litre,2.51,0.24,10.45833,0.12273838630806845
Honda Amaze VX AT i-Vtech,Hyderabad,2014,57937,Petrol,Automatic,First,5.0,5.4,15.5,1198.0,86.7,Honda,6,litre,2.1,0.22,9.545455,0.13548387096774195
Audi A4 2.0 TDI Premium Sport Limited Edition,Coimbatore,2015,21979,Diesel,Automatic,First,5.0,23.45,17.11,1968.0,174.33,Audi,5,litre,2.51,0.24,10.45833,0.146697837521917
Skoda Octavia Ambiente 1.9 TDI MT,Hyderabad,2002,99000,Diesel,Manual,Second,5.0,1.9,18.7,1896.0,66.0,Skoda,18,litre,2.51,0.24,10.45833,0.13422459893048128
Honda Amaze E i-Dtech,Pune,2016,62000,Diesel,Manual,First,5.0,6.1,25.8,1498.0,98.6,Honda,4,litre,2.51,0.24,10.45833,0.09728682170542635
Toyota Innova 2.5 EV Diesel MS 8 Str BSIII,Mumbai,2006,127001,Diesel,Manual,First,8.0,4.95,12.8,2494.0,102.0,Toyota,14,litre,2.51,0.24,10.45833,0.19609374999999998
Hyundai EON D Lite Plus,Hyderabad,2013,84600,Petrol,Manual,Second,5.0,2.5,21.1,814.0,55.2,Hyundai,7,litre,2.1,0.22,9.545455,0.0995260663507109
Datsun redi-GO T Option,Kochi,2018,30953,Petrol,Manual,First,5.0,3.48,22.7,799.0,53.64,Datsun,2,litre,2.1,0.22,9.545455,0.09251101321585904
Maruti Swift VDI,Chennai,2012,78000,Diesel,Manual,First,5.0,4.4,22.9,1248.0,74.0,Maruti,8,litre,2.51,0.24,10.45833,0.10960698689956332
Mitsubishi Pajero 2.8 GLX Sports,Hyderabad,2008,85000,Diesel,Manual,First,6.0,7.99,9.5,2835.0,118.6,Mitsubishi,12,litre,2.51,0.24,10.45833,0.26421052631578945
Volvo S80 D5,Hyderabad,2008,79000,Diesel,Automatic,First,5.0,10.99,13.1,2400.0,215.0,Volvo,12,litre,2.51,0.24,10.45833,0.1916030534351145
Toyota Fortuner 4x2 AT,Delhi,2014,79000,Diesel,Automatic,First,7.0,18.5,12.55,2982.0,168.5,Toyota,6,litre,2.51,0.24,10.45833,0.19999999999999998
Jeep Compass 2.0 Limited 4X4,Coimbatore,2018,48188,Diesel,Manual,First,5.0,21.69,16.3,1956.0,170.0,Jeep,2,litre,2.51,0.24,10.45833,0.15398773006134966
Maruti Swift Dzire VDI,Coimbatore,2014,67557,Diesel,Manual,First,5.0,5.17,23.4,1248.0,74.0,Maruti,6,litre,2.51,0.24,10.45833,0.10726495726495726
Hyundai Verna 1.6 SX,Delhi,2011,103814,Diesel,Manual,Second,5.0,4.5,22.32,1582.0,126.32,Hyundai,9,litre,2.51,0.24,10.45833,0.11245519713261648
Mahindra Scorpio VLX 2WD BSIV,Kolkata,2014,45128,Diesel,Manual,First,8.0,6.75,12.05,2179.0,120.0,Mahindra,6,litre,2.51,0.24,10.45833,0.20829875518672197
Hyundai i10 Era,Kochi,2013,56075,Petrol,Manual,First,5.0,3.12,19.81,1086.0,68.05,Hyundai,7,litre,2.1,0.22,9.545455,0.1060070671378092
Toyota Innova 2.5 G (Diesel) 8 Seater,Hyderabad,2011,166000,Diesel,Manual,First,8.0,8.25,12.99,2494.0,100.6,Toyota,9,litre,2.51,0.24,10.45833,0.193225558121632
Toyota Innova Crysta 2.8 ZX AT,Coimbatore,2017,65367,Diesel,Automatic,First,7.0,20.14,11.36,2755.0,171.5,Toyota,3,litre,2.51,0.24,10.45833,0.2209507042253521
Toyota Innova 2.5 G (Diesel) 8 Seater,Hyderabad,2013,114708,Diesel,Manual,First,8.0,12.6,12.99,2494.0,100.0,Toyota,7,litre,2.51,0.24,10.45833,0.193225558121632
Maruti Swift Dzire ZDI,Kochi,2015,35082,Diesel,Manual,First,5.0,6.61,23.4,1248.0,74.0,Maruti,5,litre,2.51,0.24,10.45833,0.10726495726495726
Hyundai Creta 1.6 CRDi AT SX Plus,Kochi,2016,38593,Diesel,Automatic,First,5.0,13.23,17.01,1582.0,126.2,Hyundai,4,litre,2.51,0.24,10.45833,0.14756025867136977
Toyota Innova 2.5 G (Diesel) 8 Seater BS IV,Mumbai,2008,70700,Diesel,Manual,First,8.0,4.75,12.99,2494.0,100.0,Toyota,12,litre,2.51,0.24,10.45833,0.193225558121632
Volkswagen Vento Diesel Highline,Mumbai,2011,83000,Diesel,Manual,Second,5.0,2.9,20.54,1598.0,103.6,Volkswagen,9,litre,2.51,0.24,10.45833,0.12220058422590067
Chevrolet Tavera LS B3 10 Seats BSIII,Hyderabad,2015,120000,Diesel,Manual,First,10.0,5.5,14.8,2499.0,80.0,Chevrolet,5,litre,2.51,0.24,10.45833,0.16959459459459458
Mahindra Ssangyong Rexton RX7,Kochi,2014,91586,Diesel,Automatic,Second,7.0,9.47,11.18,2696.0,184.0,Mahindra,6,litre,2.51,0.24,10.45833,0.22450805008944544
Hyundai i10 Magna,Mumbai,2008,38235,Petrol,Manual,First,5.0,1.95,20.36,1197.0,78.9,Hyundai,12,litre,2.1,0.22,9.545455,0.1031434184675835
Hyundai i10 Sportz 1.2,Kolkata,2011,37000,Petrol,Manual,First,5.0,2.2,20.36,1197.0,78.9,Hyundai,9,litre,2.1,0.22,9.545455,0.1031434184675835
Hyundai Santro Xing XG eRLX Euro III,Mumbai,2006,50888,Petrol,Manual,First,5.0,1.15,17.0,1086.0,97.7,Hyundai,14,litre,2.1,0.22,9.545455,0.12352941176470589
Honda Amaze S i-Vtech,Bangalore,2013,44000,Petrol,Manual,Second,5.0,4.35,18.0,1198.0,86.7,Honda,7,litre,2.1,0.22,9.545455,0.11666666666666667
Maruti Celerio ZXI AT,Pune,2016,54000,Petrol,Automatic,First,5.0,4.5,23.1,998.0,67.04,Maruti,4,litre,2.1,0.22,9.545455,0.09090909090909091
Hyundai Grand i10 Asta,Chennai,2013,90000,Petrol,Manual,First,5.0,3.55,18.9,1197.0,82.0,Hyundai,7,litre,2.1,0.22,9.545455,0.11111111111111112
Maruti Swift Dzire VDi,Kolkata,2015,35000,Diesel,Manual,First,5.0,4.75,19.3,1248.0,73.9,Maruti,5,litre,2.51,0.24,10.45833,0.13005181347150258
Hyundai i10 Sportz,Coimbatore,2012,47324,Petrol,Manual,Second,5.0,4.52,20.36,1197.0,78.9,Hyundai,8,litre,2.1,0.22,9.545455,0.1031434184675835
BMW X1 sDrive 20d Exclusive,Mumbai,2012,65148,Diesel,Automatic,First,5.0,12.75,15.06,1995.0,177.0,BMW,8,litre,2.51,0.24,10.45833,0.16666666666666666
Audi A4 2.0 TDI 177 Bhp Premium Plus,Coimbatore,2014,57773,Diesel,Automatic,Second,5.0,20.04,17.11,1968.0,174.33,Audi,6,litre,2.51,0.24,10.45833,0.146697837521917
Nissan Terrano XL 85 PS,Bangalore,2014,87000,Diesel,Manual,First,5.0,6.5,20.45,1461.0,83.8,Nissan,6,litre,2.51,0.24,10.45833,0.12273838630806845
Mitsubishi Montero 3.2 GLS,Chennai,2007,179032,Diesel,Manual,First,7.0,7.5,11.56,3200.0,199.3,Mitsubishi,13,litre,2.51,0.24,10.45833,0.21712802768166087
Maruti Wagon R VXI AMT,Mumbai,2016,8000,Petrol,Automatic,First,5.0,4.15,22.5,998.0,67.0,Maruti,4,litre,2.1,0.22,9.545455,0.09333333333333334
Honda Civic 2006-2010 1.8 (E) MT,Hyderabad,2007,77000,Petrol,Manual,First,5.0,2.5,13.5,1799.0,130.0,Honda,13,litre,2.1,0.22,9.545455,0.15555555555555556
Hyundai i20 2015-2017 Magna 1.2,Pune,2016,20600,Petrol,Manual,First,5.0,5.4,18.6,1197.0,81.83,Hyundai,4,litre,2.1,0.22,9.545455,0.11290322580645161
Maruti Alto K10 VXI,Mumbai,2016,13198,Petrol,Manual,First,5.0,3.15,24.07,998.0,67.1,Maruti,4,litre,2.1,0.22,9.545455,0.08724553385957624
Audi Q7 35 TDI Quattro Technology,Bangalore,2015,21000,Diesel,Automatic,Second,7.0,52.5,12.07,2967.0,241.4,Audi,5,litre,2.51,0.24,10.45833,0.20795360397680196
Hyundai i20 Sportz Option 1.2,Delhi,2016,38000,Petrol,Manual,First,5.0,5.95,18.6,1197.0,81.83,Hyundai,4,litre,2.1,0.22,9.545455,0.11290322580645161
Tata Tiago AMT 1.2 Revotron XZA,Coimbatore,2019,15379,Petrol,Automatic,First,5.0,6.97,23.84,1199.0,83.83,Tata,1,litre,2.1,0.22,9.545455,0.08808724832214765
Hyundai i10 Sportz 1.2,Hyderabad,2011,60000,Petrol,Manual,First,5.0,3.2,20.36,1197.0,78.9,Hyundai,9,litre,2.1,0.22,9.545455,0.1031434184675835
Hyundai Santro Xing XP,Pune,2007,70000,Petrol,Manual,First,5.0,1.12,0.0,1086.0,97.7,Hyundai,13,litre,2.1,0.22,9.545455,0.12352941176470589
Renault Duster 85PS Diesel RxL Optional,Bangalore,2013,75371,Diesel,Manual,First,5.0,6.69,20.46,1461.0,83.8,Renault,7,litre,2.51,0.24,10.45833,0.12267839687194525
Tata Xenon XT EX 4X4,Bangalore,2014,60000,Diesel,Manual,Second,5.0,5.9,13.49,2179.0,138.03,Tata,6,litre,2.51,0.24,10.45833,0.1860637509266123
Hyundai i20 Magna,Kolkata,2009,30675,Petrol,Manual,First,5.0,2.25,18.5,1197.0,80.0,Hyundai,11,litre,2.1,0.22,9.545455,0.11351351351351352
Maruti Swift Dzire VDI,Kolkata,2013,22000,Diesel,Manual,First,5.0,4.5,23.4,1248.0,74.0,Maruti,7,litre,2.51,0.24,10.45833,0.10726495726495726
Hyundai EON Magna,Pune,2015,55000,Petrol,Manual,First,5.0,2.61,22.0,814.0,55.0,Hyundai,5,litre,2.1,0.22,9.545455,0.09545454545454546
Mercedes-Benz New C-Class 220 CDI AT,Jaipur,2010,74213,Diesel,Automatic,First,5.0,11.5,14.84,2143.0,170.0,Mercedes-Benz,10,litre,2.51,0.24,10.45833,0.1691374663072776
Mini Cooper Convertible S,Mumbai,2016,15000,Petrol,Automatic,First,4.0,35.0,16.82,1998.0,189.08,Mini,4,litre,2.1,0.22,9.545455,0.12485136741973842
Tata Nano Cx,Jaipur,2010,57000,Petrol,Manual,First,4.0,0.5,26.0,624.0,35.0,Tata,10,litre,2.1,0.22,9.545455,0.08076923076923077
Maruti Ciaz ZDi Plus,Kolkata,2015,62144,Diesel,Manual,Second,5.0,5.75,26.21,1248.0,88.5,Maruti,5,litre,2.51,0.24,10.45833,0.09576497520030522
Hyundai Verna CRDi 1.6 SX Option,Pune,2017,50000,Diesel,Manual,First,5.0,11.5,22.0,1582.0,126.2,Hyundai,3,litre,2.51,0.24,10.45833,0.11409090909090908
Hyundai EON Era Plus,Jaipur,2015,38000,Petrol,Manual,First,5.0,2.75,21.1,814.0,55.2,Hyundai,5,litre,2.1,0.22,9.545455,0.0995260663507109
BMW 5 Series 2013-2017 520d Luxury Line,Chennai,2016,30000,Diesel,Automatic,Second,5.0,31.5,18.12,1995.0,190.0,BMW,4,litre,2.51,0.24,10.45833,0.13852097130242824
Honda Brio S MT,Kochi,2016,38735,Petrol,Manual,First,5.0,4.92,19.4,1198.0,86.8,Honda,4,litre,2.1,0.22,9.545455,0.10824742268041239
Maruti Ritz VDi,Pune,2012,23598,Diesel,Manual,First,5.0,3.52,23.2,1248.0,73.94,Maruti,8,litre,2.51,0.24,10.45833,0.10818965517241379
BMW 3 Series 320d Prestige,Chennai,2014,70000,Diesel,Automatic,First,5.0,17.55,18.88,1995.0,184.0,BMW,6,litre,2.51,0.24,10.45833,0.1329449152542373
Maruti Swift Dzire LDI,Pune,2016,39000,Diesel,Manual,First,5.0,5.8,26.59,1248.0,74.0,Maruti,4,litre,2.51,0.24,10.45833,0.09439638962015795
Maruti Swift Dzire VDI,Hyderabad,2013,84175,Diesel,Manual,First,5.0,6.95,23.4,1248.0,74.0,Maruti,7,litre,2.51,0.24,10.45833,0.10726495726495726
Renault Scala RxL,Kolkata,2013,45000,Petrol,Manual,First,5.0,2.4,16.95,1498.0,97.6,Renault,7,litre,2.1,0.22,9.545455,0.12389380530973453
Chevrolet Cruze LTZ AT,Mumbai,2013,59302,Diesel,Automatic,First,5.0,5.25,14.39,1998.0,163.7,Chevrolet,7,litre,2.51,0.24,10.45833,0.17442668519805418
Maruti Swift Dzire ZXi,Ahmedabad,2012,55002,Petrol,Manual,First,5.0,4.25,17.5,1298.0,85.8,Maruti,8,litre,2.1,0.22,9.545455,0.12000000000000001
Tata Indigo CS LX (TDI) BS III,Jaipur,2008,128813,Diesel,Manual,First,5.0,1.5,19.09,1396.0,69.0,Tata,12,litre,2.51,0.24,10.45833,0.13148245154531168
Hyundai Grand i10 CRDi Sportz,Jaipur,2016,46522,Diesel,Manual,First,5.0,4.5,24.0,1120.0,70.0,Hyundai,4,litre,2.51,0.24,10.45833,0.10458333333333332
Tata Indica Vista Quadrajet LS,Pune,2014,180000,Diesel,Manual,First,5.0,2.5,22.3,1248.0,74.0,Tata,6,litre,2.51,0.24,10.45833,0.11255605381165917
Ford Fiesta 1.4 TDCi EXI,Chennai,2006,89326,Diesel,Manual,Third,5.0,1.55,17.8,1399.0,68.0,Ford,14,litre,2.51,0.24,10.45833,0.14101123595505616
Renault Duster 85PS Diesel RxE,Pune,2016,54000,Diesel,Manual,First,5.0,6.5,19.87,1461.0,83.8,Renault,4,litre,2.51,0.24,10.45833,0.1263210870659285
BMW 5 Series 520d Sedan,Pune,2012,95000,Diesel,Automatic,Second,5.0,18.0,18.48,1493.0,97.7,BMW,8,litre,2.51,0.24,10.45833,0.13582251082251082
Hyundai Grand i10 CRDi SportZ Edition,Kochi,2015,66337,Diesel,Manual,First,5.0,4.96,24.0,1120.0,70.0,Hyundai,5,litre,2.51,0.24,10.45833,0.10458333333333332
Honda Brio S MT,Bangalore,2012,60000,Petrol,Manual,First,5.0,3.25,19.4,1198.0,86.8,Honda,8,litre,2.1,0.22,9.545455,0.10824742268041239
Audi A4 1.8 TFSI,Kolkata,2010,38001,Petrol,Automatic,First,5.0,8.5,12.3,1781.0,163.2,Audi,10,litre,2.1,0.22,9.545455,0.17073170731707316
Maruti Alto 800 2016-2019 LXI,Bangalore,2014,73000,Petrol,Manual,Second,5.0,2.75,24.7,796.0,47.3,Maruti,6,litre,2.1,0.22,9.545455,0.08502024291497977
Hyundai Verna Transform SX VTVT,Bangalore,2011,61000,Petrol,Manual,Second,5.0,3.4,16.2,1599.0,103.2,Hyundai,9,litre,2.1,0.22,9.545455,0.12962962962962965
Maruti Ertiga ZDI,Hyderabad,2013,120000,Diesel,Manual,First,7.0,7.0,20.77,1248.0,88.8,Maruti,7,litre,2.51,0.24,10.45833,0.12084737602311024
Chevrolet Optra Magnum 1.6 LT ABS BS3,Kochi,2012,71787,Petrol,Manual,First,5.0,3.21,12.9,1598.0,102.5,Chevrolet,8,litre,2.1,0.22,9.545455,0.16279069767441862
Hyundai Creta 1.6 CRDi SX Option,Coimbatore,2016,11554,Diesel,Manual,First,5.0,14.25,19.67,1582.0,126.2,Hyundai,4,litre,2.51,0.24,10.45833,0.1276054905948144
Volkswagen Vento 1.5 TDI Highline,Hyderabad,2014,90000,Diesel,Manual,First,5.0,6.5,20.34,1498.0,103.2,Volkswagen,6,litre,2.51,0.24,10.45833,0.12340216322517207
Honda City i VTEC SV,Kolkata,2014,48104,Petrol,Manual,First,5.0,5.49,17.4,1497.0,117.3,Honda,6,litre,2.1,0.22,9.545455,0.12068965517241381
Hyundai Getz GLS ABS,Pune,2005,91000,Petrol,Manual,Third,5.0,0.8,16.8,1341.0,83.0,Hyundai,15,litre,2.1,0.22,9.545455,0.125
Hyundai Santro Xing XG eRLX Euro III,Kochi,2007,58815,Petrol,Manual,First,5.0,1.99,17.0,1086.0,97.7,Hyundai,13,litre,2.1,0.22,9.545455,0.12352941176470589
Hyundai Grand i10 AT Asta,Coimbatore,2015,33931,Petrol,Automatic,Second,5.0,5.91,18.9,1197.0,82.0,Hyundai,5,litre,2.1,0.22,9.545455,0.11111111111111112
Hyundai Grand i10 1.2 Kappa Sportz Option,Coimbatore,2019,13916,Petrol,Manual,First,5.0,6.44,18.9,1197.0,81.86,Hyundai,1,litre,2.1,0.22,9.545455,0.11111111111111112
Maruti Wagon R LXI CNG,Pune,2012,90400,CNG,Manual,First,5.0,2.9,26.2,998.0,58.2,Maruti,8,kg,2.5625,0.18,14.23611,0.09780534351145038
Hyundai Grand i10 Sportz,Jaipur,2015,14000,Petrol,Manual,First,5.0,4.6,18.9,1197.0,82.0,Hyundai,5,litre,2.1,0.22,9.545455,0.11111111111111112
Maruti Swift VDI BSIV,Pune,2007,121000,Diesel,Manual,Second,5.0,2.35,17.8,1248.0,97.7,Maruti,13,litre,2.51,0.24,10.45833,0.14101123595505616
Hyundai i20 Asta 1.2,Coimbatore,2016,17560,Petrol,Manual,First,5.0,7.21,18.6,1197.0,81.83,Hyundai,4,litre,2.1,0.22,9.545455,0.11290322580645161
Renault Duster 85PS Diesel RxL,Pune,2016,60000,Diesel,Manual,First,5.0,8.0,19.87,1461.0,83.8,Renault,4,litre,2.51,0.24,10.45833,0.1263210870659285
Maruti Swift Dzire VDi,Hyderabad,2009,88096,Diesel,Manual,Second,5.0,3.5,19.3,1248.0,73.9,Maruti,11,litre,2.51,0.24,10.45833,0.13005181347150258
Toyota Innova 2.5 G (Diesel) 8 Seater BS IV,Pune,2008,178280,Diesel,Manual,First,8.0,5.9,12.8,2494.0,102.0,Toyota,12,litre,2.51,0.24,10.45833,0.19609374999999998
Tata Nano Twist XT,Coimbatore,2015,19963,Petrol,Manual,Second,4.0,1.74,25.4,624.0,37.5,Tata,5,litre,2.1,0.22,9.545455,0.08267716535433071
Ford Figo 2015-2019 1.2P Sports Edition MT,Mumbai,2019,1000,Petrol,Manual,First,5.0,6.8,18.12,1196.0,86.8,Ford,1,litre,2.1,0.22,9.545455,0.11589403973509933
Hyundai i20 1.2 Asta Option,Jaipur,2017,8000,Petrol,Manual,First,5.0,7.5,18.6,1197.0,81.83,Hyundai,3,litre,2.1,0.22,9.545455,0.11290322580645161
Honda BRV i-VTEC V MT,Pune,2016,9200,Petrol,Manual,First,7.0,8.0,15.4,1497.0,117.3,Honda,4,litre,2.1,0.22,9.545455,0.13636363636363635
Honda Amaze S Diesel,Hyderabad,2015,29000,Diesel,Manual,First,5.0,5.99,27.4,1498.0,98.6,Honda,5,litre,2.51,0.24,10.45833,0.09160583941605839
Hyundai Creta 1.6 CRDi SX,Mumbai,2017,27000,Diesel,Manual,First,5.0,12.9,19.67,1582.0,126.2,Hyundai,3,litre,2.51,0.24,10.45833,0.1276054905948144
Maruti Baleno Zeta 1.2,Delhi,2018,22900,Petrol,Manual,First,5.0,7.0,21.4,1197.0,83.1,Maruti,2,litre,2.1,0.22,9.545455,0.09813084112149534
Audi Q5 2.0 TDI Technology,Hyderabad,2014,50000,Diesel,Automatic,First,5.0,35.0,14.16,1968.0,174.3,Audi,6,litre,2.51,0.24,10.45833,0.1772598870056497
Honda Amaze S i-DTEC,Jaipur,2015,60207,Diesel,Manual,First,5.0,5.5,25.8,1498.0,98.6,Honda,5,litre,2.51,0.24,10.45833,0.09728682170542635
BMW X5 3.0d,Coimbatore,2010,101119,Diesel,Automatic,First,5.0,18.46,11.0,2993.0,235.0,BMW,10,litre,2.51,0.24,10.45833,0.22818181818181815
Ford Figo Petrol Titanium,Jaipur,2010,42000,Petrol,Manual,First,5.0,2.4,15.6,1196.0,70.0,Ford,10,litre,2.1,0.22,9.545455,0.13461538461538464
Maruti Wagon R VXI,Pune,2002,93000,Petrol,Manual,Third,5.0,1.0,18.9,998.0,67.1,Maruti,18,litre,2.1,0.22,9.545455,0.11111111111111112
Hyundai i10 Era,Ahmedabad,2012,60000,Petrol,Manual,Second,5.0,2.65,19.81,1086.0,68.05,Hyundai,8,litre,2.1,0.22,9.545455,0.1060070671378092
Skoda Rapid 1.5 TDI AT Elegance,Kochi,2015,66122,Diesel,Automatic,First,5.0,5.96,21.66,1498.0,103.52,Skoda,5,litre,2.51,0.24,10.45833,0.11588180978762695
Porsche Panamera Diesel,Kolkata,2015,25100,Diesel,Automatic,First,4.0,75.0,17.85,2967.0,300.0,Porsche,5,litre,2.51,0.24,10.45833,0.1406162464985994
Mercedes-Benz CLA 200 Sport Edition,Kochi,2017,24733,Petrol,Automatic,First,5.0,27.15,15.04,1991.0,183.0,Mercedes-Benz,3,litre,2.1,0.22,9.545455,0.1396276595744681
Audi A6 2.8 FSI,Ahmedabad,2008,41000,Petrol,Automatic,Second,5.0,10.5,10.4,2773.0,201.0,Audi,12,litre,2.1,0.22,9.545455,0.20192307692307693
Maruti Ciaz ZXi Plus,Chennai,2015,30000,Petrol,Manual,First,5.0,6.7,20.73,1373.0,91.1,Maruti,5,litre,2.1,0.22,9.545455,0.10130246020260492
Ford Ecosport 1.5 DV5 MT Titanium,Kolkata,2013,36000,Diesel,Manual,First,5.0,4.9,22.7,1498.0,89.84,Ford,7,litre,2.51,0.24,10.45833,0.11057268722466959
Mahindra Bolero mHAWK D70 ZLX,Hyderabad,2017,40279,Diesel,Manual,First,7.0,8.0,16.5,1493.0,70.0,Mahindra,3,litre,2.51,0.24,10.45833,0.1521212121212121
Maruti Alto K10 VXI,Kochi,2018,46805,Petrol,Manual,First,5.0,3.63,24.07,998.0,67.1,Maruti,2,litre,2.1,0.22,9.545455,0.08724553385957624
Maruti Swift Dzire 1.2 Vxi BSIV,Mumbai,2015,60000,Petrol,Manual,First,5.0,4.8,17.5,1197.0,85.8,Maruti,5,litre,2.1,0.22,9.545455,0.12000000000000001
Tata Zest Revotron 1.2T XE,Mumbai,2017,100000,Petrol,Manual,First,5.0,4.25,17.57,1193.0,88.7,Tata,3,litre,2.1,0.22,9.545455,0.11952191235059761
Maruti Swift 1.3 VXi,Kolkata,2014,32986,Petrol,Manual,First,5.0,4.24,16.1,1493.0,97.7,Maruti,6,litre,2.1,0.22,9.545455,0.13043478260869565
Ford Endeavour 3.2 Trend AT 4X4,Coimbatore,2018,51530,Diesel,Automatic,First,7.0,30.27,10.91,3198.0,197.2,Ford,2,litre,2.51,0.24,10.45833,0.23006416131989
Mercedes-Benz New C-Class C 220 CDI CLASSIC,Jaipur,2013,81456,Diesel,Manual,First,5.0,14.25,15.8,2148.0,170.0,Mercedes-Benz,7,litre,2.51,0.24,10.45833,0.15886075949367087
Hyundai i10 Sportz AT,Ahmedabad,2012,37229,Petrol,Automatic,First,5.0,3.41,16.95,1197.0,78.9,Hyundai,8,litre,2.1,0.22,9.545455,0.12389380530973453
Honda City 1.5 S MT,Delhi,2009,73200,Petrol,Manual,First,5.0,2.78,17.0,1497.0,118.0,Honda,11,litre,2.1,0.22,9.545455,0.12352941176470589
Skoda Octavia Elegance 2.0 TDI AT,Ahmedabad,2015,71826,Diesel,Automatic,First,5.0,15.5,19.3,1968.0,141.0,Skoda,5,litre,2.51,0.24,10.45833,0.13005181347150258
Tata Indica V2 eLS,Chennai,2017,129000,Diesel,Manual,First,5.0,3.0,25.0,1396.0,69.0,Tata,3,litre,2.51,0.24,10.45833,0.10039999999999999
Maruti Wagon R VXi BSII,Pune,2012,82000,Petrol,Manual,First,5.0,2.3,18.9,998.0,67.1,Maruti,8,litre,2.1,0.22,9.545455,0.11111111111111112
Hyundai Creta 1.6 CRDi SX,Kochi,2017,40459,Diesel,Manual,First,5.0,13.28,19.67,1582.0,126.2,Hyundai,3,litre,2.51,0.24,10.45833,0.1276054905948144
Maruti A-Star Lxi,Hyderabad,2009,61964,Petrol,Manual,First,5.0,2.25,19.0,998.0,66.1,Maruti,11,litre,2.1,0.22,9.545455,0.1105263157894737
Maruti Wagon R LXI,Kochi,2011,15466,Petrol,Manual,First,5.0,3.36,22.5,998.0,67.04,Maruti,9,litre,2.1,0.22,9.545455,0.09333333333333334
Honda Mobilio E i VTEC,Kolkata,2014,23000,Petrol,Manual,First,7.0,4.25,17.3,1497.0,117.3,Honda,6,litre,2.1,0.22,9.545455,0.12138728323699421
Hyundai i10 Magna,Coimbatore,2012,43766,Petrol,Manual,First,5.0,4.3,20.36,1197.0,78.9,Hyundai,8,litre,2.1,0.22,9.545455,0.1031434184675835
Skoda Superb 3.6 V6 FSI,Hyderabad,2010,54000,Petrol,Automatic,First,5.0,6.0,0.0,3597.0,262.6,Skoda,10,litre,2.1,0.22,9.545455,0.12352941176470589
Hyundai i20 1.4 Sportz,Coimbatore,2018,18521,Diesel,Manual,First,5.0,9.18,22.54,1396.0,88.73,Hyundai,2,litre,2.51,0.24,10.45833,0.11135758651286601
Maruti Celerio ZXI Optional,Hyderabad,2017,26400,Petrol,Manual,First,5.0,4.99,23.1,998.0,67.04,Maruti,3,litre,2.1,0.22,9.545455,0.09090909090909091
Skoda Laura 1.8 TSI Ambiente,Pune,2011,31900,Petrol,Manual,First,5.0,3.75,13.4,1798.0,157.8,Skoda,9,litre,2.1,0.22,9.545455,0.15671641791044777
Ford Figo Diesel LXI,Chennai,2010,39000,Diesel,Manual,First,5.0,2.5,20.0,1399.0,68.0,Ford,10,litre,2.51,0.24,10.45833,0.1255
Honda Jazz 1.5 VX i DTEC,Hyderabad,2016,45671,Diesel,Manual,First,5.0,7.2,27.3,1498.0,98.6,Honda,4,litre,2.51,0.24,10.45833,0.09194139194139193
Mercedes-Benz E-Class 2015-2017 E250 Edition E,Ahmedabad,2016,39500,Diesel,Automatic,First,5.0,29.5,15.0,2143.0,204.0,Mercedes-Benz,4,litre,2.51,0.24,10.45833,0.1673333333333333
Mercedes-Benz GLA Class 200 CDI SPORT,Chennai,2015,54000,Diesel,Automatic,First,5.0,17.55,17.9,2143.0,136.0,Mercedes-Benz,5,litre,2.51,0.24,10.45833,0.14022346368715083
Volvo S60 D3,Chennai,2012,20000,Diesel,Automatic,First,5.0,12.0,18.5,1985.0,163.0,Volvo,8,litre,2.51,0.24,10.45833,0.13567567567567568
Audi A8 L 3.0 TDI quattro,Bangalore,2009,55000,Diesel,Automatic,First,5.0,13.5,11.8,2967.0,246.7,Audi,11,litre,2.51,0.24,10.45833,0.21271186440677964
Hyundai Verna 1.6 SX CRDI (O) AT,Kolkata,2014,48000,Diesel,Automatic,First,5.0,5.1,22.32,1582.0,126.32,Hyundai,6,litre,2.51,0.24,10.45833,0.11245519713261648
BMW 3 Series 320d,Kolkata,2011,70000,Diesel,Automatic,First,5.0,10.3,22.69,1995.0,190.0,BMW,9,litre,2.51,0.24,10.45833,0.11062141912736886
Hyundai Verna 1.6 SX,Delhi,2014,62000,Diesel,Manual,First,5.0,5.7,22.32,1582.0,126.32,Hyundai,6,litre,2.51,0.24,10.45833,0.11245519713261648
Maruti Wagon R VXI,Kochi,2014,41994,Petrol,Manual,First,5.0,3.41,22.5,998.0,67.04,Maruti,6,litre,2.1,0.22,9.545455,0.09333333333333334
Ford Figo Diesel EXI,Hyderabad,2010,108882,Diesel,Manual,Second,5.0,2.4,20.0,1399.0,68.0,Ford,10,litre,2.51,0.24,10.45833,0.1255
Mahindra KUV 100 mFALCON G80 K2,Coimbatore,2017,24806,Petrol,Manual,First,6.0,5.6,18.15,1198.0,82.0,Mahindra,3,litre,2.1,0.22,9.545455,0.11570247933884299
Tata Indigo LS,Pune,2006,160000,Diesel,Manual,First,5.0,1.0,17.0,1405.0,70.0,Tata,14,litre,2.51,0.24,10.45833,0.1476470588235294
Mahindra TUV 300 T8 AMT,Hyderabad,2017,30000,Diesel,Automatic,First,7.0,8.2,18.49,1493.0,100.0,Mahindra,3,litre,2.51,0.24,10.45833,0.1357490535424554
Audi Q3 35 TDI Quattro Premium Plus,Bangalore,2015,51000,Diesel,Automatic,First,5.0,27.5,15.17,1968.0,181.0,Audi,5,litre,2.51,0.24,10.45833,0.16545814106789716
Maruti Wagon R VXI 1.2,Jaipur,2015,64876,Petrol,Manual,First,5.0,3.5,21.5,1197.0,81.8,Maruti,5,litre,2.1,0.22,9.545455,0.09767441860465116
Maruti Celerio CNG VXI MT,Kochi,2016,70536,CNG,Manual,First,5.0,4.58,31.79,998.0,58.33,Maruti,4,kg,2.5625,0.18,14.23611,0.08060710915382197
Maruti Vitara Brezza ZDi Plus Dual Tone,Coimbatore,2017,25299,Diesel,Manual,First,5.0,10.34,24.3,1248.0,88.5,Maruti,3,litre,2.51,0.24,10.45833,0.10329218106995884
Mahindra Scorpio DX 2.6 Turbo 8 Str,Mumbai,2006,89869,Diesel,Manual,First,8.0,3.25,12.7,2609.0,116.6,Mahindra,14,litre,2.51,0.24,10.45833,0.19763779527559056
Hyundai Tucson CRDi,Jaipur,2007,103515,Diesel,Manual,Third,7.0,5.0,12.6,1991.0,112.0,Hyundai,13,litre,2.51,0.24,10.45833,0.1992063492063492
Hyundai Santro Xing GLS,Hyderabad,2008,68282,Petrol,Manual,First,5.0,2.25,17.92,1086.0,62.1,Hyundai,12,litre,2.1,0.22,9.545455,0.1171875
Porsche Panamera Diesel 250hp,Kochi,2014,60033,Diesel,Automatic,First,4.0,51.52,18.18,2967.0,250.0,Porsche,6,litre,2.51,0.24,10.45833,0.13806380638063806
Maruti Vitara Brezza VDi Option,Kochi,2018,51921,Diesel,Manual,First,5.0,8.62,24.3,1248.0,88.5,Maruti,2,litre,2.51,0.24,10.45833,0.10329218106995884
Maruti Swift Dzire VDI,Mumbai,2017,18414,Diesel,Manual,First,5.0,7.25,23.4,1248.0,74.0,Maruti,3,litre,2.51,0.24,10.45833,0.10726495726495726
Honda Amaze V Petrol,Kochi,2016,40866,Petrol,Manual,First,5.0,5.47,19.5,1199.0,86.76,Honda,4,litre,2.1,0.22,9.545455,0.1076923076923077
Jaguar XF 2.2 Litre Luxury,Pune,2014,55001,Diesel,Automatic,First,5.0,31.0,16.36,2179.0,187.7,Jaguar,6,litre,2.51,0.24,10.45833,0.15342298288508557
Mini Cooper Convertible S,Kochi,2017,20469,Petrol,Automatic,First,4.0,35.98,16.82,1998.0,189.08,Mini,3,litre,2.1,0.22,9.545455,0.12485136741973842
Hyundai EON Era Plus,Jaipur,2017,8500,Petrol,Manual,First,5.0,3.42,21.1,814.0,55.2,Hyundai,3,litre,2.1,0.22,9.545455,0.0995260663507109
Audi A6 3.0 TDI quattro,Ahmedabad,2008,45000,Diesel,Automatic,Second,5.0,11.5,16.77,2967.0,241.38,Audi,12,litre,2.51,0.24,10.45833,0.14967203339296362
Hyundai i20 Active 1.2 SX Dual Tone,Pune,2016,6000,Petrol,Manual,First,5.0,7.25,17.19,1197.0,81.86,Hyundai,4,litre,2.1,0.22,9.545455,0.12216404886561955
Maruti Swift AMT DDiS VDI,Chennai,2018,11000,Diesel,Manual,First,5.0,8.0,28.4,1248.0,74.0,Maruti,2,litre,2.51,0.24,10.45833,0.08838028169014084
Ford Ecosport 1.5 DV5 MT Titanium,Kochi,2015,80064,Diesel,Manual,First,5.0,7.33,22.7,1498.0,89.84,Ford,5,litre,2.51,0.24,10.45833,0.11057268722466959
Maruti Wagon R VXI BS IV with ABS,Kolkata,2016,29930,Petrol,Manual,First,5.0,3.35,18.9,998.0,67.1,Maruti,4,litre,2.1,0.22,9.545455,0.11111111111111112
Volkswagen Vento 1.5 TDI Highline,Mumbai,2013,49105,Diesel,Manual,First,5.0,4.4,20.34,1498.0,103.2,Volkswagen,7,litre,2.51,0.24,10.45833,0.12340216322517207
Toyota Etios VX,Kolkata,2012,55000,Petrol,Manual,First,5.0,2.99,17.6,1496.0,88.7,Toyota,8,litre,2.1,0.22,9.545455,0.11931818181818181
Honda Jazz 1.2 SV i VTEC,Bangalore,2015,23000,Petrol,Manual,First,5.0,5.6,18.7,1199.0,88.7,Honda,5,litre,2.1,0.22,9.545455,0.11229946524064172
Volkswagen CrossPolo 1.5 TDI,Coimbatore,2016,54727,Diesel,Manual,First,5.0,6.63,20.14,1498.0,88.73,Volkswagen,4,litre,2.51,0.24,10.45833,0.12462760675273087
Volkswagen Ameo 1.5 TDI Highline,Kochi,2018,31426,Diesel,Manual,First,5.0,7.9,21.66,1498.0,108.62,Volkswagen,2,litre,2.51,0.24,10.45833,0.11588180978762695
Honda City V MT Exclusive,Kochi,2015,53442,Petrol,Manual,First,5.0,7.0,16.8,1497.0,116.3,Honda,5,litre,2.1,0.22,9.545455,0.125
Honda Brio VX AT,Hyderabad,2014,28000,Petrol,Automatic,First,5.0,4.95,16.5,1198.0,86.8,Honda,6,litre,2.1,0.22,9.545455,0.1272727272727273
Skoda Rapid 1.6 MPI AT Style,Mumbai,2017,13412,Petrol,Automatic,First,5.0,9.19,14.3,1598.0,103.52,Skoda,3,litre,2.1,0.22,9.545455,0.14685314685314685
Hyundai Verna CRDi,Hyderabad,2011,70000,Diesel,Manual,First,5.0,5.1,16.8,1493.0,110.0,Hyundai,9,litre,2.51,0.24,10.45833,0.14940476190476187
Hyundai i20 Active S Diesel,Jaipur,2015,81310,Diesel,Manual,First,5.0,5.9,21.19,1396.0,88.76,Hyundai,5,litre,2.51,0.24,10.45833,0.11845210004719206
Maruti Baleno Alpha CVT,Kochi,2019,13574,Petrol,Automatic,First,5.0,9.51,21.4,1197.0,83.1,Maruti,1,litre,2.1,0.22,9.545455,0.09813084112149534
Honda CR-V 2.4L 4WD MT,Mumbai,2008,75000,Petrol,Manual,Second,5.0,3.9,11.1,2354.0,158.8,Honda,12,litre,2.1,0.22,9.545455,0.1891891891891892
Maruti Swift Dzire VXI,Coimbatore,2014,58310,Petrol,Manual,Second,5.0,5.39,19.1,1197.0,85.8,Maruti,6,litre,2.1,0.22,9.545455,0.10994764397905758
Maruti Swift Dzire VDi,Pune,2009,90000,Diesel,Manual,Second,5.0,3.0,19.3,1248.0,73.9,Maruti,11,litre,2.51,0.24,10.45833,0.13005181347150258
Maruti Swift Dzire ZDI,Jaipur,2012,83000,Diesel,Manual,First,5.0,4.3,23.4,1248.0,74.0,Maruti,8,litre,2.51,0.24,10.45833,0.10726495726495726
Maruti Swift Dzire ZXI,Jaipur,2017,37282,Petrol,Manual,First,5.0,6.75,20.85,1197.0,83.14,Maruti,3,litre,2.1,0.22,9.545455,0.10071942446043165
Hyundai Grand i10 Sportz,Jaipur,2017,23000,Petrol,Manual,First,5.0,4.5,18.9,1197.0,82.0,Hyundai,3,litre,2.1,0.22,9.545455,0.11111111111111112
Ford Fiesta 1.4 ZXi TDCi ABS,Chennai,2010,82000,Diesel,Manual,First,5.0,2.75,17.8,1399.0,68.0,Ford,10,litre,2.51,0.24,10.45833,0.14101123595505616
Hyundai Verna 1.6 CRDi S,Chennai,2016,31000,Diesel,Manual,First,5.0,9.0,23.9,1582.0,126.2,Hyundai,4,litre,2.51,0.24,10.45833,0.10502092050209205
Maruti Wagon R Vx,Jaipur,2001,200000,Petrol,Manual,First,5.0,0.7,12.0,1493.0,97.7,Maruti,19,litre,2.1,0.22,9.545455,0.17500000000000002
Ford Figo Diesel EXI,Delhi,2014,45001,Diesel,Manual,Second,5.0,2.55,20.0,1399.0,68.05,Ford,6,litre,2.51,0.24,10.45833,0.1255
Tata Manza Aqua Quadrajet BS IV,Coimbatore,2014,50446,Diesel,Manual,First,5.0,3.54,21.12,1248.0,88.8,Tata,6,litre,2.51,0.24,10.45833,0.11884469696969695
Honda Civic 2006-2010 1.8 S MT,Ahmedabad,2009,89000,Petrol,Manual,First,5.0,4.25,13.5,1799.0,130.0,Honda,11,litre,2.1,0.22,9.545455,0.15555555555555556
Maruti Alto LX BSIII,Ahmedabad,2007,72000,Petrol,Manual,Second,5.0,1.2,19.7,796.0,46.3,Maruti,13,litre,2.1,0.22,9.545455,0.10659898477157362
BMW 5 Series 520d Luxury Line,Ahmedabad,2013,90000,Diesel,Automatic,First,5.0,19.5,22.48,1995.0,190.0,BMW,7,litre,2.51,0.24,10.45833,0.11165480427046262
Mahindra XUV500 W8 2WD,Bangalore,2015,76000,Diesel,Manual,Second,7.0,12.0,16.0,2179.0,140.0,Mahindra,5,litre,2.51,0.24,10.45833,0.156875
Maruti Ritz VDi,Hyderabad,2012,78401,Diesel,Manual,First,5.0,3.9,23.2,1248.0,73.94,Maruti,8,litre,2.51,0.24,10.45833,0.10818965517241379
Maruti Vitara Brezza ZDi Plus,Kochi,2017,38426,Diesel,Manual,First,5.0,9.13,24.3,1248.0,88.5,Maruti,3,litre,2.51,0.24,10.45833,0.10329218106995884
Maruti Eeco 7 Seater Standard,Pune,2011,45000,Petrol,Manual,First,7.0,2.25,15.1,1196.0,73.0,Maruti,9,litre,2.1,0.22,9.545455,0.13907284768211922
Maruti Swift Dzire 1.2 Vxi BSIV,Mumbai,2012,83000,Petrol,Manual,First,5.0,3.25,17.5,1197.0,85.8,Maruti,8,litre,2.1,0.22,9.545455,0.12000000000000001
Hyundai Creta 1.6 CRDi AT SX Plus,Coimbatore,2017,50170,Diesel,Automatic,First,5.0,14.79,17.01,1582.0,126.2,Hyundai,3,litre,2.51,0.24,10.45833,0.14756025867136977
Maruti Wagon R LXI,Mumbai,2010,37822,Petrol,Manual,First,5.0,2.35,22.5,998.0,67.04,Maruti,10,litre,2.1,0.22,9.545455,0.09333333333333334
Maruti Celerio ZDi,Kolkata,2015,33517,Diesel,Manual,First,5.0,3.1,27.62,793.0,47.0,Maruti,5,litre,2.51,0.24,10.45833,0.09087617668356263
Hyundai Santa Fe 2WD AT,Delhi,2014,110000,Diesel,Automatic,First,7.0,12.9,13.01,2199.0,194.3,Hyundai,6,litre,2.51,0.24,10.45833,0.1929285165257494
Hyundai EON D Lite Plus Option,Kolkata,2017,60000,Petrol,Manual,First,5.0,2.5,21.1,814.0,55.2,Hyundai,3,litre,2.1,0.22,9.545455,0.0995260663507109
Hyundai i20 Sportz 1.2,Delhi,2013,92408,Petrol,Manual,First,5.0,3.65,18.5,1197.0,82.85,Hyundai,7,litre,2.1,0.22,9.545455,0.11351351351351352
Hyundai Verna 1.6 SX VTVT (O),Bangalore,2014,45000,Petrol,Manual,First,5.0,7.5,17.1,1591.0,121.3,Hyundai,6,litre,2.1,0.22,9.545455,0.12280701754385964
Honda Brio S Option MT,Kochi,2013,33793,Petrol,Manual,First,5.0,3.74,18.4,1198.0,86.8,Honda,7,litre,2.1,0.22,9.545455,0.1141304347826087
Maruti Swift VXI Optional,Kochi,2017,26327,Petrol,Manual,First,5.0,5.86,20.4,1197.0,81.8,Maruti,3,litre,2.1,0.22,9.545455,0.10294117647058824
Mercedes-Benz New C-Class C 220d Avantgarde Edition C,Coimbatore,2018,20604,Diesel,Automatic,First,5.0,39.62,19.27,2143.0,167.62,Mercedes-Benz,2,litre,2.51,0.24,10.45833,0.1302542812662169
Maruti Swift VDI Optional,Coimbatore,2018,61386,Diesel,Manual,First,5.0,7.05,25.2,1248.0,74.0,Maruti,2,litre,2.51,0.24,10.45833,0.0996031746031746
Maruti Swift AMT VDI,Delhi,2018,11500,Diesel,Automatic,First,5.0,7.5,28.4,1248.0,74.0,Maruti,2,litre,2.51,0.24,10.45833,0.08838028169014084
Chevrolet Beat Diesel LS,Chennai,2012,58000,Diesel,Manual,First,5.0,2.1,25.44,936.0,57.6,Chevrolet,8,litre,2.51,0.24,10.45833,0.09866352201257861
Skoda Superb Elegance 1.8 TSI AT,Delhi,2014,38000,Petrol,Automatic,First,5.0,11.6,13.7,1798.0,157.75,Skoda,6,litre,2.1,0.22,9.545455,0.15328467153284672
Mercedes-Benz New C-Class C 220 CDI BE Avantgare,Bangalore,2012,49000,Diesel,Automatic,Second,5.0,19.25,14.84,2143.0,167.62,Mercedes-Benz,8,litre,2.51,0.24,10.45833,0.1691374663072776
Toyota Innova Crysta 2.4 VX MT 8S,Coimbatore,2017,72202,Diesel,Manual,First,8.0,17.92,13.68,2393.0,147.8,Toyota,3,litre,2.51,0.24,10.45833,0.1834795321637427
Hyundai i10 Sportz,Kolkata,2016,7000,Petrol,Manual,First,5.0,3.6,20.36,1197.0,78.9,Hyundai,4,litre,2.1,0.22,9.545455,0.1031434184675835
Honda Amaze S i-DTEC,Ahmedabad,2014,20000,Diesel,Manual,Second,5.0,4.5,25.8,1498.0,98.6,Honda,6,litre,2.51,0.24,10.45833,0.09728682170542635
Hyundai i20 Magna 1.4 CRDi (Diesel),Hyderabad,2017,14061,Diesel,Manual,First,5.0,7.4,21.9,1396.0,88.76,Hyundai,3,litre,2.51,0.24,10.45833,0.11461187214611872
Mercedes-Benz GLE 350d,Coimbatore,2018,30706,Diesel,Automatic,First,5.0,59.29,11.57,2987.0,254.79,Mercedes-Benz,2,litre,2.51,0.24,10.45833,0.21694036300777872
Mahindra Scorpio 2009-2014 SLE 7S BSIV,Kolkata,2011,51387,Diesel,Manual,First,7.0,5.5,12.05,2179.0,120.0,Mahindra,9,litre,2.51,0.24,10.45833,0.20829875518672197
Hyundai Getz GLE,Bangalore,2006,44000,Petrol,Manual,Second,5.0,1.75,15.3,1341.0,83.0,Hyundai,14,litre,2.1,0.22,9.545455,0.13725490196078433
Maruti Baleno Alpha,Mumbai,2016,12208,Petrol,Manual,First,5.0,6.75,21.4,1197.0,83.1,Maruti,4,litre,2.1,0.22,9.545455,0.09813084112149534
Chevrolet Optra Magnum 2.0 LT,Chennai,2011,55000,Diesel,Manual,First,5.0,3.95,16.52,1991.0,123.7,Chevrolet,9,litre,2.51,0.24,10.45833,0.15193704600484262
Hyundai Verna 1.6 SX VTVT (O),Mumbai,2011,61600,Petrol,Manual,First,5.0,4.2,17.1,1591.0,121.3,Hyundai,9,litre,2.1,0.22,9.545455,0.12280701754385964
Honda City 1.5 V MT,Hyderabad,2016,28414,Petrol,Manual,First,5.0,8.4,17.0,1497.0,118.0,Honda,4,litre,2.1,0.22,9.545455,0.12352941176470589
Volkswagen Polo GT TSI,Mumbai,2017,27853,Petrol,Automatic,First,5.0,8.25,17.21,1197.0,103.5,Volkswagen,3,litre,2.1,0.22,9.545455,0.12202208018593841
Honda Brio E MT,Bangalore,2013,55116,Petrol,Manual,First,5.0,3.31,19.4,1198.0,86.8,Honda,7,litre,2.1,0.22,9.545455,0.10824742268041239
Maruti Swift Dzire VDI,Ahmedabad,2017,26000,Diesel,Manual,First,5.0,7.5,26.59,1248.0,74.0,Maruti,3,litre,2.51,0.24,10.45833,0.09439638962015795
Honda City 1.5 V MT Exclusive,Pune,2012,45496,Petrol,Manual,First,5.0,4.75,17.0,1497.0,118.0,Honda,8,litre,2.1,0.22,9.545455,0.12352941176470589
Mahindra Ssangyong Rexton RX7,Pune,2013,76000,Diesel,Automatic,Second,7.0,8.79,11.18,2696.0,184.0,Mahindra,7,litre,2.51,0.24,10.45833,0.22450805008944544
Skoda Superb Elegance 1.8 TSI MT,Pune,2014,136000,Petrol,Manual,First,5.0,9.5,13.1,1798.0,157.75,Skoda,6,litre,2.1,0.22,9.545455,0.1603053435114504
Hyundai Santro GLS II - Euro II,Pune,2009,100000,Petrol,Manual,First,5.0,1.6,0.0,1493.0,97.7,Hyundai,11,litre,2.1,0.22,9.545455,0.12352941176470589
Maruti Alto LXi,Kolkata,2010,38127,Petrol,Manual,First,5.0,1.55,19.7,796.0,46.3,Maruti,10,litre,2.1,0.22,9.545455,0.10659898477157362
Hyundai i20 Asta (o) 1.4 CRDi (Diesel),Jaipur,2014,82450,Diesel,Manual,First,5.0,5.85,23.0,1396.0,90.0,Hyundai,6,litre,2.51,0.24,10.45833,0.10913043478260868
Ford Ecosport 1.5 Ti VCT MT Trend,Coimbatore,2014,62497,Petrol,Manual,First,5.0,7.52,15.8,1499.0,110.0,Ford,6,litre,2.1,0.22,9.545455,0.13291139240506328
Nissan Micra Diesel XV,Hyderabad,2011,86732,Diesel,Manual,First,5.0,3.6,23.08,1461.0,63.1,Nissan,9,litre,2.51,0.24,10.45833,0.10875216637781629
Honda Brio E MT,Kochi,2016,27969,Petrol,Manual,First,5.0,4.73,19.4,1198.0,86.8,Honda,4,litre,2.1,0.22,9.545455,0.10824742268041239
Mahindra Ssangyong Rexton RX7,Delhi,2013,66372,Diesel,Automatic,First,7.0,10.5,11.18,2696.0,184.0,Mahindra,7,litre,2.51,0.24,10.45833,0.22450805008944544
BMW 7 Series 730Ld Sedan,Coimbatore,2013,73525,Diesel,Automatic,First,5.0,34.54,16.46,2993.0,258.0,BMW,7,litre,2.51,0.24,10.45833,0.1524908869987849
Hyundai Grand i10 1.2 Kappa Sportz,Kochi,2018,20689,Petrol,Manual,First,5.0,6.07,18.9,1197.0,81.86,Hyundai,2,litre,2.1,0.22,9.545455,0.11111111111111112
Maruti Baleno Delta 1.2,Coimbatore,2018,25093,Petrol,Manual,First,5.0,7.76,21.4,1197.0,83.1,Maruti,2,litre,2.1,0.22,9.545455,0.09813084112149534
Mahindra Xylo E8 ABS BS IV,Coimbatore,2016,49176,Diesel,Manual,First,8.0,7.46,11.68,2498.0,112.0,Mahindra,4,litre,2.51,0.24,10.45833,0.2148972602739726
Renault Fluence Diesel E4,Delhi,2012,87510,Diesel,Manual,First,5.0,3.49,21.8,1461.0,78.0,Renault,8,litre,2.51,0.24,10.45833,0.11513761467889908
Hyundai i20 1.2 Magna,Coimbatore,2012,38214,Petrol,Manual,Second,5.0,4.05,18.5,1197.0,80.0,Hyundai,8,litre,2.1,0.22,9.545455,0.11351351351351352
Mitsubishi Pajero 2.8 SFX,Kochi,2013,48986,Diesel,Manual,First,6.0,11.88,10.5,2835.0,107.2,Mitsubishi,7,litre,2.51,0.24,10.45833,0.23904761904761904
Toyota Corolla Altis 2008-2013 1.8 VL AT,Pune,2011,88000,Petrol,Automatic,First,5.0,6.45,14.53,1794.0,138.1,Toyota,9,litre,2.1,0.22,9.545455,0.1445285615966965
BMW X5 X5 M,Pune,2015,69002,Diesel,Automatic,First,5.0,50.0,15.97,2993.0,258.0,BMW,5,litre,2.51,0.24,10.45833,0.15716969317470256
BMW 3 Series 2005-2011 325i Sedan,Pune,2011,43706,Petrol,Automatic,First,5.0,9.0,10.9,2497.0,215.0,BMW,9,litre,2.1,0.22,9.545455,0.1926605504587156
Hyundai Creta 1.6 CRDi AT SX Plus,Coimbatore,2016,58671,Diesel,Automatic,First,5.0,14.25,17.01,1582.0,126.2,Hyundai,4,litre,2.51,0.24,10.45833,0.14756025867136977
Mahindra TUV 300 2015-2019 T8,Coimbatore,2017,49404,Diesel,Manual,First,7.0,7.36,18.49,1493.0,100.0,Mahindra,3,litre,2.51,0.24,10.45833,0.1357490535424554
Mahindra Scorpio VLX 2.2 mHawk BSIII,Delhi,2010,72000,Diesel,Manual,First,8.0,4.4,12.05,2179.0,120.0,Mahindra,10,litre,2.51,0.24,10.45833,0.20829875518672197
Renault KWID RXT,Mumbai,2016,24000,Petrol,Manual,First,5.0,3.1,25.17,799.0,53.3,Renault,4,litre,2.1,0.22,9.545455,0.08343265792610251
Renault KWID 1.0 RXT Optional AMT,Coimbatore,2017,53285,Petrol,Automatic,First,5.0,4.28,22.5,999.0,67.0,Renault,3,litre,2.1,0.22,9.545455,0.09333333333333334
Maruti Swift VXi BSIV,Pune,2017,12000,Petrol,Manual,First,5.0,5.5,16.1,1197.0,85.0,Maruti,3,litre,2.1,0.22,9.545455,0.13043478260869565
Skoda Laura 1.9 TDI AT Ambiente,Kolkata,2012,45000,Diesel,Automatic,First,5.0,6.99,17.0,1896.0,105.0,Skoda,8,litre,2.51,0.24,10.45833,0.1476470588235294
Maruti Alto 800 2016-2019 VXI,Coimbatore,2018,26234,Petrol,Manual,First,5.0,4.29,24.7,796.0,47.3,Maruti,2,litre,2.1,0.22,9.545455,0.08502024291497977
Maruti Swift VXI,Delhi,2014,55000,Petrol,Manual,First,5.0,4.2,18.6,1197.0,85.8,Maruti,6,litre,2.1,0.22,9.545455,0.11290322580645161
Hyundai i20 1.4 CRDi Sportz,Pune,2012,90000,Diesel,Manual,First,5.0,4.11,23.0,1396.0,90.0,Hyundai,8,litre,2.51,0.24,10.45833,0.10913043478260868
Audi Q3 2012-2015 35 TDI Quattro Premium,Mumbai,2015,48000,Diesel,Automatic,First,5.0,18.75,15.73,1968.0,174.33,Audi,5,litre,2.51,0.24,10.45833,0.15956770502225046
Mercedes-Benz GLE 350d,Mumbai,2017,19863,Diesel,Automatic,First,5.0,64.95,11.57,2987.0,254.79,Mercedes-Benz,3,litre,2.51,0.24,10.45833,0.21694036300777872
Hyundai i10 Era,Mumbai,2010,55000,Petrol,Manual,Second,5.0,1.59,19.81,1086.0,68.05,Hyundai,10,litre,2.1,0.22,9.545455,0.1060070671378092
Maruti Wagon R LXI Optional,Kolkata,2016,4800,Petrol,Manual,First,5.0,3.6,20.51,998.0,67.04,Maruti,4,litre,2.1,0.22,9.545455,0.10238907849829351
Honda City i VTEC V,Kochi,2017,38607,Petrol,Manual,Second,5.0,7.87,17.8,1497.0,117.3,Honda,3,litre,2.1,0.22,9.545455,0.11797752808988764
Hyundai Grand i10 1.2 Kappa Sportz,Mumbai,2018,3958,Petrol,Manual,First,5.0,5.55,18.9,1197.0,81.86,Hyundai,2,litre,2.1,0.22,9.545455,0.11111111111111112
Honda City i DTEC VX,Jaipur,2014,74000,Diesel,Manual,Second,5.0,6.4,25.1,1498.0,98.6,Honda,6,litre,2.51,0.24,10.45833,0.09999999999999999
Maruti Swift Dzire VXi,Mumbai,2009,54540,Petrol,Manual,Third,5.0,2.65,17.5,1298.0,85.8,Maruti,11,litre,2.1,0.22,9.545455,0.12000000000000001
Maruti Swift Dzire ZXi,Delhi,2015,58400,Petrol,Manual,First,5.0,5.5,17.5,1298.0,85.8,Maruti,5,litre,2.1,0.22,9.545455,0.12000000000000001
Mahindra XUV500 W8 2WD,Kochi,2013,73648,Diesel,Manual,First,7.0,7.31,15.1,2179.0,140.0,Mahindra,7,litre,2.51,0.24,10.45833,0.1662251655629139
Maruti Ciaz ZDi Plus SHVS,Jaipur,2016,83000,Diesel,Manual,First,5.0,7.1,28.09,1248.0,88.5,Maruti,4,litre,2.51,0.24,10.45833,0.08935564257742969
Hyundai Verna 1.6 SX CRDi (O),Kochi,2016,16159,Diesel,Manual,First,5.0,7.83,22.32,1582.0,126.32,Hyundai,4,litre,2.51,0.24,10.45833,0.11245519713261648
Hyundai Accent CRDi,Mumbai,2005,150000,Diesel,Manual,First,5.0,0.85,13.1,1493.0,82.0,Hyundai,15,litre,2.51,0.24,10.45833,0.1916030534351145
Honda Brio S MT,Mumbai,2014,22100,Petrol,Manual,First,5.0,3.55,19.4,1198.0,86.8,Honda,6,litre,2.1,0.22,9.545455,0.10824742268041239
Hyundai i20 Active 1.2 SX,Coimbatore,2017,35043,Petrol,Manual,First,5.0,8.19,17.19,1197.0,81.86,Hyundai,3,litre,2.1,0.22,9.545455,0.12216404886561955
BMW 3 Series 320d Sport Line,Pune,2018,24000,Diesel,Automatic,First,5.0,28.0,18.88,1995.0,184.0,BMW,2,litre,2.51,0.24,10.45833,0.1329449152542373
Volkswagen Jetta 2013-2015 2.0L TDI Highline AT,Chennai,2015,480000,Diesel,Automatic,First,5.0,13.0,16.96,1968.0,138.03,Volkswagen,5,litre,2.51,0.24,10.45833,0.1479952830188679
Volkswagen Polo Petrol Highline 1.6L,Chennai,2011,70000,Petrol,Manual,Second,5.0,3.29,15.26,1598.0,103.5,Volkswagen,9,litre,2.1,0.22,9.545455,0.13761467889908258
Maruti Swift VXi BSIV,Pune,2015,13769,Petrol,Manual,Second,5.0,4.41,16.1,1197.0,85.0,Maruti,5,litre,2.1,0.22,9.545455,0.13043478260869565
Renault Duster 110PS Diesel RxZ,Kolkata,2013,58000,Diesel,Manual,First,5.0,4.99,19.01,1461.0,108.45,Renault,7,litre,2.51,0.24,10.45833,0.13203577064702784
BMW X3 xDrive 20d Luxury Line,Hyderabad,2009,58000,Diesel,Automatic,First,5.0,17.98,18.56,1995.0,190.0,BMW,11,litre,2.51,0.24,10.45833,0.13523706896551724
Fiat Avventura MULTIJET Emotion,Coimbatore,2018,18705,Diesel,Manual,First,5.0,7.71,20.5,1248.0,91.72,Fiat,2,litre,2.51,0.24,10.45833,0.12243902439024389
Maruti Wagon R Stingray VXI,Delhi,2013,32378,Petrol,Manual,First,5.0,2.8,20.51,998.0,67.04,Maruti,7,litre,2.1,0.22,9.545455,0.10238907849829351
Chevrolet Sail Hatchback LS ABS,Kolkata,2013,45000,Diesel,Manual,First,5.0,3.0,22.1,1248.0,76.9,Chevrolet,7,litre,2.51,0.24,10.45833,0.11357466063348415
Mahindra XUV500 W8 2WD,Coimbatore,2015,36836,Diesel,Manual,First,7.0,12.49,15.1,2179.0,140.0,Mahindra,5,litre,2.51,0.24,10.45833,0.1662251655629139
Tata Zest Quadrajet 1.3,Kochi,2016,54199,Diesel,Manual,First,5.0,5.0,23.0,1248.0,88.8,Tata,4,litre,2.51,0.24,10.45833,0.10913043478260868
BMW X3 xDrive20d xLine,Kochi,2017,36935,Diesel,Automatic,First,5.0,32.64,18.56,1995.0,190.0,BMW,3,litre,2.51,0.24,10.45833,0.13523706896551724
Maruti Swift VDI BSIV,Chennai,2015,23000,Diesel,Manual,First,5.0,6.5,25.2,1248.0,74.0,Maruti,5,litre,2.51,0.24,10.45833,0.0996031746031746
BMW 5 Series 2013-2017 520d Luxury Line,Bangalore,2015,14000,Diesel,Automatic,First,5.0,35.0,18.12,1995.0,190.0,BMW,5,litre,2.51,0.24,10.45833,0.13852097130242824
Tata Indigo CS eVX,Chennai,2015,100073,Diesel,Manual,Second,5.0,2.0,25.0,1396.0,69.01,Tata,5,litre,2.51,0.24,10.45833,0.10039999999999999
Mahindra XUV500 W8 2WD,Kochi,2015,59182,Diesel,Manual,First,7.0,9.46,15.1,2179.0,140.0,Mahindra,5,litre,2.51,0.24,10.45833,0.1662251655629139
Audi Q7 35 TDI Quattro Premium Plus,Kochi,2016,72132,Diesel,Automatic,Second,7.0,39.0,12.07,2967.0,241.4,Audi,4,litre,2.51,0.24,10.45833,0.20795360397680196
BMW 5 Series 2003-2012 520d,Hyderabad,2009,79000,Diesel,Automatic,First,5.0,15.0,18.48,1995.0,177.0,BMW,11,litre,2.51,0.24,10.45833,0.13582251082251082
Hyundai Verna 1.6 SX VTVT (O),Coimbatore,2013,66930,Petrol,Manual,First,5.0,6.15,17.1,1591.0,121.3,Hyundai,7,litre,2.1,0.22,9.545455,0.12280701754385964
Hyundai Santa Fe 4WD AT,Pune,2015,100000,Diesel,Automatic,Second,7.0,14.5,13.01,2199.0,194.3,Hyundai,5,litre,2.51,0.24,10.45833,0.1929285165257494
Hyundai Santro GLS II - Euro II,Bangalore,2012,43000,Petrol,Manual,First,5.0,3.25,0.0,1493.0,97.7,Hyundai,8,litre,2.1,0.22,9.545455,0.12352941176470589
Maruti Wagon R AMT VXI,Kochi,2018,27413,Petrol,Automatic,First,5.0,5.18,20.51,998.0,67.0,Maruti,2,litre,2.1,0.22,9.545455,0.10238907849829351
Maruti Wagon R LX BSIII,Pune,2007,90000,Petrol,Manual,Second,5.0,1.24,17.3,1061.0,64.0,Maruti,13,litre,2.1,0.22,9.545455,0.12138728323699421
Hyundai i20 Sportz 1.2,Kolkata,2013,40300,Petrol,Manual,First,5.0,2.8,18.5,1197.0,82.85,Hyundai,7,litre,2.1,0.22,9.545455,0.11351351351351352
Skoda Superb Elegance 1.8 TSI AT,Kochi,2011,73783,Petrol,Automatic,Second,5.0,5.23,13.7,1798.0,157.75,Skoda,9,litre,2.1,0.22,9.545455,0.15328467153284672
Hyundai Getz GLS,Pune,2005,86000,Petrol,Manual,Second,5.0,0.45,15.3,1341.0,83.0,Hyundai,15,litre,2.1,0.22,9.545455,0.13725490196078433
Maruti Wagon R LXI BS IV,Delhi,2014,65694,Petrol,Manual,First,5.0,3.25,18.9,998.0,67.1,Maruti,6,litre,2.1,0.22,9.545455,0.11111111111111112
Maruti Omni MPI CARGO BSIV,Kolkata,2015,23000,Petrol,Manual,First,5.0,1.5,16.8,796.0,34.2,Maruti,5,litre,2.1,0.22,9.545455,0.125
Hyundai i10 Magna 1.2,Mumbai,2012,51000,Petrol,Manual,First,5.0,2.85,20.36,1197.0,78.9,Hyundai,8,litre,2.1,0.22,9.545455,0.1031434184675835
Renault KWID 1.0 RXT Optional,Kochi,2018,18335,Petrol,Manual,First,5.0,4.5,21.7,999.0,67.0,Renault,2,litre,2.1,0.22,9.545455,0.09677419354838711
Mercedes-Benz B Class 2012-2015 B200 Sport CDI,Bangalore,2014,36000,Diesel,Automatic,First,5.0,16.25,15.0,2147.0,107.3,Mercedes-Benz,6,litre,2.51,0.24,10.45833,0.1673333333333333
Volkswagen Polo GT TSI,Mumbai,2017,25000,Petrol,Automatic,First,5.0,7.75,17.21,1197.0,103.5,Volkswagen,3,litre,2.1,0.22,9.545455,0.12202208018593841
Mahindra Scorpio VLX 4WD,Bangalore,2007,81000,Diesel,Manual,Third,8.0,4.35,12.05,2179.0,120.0,Mahindra,13,litre,2.51,0.24,10.45833,0.20829875518672197
Toyota Fortuner 2.8 2WD AT,Kochi,2019,21719,Diesel,Automatic,First,7.0,33.13,12.9,2755.0,174.5,Toyota,1,litre,2.51,0.24,10.45833,0.1945736434108527
Chevrolet Beat Diesel LT,Coimbatore,2013,75421,Diesel,Manual,First,5.0,3.63,25.44,936.0,56.3,Chevrolet,7,litre,2.51,0.24,10.45833,0.09866352201257861
Toyota Innova 2.5 G4 Diesel 8-seater,Delhi,2010,80000,Diesel,Manual,First,8.0,4.75,12.8,2494.0,102.0,Toyota,10,litre,2.51,0.24,10.45833,0.19609374999999998
Maruti Swift Dzire VXI,Kochi,2018,10671,Petrol,Manual,First,5.0,6.51,20.85,1197.0,83.14,Maruti,2,litre,2.1,0.22,9.545455,0.10071942446043165
Renault KWID Climber 1.0 MT,Hyderabad,2018,4126,Petrol,Manual,First,5.0,4.8,21.7,999.0,67.0,Renault,2,litre,2.1,0.22,9.545455,0.09677419354838711
Tata Bolt Quadrajet XM,Hyderabad,2017,98500,Diesel,Manual,First,5.0,6.0,22.95,1248.0,74.0,Tata,3,litre,2.51,0.24,10.45833,0.10936819172113289
Hyundai Grand i10 Asta,Coimbatore,2016,61578,Petrol,Manual,First,5.0,6.4,18.9,1197.0,82.0,Hyundai,4,litre,2.1,0.22,9.545455,0.11111111111111112
Volkswagen Vento 1.5 TDI Highline,Ahmedabad,2014,54000,Diesel,Manual,First,5.0,4.9,20.34,1498.0,103.2,Volkswagen,6,litre,2.51,0.24,10.45833,0.12340216322517207
Audi A6 2011-2015 2.0 TDI,Coimbatore,2013,70998,Diesel,Automatic,First,5.0,20.57,17.68,1968.0,174.33,Audi,7,litre,2.51,0.24,10.45833,0.1419683257918552
Maruti Swift Dzire Ldi BSIV,Kolkata,2015,40082,Diesel,Manual,First,5.0,4.76,19.3,1248.0,73.9,Maruti,5,litre,2.51,0.24,10.45833,0.13005181347150258
Chevrolet Spark 1.0 LT,Kochi,2012,50619,Petrol,Manual,First,5.0,2.0,18.0,995.0,62.0,Chevrolet,8,litre,2.1,0.22,9.545455,0.11666666666666667
BMW 3 Series 320d,Coimbatore,2009,103905,Diesel,Automatic,First,5.0,9.92,22.69,1995.0,190.0,BMW,11,litre,2.51,0.24,10.45833,0.11062141912736886
Hyundai EON Era Plus,Kochi,2018,15334,Petrol,Manual,First,5.0,3.69,21.1,814.0,55.2,Hyundai,2,litre,2.1,0.22,9.545455,0.0995260663507109
Maruti Swift Dzire VDI,Hyderabad,2013,69000,Diesel,Manual,First,5.0,5.75,23.4,1248.0,74.0,Maruti,7,litre,2.51,0.24,10.45833,0.10726495726495726
Volkswagen CrossPolo 1.5 TDI,Hyderabad,2014,75160,Diesel,Manual,First,5.0,5.7,20.14,1498.0,88.5,Volkswagen,6,litre,2.51,0.24,10.45833,0.12462760675273087
Honda Amaze E i-Vtech,Coimbatore,2014,44753,Petrol,Manual,First,5.0,4.94,18.0,1198.0,86.7,Honda,6,litre,2.1,0.22,9.545455,0.11666666666666667
Volkswagen Vento Petrol Highline AT,Kochi,2012,53024,Petrol,Automatic,First,5.0,4.29,14.4,1598.0,103.6,Volkswagen,8,litre,2.1,0.22,9.545455,0.14583333333333334
Maruti Wagon R Stingray VXI,Kolkata,2014,23840,Petrol,Manual,First,5.0,3.0,20.51,998.0,67.04,Maruti,6,litre,2.1,0.22,9.545455,0.10238907849829351
Volkswagen Polo 1.5 TDI Highline,Hyderabad,2014,81298,Diesel,Manual,First,5.0,6.5,20.14,1498.0,88.8,Volkswagen,6,litre,2.51,0.24,10.45833,0.12462760675273087
Volkswagen Polo Petrol Comfortline 1.2L,Jaipur,2015,59000,Petrol,Manual,Second,5.0,4.9,16.47,1198.0,73.9,Volkswagen,5,litre,2.1,0.22,9.545455,0.12750455373406194
Honda Amaze SX i-DTEC,Kochi,2016,51806,Diesel,Manual,First,5.0,5.4,25.8,1498.0,98.6,Honda,4,litre,2.51,0.24,10.45833,0.09728682170542635
Audi A6 35 TDI Matrix,Delhi,2014,56000,Diesel,Automatic,First,5.0,24.0,18.53,1968.0,187.74,Audi,6,litre,2.51,0.24,10.45833,0.13545601726929302
Tata Tigor 1.05 Revotorq XZ Option,Kochi,2019,29279,Diesel,Manual,First,5.0,7.46,24.7,1047.0,69.0,Tata,1,litre,2.51,0.24,10.45833,0.10161943319838056
Volkswagen Vento 1.5 TDI Highline AT,Kochi,2017,33550,Diesel,Automatic,First,5.0,9.6,21.5,1498.0,108.5,Volkswagen,3,litre,2.51,0.24,10.45833,0.11674418604651161
Audi A6 35 TDI Matrix,Hyderabad,2014,62000,Diesel,Automatic,First,5.0,25.0,18.53,1968.0,187.74,Audi,6,litre,2.51,0.24,10.45833,0.13545601726929302
Nissan Terrano XL 110 PS,Hyderabad,2014,66000,Diesel,Manual,First,5.0,6.8,19.01,1461.0,108.5,Nissan,6,litre,2.51,0.24,10.45833,0.13203577064702784
Skoda Rapid 1.5 TDI AT Elegance,Coimbatore,2016,46630,Diesel,Automatic,First,5.0,8.59,21.66,1498.0,103.52,Skoda,4,litre,2.51,0.24,10.45833,0.11588180978762695
Ford Figo Aspire 1.5 TDCi Trend,Hyderabad,2016,72566,Diesel,Manual,First,5.0,5.29,25.83,1498.0,99.0,Ford,4,litre,2.51,0.24,10.45833,0.09717382888114595
Tata Venture EX,Pune,2011,51482,Diesel,Manual,First,8.0,2.5,15.42,1405.0,70.0,Tata,9,litre,2.51,0.24,10.45833,0.16277561608300906
Mercedes-Benz New C-Class C 220 CDI BE Avantgare,Chennai,2011,90000,Diesel,Automatic,First,5.0,13.9,14.84,2143.0,167.62,Mercedes-Benz,9,litre,2.51,0.24,10.45833,0.1691374663072776
Toyota Fortuner 4x2 Manual,Jaipur,2014,69000,Diesel,Manual,Second,7.0,20.0,13.0,2982.0,168.5,Toyota,6,litre,2.51,0.24,10.45833,0.19307692307692306
Honda City 1.5 V MT,Delhi,2011,90000,Petrol,Manual,Second,5.0,3.4,17.0,1497.0,118.0,Honda,9,litre,2.1,0.22,9.545455,0.12352941176470589
Hyundai i20 Asta Option 1.2,Mumbai,2015,39000,Petrol,Manual,First,5.0,5.5,18.6,1197.0,81.83,Hyundai,5,litre,2.1,0.22,9.545455,0.11290322580645161
Volkswagen Vento Diesel Trendline,Hyderabad,2012,110000,Diesel,Manual,Second,5.0,3.65,20.54,1598.0,103.6,Volkswagen,8,litre,2.51,0.24,10.45833,0.12220058422590067
Ford Endeavour 2.5L 4X2 MT,Kochi,2011,68022,Diesel,Manual,First,7.0,5.86,13.1,2499.0,141.0,Ford,9,litre,2.51,0.24,10.45833,0.1916030534351145
Ford EcoSport 1.5 Petrol Titanium Plus AT,Coimbatore,2018,27852,Petrol,Automatic,First,5.0,10.44,14.8,1497.0,121.36,Ford,2,litre,2.1,0.22,9.545455,0.14189189189189189
Maruti Swift VDI BSIV,Bangalore,2013,58291,Diesel,Manual,First,5.0,5.0,17.8,1248.0,97.7,Maruti,7,litre,2.51,0.24,10.45833,0.14101123595505616
Hyundai i20 Sportz Diesel,Coimbatore,2011,68439,Diesel,Manual,First,5.0,3.37,23.0,1396.0,90.0,Hyundai,9,litre,2.51,0.24,10.45833,0.10913043478260868
Toyota Innova 2.5 VX (Diesel) 8 Seater,Delhi,2011,150000,Diesel,Manual,First,8.0,6.95,12.99,2494.0,100.6,Toyota,9,litre,2.51,0.24,10.45833,0.193225558121632
Tata Nexon 1.5 Revotorq XZ Plus Dual Tone,Mumbai,2018,14000,Diesel,Manual,First,5.0,9.9,21.5,1497.0,108.5,Tata,2,litre,2.51,0.24,10.45833,0.11674418604651161
Ford Figo Diesel Titanium,Hyderabad,2012,71558,Diesel,Manual,First,5.0,3.3,20.0,1399.0,68.05,Ford,8,litre,2.51,0.24,10.45833,0.1255
Porsche Panamera Diesel,Delhi,2013,48000,Diesel,Automatic,Second,4.0,50.5,17.85,2967.0,300.0,Porsche,7,litre,2.51,0.24,10.45833,0.1406162464985994
Hyundai Creta 1.6 CRDi AT SX Plus,Jaipur,2015,65800,Diesel,Automatic,First,5.0,12.5,17.01,1582.0,126.2,Hyundai,5,litre,2.51,0.24,10.45833,0.14756025867136977
Audi A4 2.0 TDI Multitronic,Hyderabad,2014,53000,Diesel,Automatic,First,5.0,20.5,16.55,1968.0,140.0,Audi,6,litre,2.51,0.24,10.45833,0.15166163141993955
Mahindra XUV500 W8 4WD,Kolkata,2017,14600,Diesel,Manual,First,7.0,14.5,16.0,2179.0,140.0,Mahindra,3,litre,2.51,0.24,10.45833,0.156875
Isuzu MUX 4WD,Jaipur,2017,34429,Diesel,Automatic,First,7.0,20.0,13.8,2999.0,174.57,Isuzu,3,litre,2.51,0.24,10.45833,0.18188405797101448
Maruti Swift Dzire VDI,Delhi,2014,52000,Diesel,Manual,First,5.0,5.25,23.4,1248.0,74.0,Maruti,6,litre,2.51,0.24,10.45833,0.10726495726495726
Maruti Ciaz ZXi,Kolkata,2015,25470,Petrol,Manual,First,5.0,5.9,20.73,1373.0,91.1,Maruti,5,litre,2.1,0.22,9.545455,0.10130246020260492
Hyundai EON Era Plus,Pune,2013,22000,Petrol,Manual,First,5.0,2.6,21.1,814.0,55.2,Hyundai,7,litre,2.1,0.22,9.545455,0.0995260663507109
Mercedes-Benz E-Class 280 CDI,Chennai,2007,75000,Diesel,Automatic,First,5.0,11.0,11.0,2987.0,198.5,Mercedes-Benz,13,litre,2.51,0.24,10.45833,0.22818181818181815
BMW 5 Series 2003-2012 520d,Pune,2011,95995,Diesel,Automatic,First,5.0,15.5,18.48,1995.0,177.0,BMW,9,litre,2.51,0.24,10.45833,0.13582251082251082
Hyundai Grand i10 1.2 CRDi Sportz Option,Jaipur,2017,26877,Diesel,Manual,First,5.0,5.75,24.0,1186.0,73.97,Hyundai,3,litre,2.51,0.24,10.45833,0.10458333333333332
Jaguar XJ 3.0L Portfolio,Hyderabad,2015,26000,Diesel,Automatic,First,5.0,75.0,14.47,2993.0,301.73,Jaguar,5,litre,2.51,0.24,10.45833,0.17346233586731166
Maruti Swift Ldi BSIII,Chennai,2007,140000,Diesel,Manual,Second,5.0,2.0,17.8,1248.0,75.0,Maruti,13,litre,2.51,0.24,10.45833,0.14101123595505616
Hyundai Santro Xing GLS,Hyderabad,2008,95291,Petrol,Manual,First,5.0,2.3,17.92,1086.0,62.1,Hyundai,12,litre,2.1,0.22,9.545455,0.1171875
Toyota Innova 2.5 V Diesel 8-seater,Hyderabad,2009,135000,Diesel,Manual,Second,8.0,8.2,12.8,2494.0,102.0,Toyota,11,litre,2.51,0.24,10.45833,0.19609374999999998
Hyundai i20 Sportz 1.2,Kolkata,2015,32000,Petrol,Manual,First,5.0,4.8,18.6,1197.0,81.83,Hyundai,5,litre,2.1,0.22,9.545455,0.11290322580645161
Mercedes-Benz E-Class 280 CDI,Mumbai,2008,68333,Diesel,Automatic,Second,5.0,8.5,11.0,2987.0,198.5,Mercedes-Benz,12,litre,2.51,0.24,10.45833,0.22818181818181815
Ford Figo Diesel ZXI,Chennai,2011,72000,Diesel,Manual,First,5.0,2.9,20.0,1399.0,68.0,Ford,9,litre,2.51,0.24,10.45833,0.1255
Toyota Corolla Altis 1.4 DG,Ahmedabad,2012,52100,Diesel,Manual,First,5.0,6.5,21.43,1364.0,86.79,Toyota,8,litre,2.51,0.24,10.45833,0.11712552496500232
Hyundai Grand i10 1.2 Kappa Sportz,Jaipur,2018,10000,Petrol,Manual,First,5.0,5.85,18.9,1197.0,81.86,Hyundai,2,litre,2.1,0.22,9.545455,0.11111111111111112
Jeep Compass 2.0 Limited 4X4,Coimbatore,2019,6261,Diesel,Manual,First,5.0,23.91,16.3,1956.0,170.0,Jeep,1,litre,2.51,0.24,10.45833,0.15398773006134966
Maruti Ignis 1.2 AMT Alpha,Coimbatore,2019,3906,Petrol,Automatic,First,5.0,7.36,20.89,1197.0,81.8,Maruti,1,litre,2.1,0.22,9.545455,0.10052656773575874
Toyota Fortuner 3.0 Diesel,Pune,2014,55960,Diesel,Manual,First,7.0,17.25,11.5,2982.0,171.0,Toyota,6,litre,2.51,0.24,10.45833,0.21826086956521737
Volkswagen Vento Diesel Highline,Jaipur,2013,144000,Diesel,Manual,First,5.0,7.0,20.54,1598.0,103.6,Volkswagen,7,litre,2.51,0.24,10.45833,0.12220058422590067
Toyota Innova Crysta 2.4 VX MT,Mumbai,2017,38000,Diesel,Manual,First,7.0,17.65,13.68,2393.0,147.8,Toyota,3,litre,2.51,0.24,10.45833,0.1834795321637427
Ford Figo Diesel Celebration Edition,Jaipur,2013,51000,Diesel,Manual,First,5.0,2.5,20.0,1399.0,68.1,Ford,7,litre,2.51,0.24,10.45833,0.1255
Toyota Platinum Etios 1.4 GXD,Hyderabad,2015,150000,Diesel,Manual,First,5.0,6.0,23.59,1364.0,67.05,Toyota,5,litre,2.51,0.24,10.45833,0.10640101738024586
Mahindra Thar DI 4X4,Mumbai,2018,2500,Diesel,Manual,First,7.0,8.25,18.06,2523.0,63.0,Mahindra,2,litre,2.51,0.24,10.45833,0.13898117386489478
Land Rover Range Rover HSE Dynamic,Kochi,2018,41661,Diesel,Automatic,First,5.0,44.83,12.7,2179.0,187.7,Land,2,litre,2.51,0.24,10.45833,0.19763779527559056
BMW 3 Series 320d Highline,Delhi,2011,64000,Diesel,Automatic,First,5.0,10.5,16.07,1995.0,181.0,BMW,9,litre,2.51,0.24,10.45833,0.1561916614810205
Hyundai Accent GLS,Bangalore,2008,80000,Petrol,Manual,Second,5.0,1.9,13.2,1495.0,94.0,Hyundai,12,litre,2.1,0.22,9.545455,0.15909090909090912
Maruti Celerio ZXI AT,Jaipur,2016,30000,Petrol,Automatic,Second,5.0,4.25,23.1,998.0,67.04,Maruti,4,litre,2.1,0.22,9.545455,0.09090909090909091
Jaguar XF 2.2 Litre Luxury,Chennai,2014,43000,Diesel,Automatic,Second,5.0,26.5,16.36,2179.0,187.7,Jaguar,6,litre,2.51,0.24,10.45833,0.15342298288508557
Audi A6 2.7 TDI,Bangalore,2013,90000,Diesel,Automatic,Second,5.0,22.5,12.4,2698.0,179.5,Audi,7,litre,2.51,0.24,10.45833,0.20241935483870965
Nissan Micra Diesel XV,Hyderabad,2011,123880,Diesel,Manual,First,5.0,3.3,23.08,1461.0,63.1,Nissan,9,litre,2.51,0.24,10.45833,0.10875216637781629
Honda Amaze S i-Vtech,Jaipur,2015,42000,Petrol,Manual,Second,5.0,4.3,18.0,1198.0,86.7,Honda,5,litre,2.1,0.22,9.545455,0.11666666666666667
Renault Duster 85PS Diesel RxL Option,Chennai,2012,79824,Diesel,Manual,First,5.0,5.25,19.87,1461.0,83.8,Renault,8,litre,2.51,0.24,10.45833,0.1263210870659285
Toyota Innova 2.5 G (Diesel) 8 Seater,Jaipur,2015,75000,Diesel,Manual,First,8.0,11.75,12.99,2494.0,100.6,Toyota,5,litre,2.51,0.24,10.45833,0.193225558121632
Honda Amaze E i-Vtech,Ahmedabad,2014,72411,Petrol,Manual,First,5.0,4.25,18.0,1198.0,86.7,Honda,6,litre,2.1,0.22,9.545455,0.11666666666666667
Mercedes-Benz New C-Class C 250 CDI Elegance,Delhi,2012,63000,Diesel,Automatic,First,5.0,14.22,14.94,2143.0,204.0,Mercedes-Benz,8,litre,2.51,0.24,10.45833,0.16800535475234268
Toyota Etios Liva G,Chennai,2015,53713,Petrol,Manual,First,5.0,4.2,17.71,1197.0,78.9,Toyota,5,litre,2.1,0.22,9.545455,0.11857707509881422
Toyota Innova Crysta 2.8 GX AT 8S,Delhi,2017,18000,Diesel,Automatic,First,8.0,18.25,11.36,2755.0,171.5,Toyota,3,litre,2.51,0.24,10.45833,0.2209507042253521
Mercedes-Benz New C-Class 200 CDI Elegance,Bangalore,2013,51000,Diesel,Manual,First,5.0,18.5,15.8,2148.0,170.0,Mercedes-Benz,7,litre,2.51,0.24,10.45833,0.15886075949367087
Maruti Swift VXI BSIII,Chennai,2008,86700,Petrol,Manual,Second,5.0,2.4,16.1,1298.0,88.2,Maruti,12,litre,2.1,0.22,9.545455,0.13043478260869565
Maruti Baleno Alpha 1.3,Kolkata,2016,29000,Diesel,Manual,First,5.0,6.5,27.39,1248.0,74.0,Maruti,4,litre,2.51,0.24,10.45833,0.09163928441036874
Hyundai Santro Xing GL Plus LPG,Hyderabad,2014,56000,LPG,Manual,First,5.0,3.2,13.45,1086.0,62.1,Hyundai,6,litre,1.56,0.21,7.428571,0.11598513011152417
Maruti Celerio VXI AT,Mumbai,2015,33000,Petrol,Automatic,First,5.0,3.99,23.1,998.0,67.04,Maruti,5,litre,2.1,0.22,9.545455,0.09090909090909091
Ford Ecosport 1.5 DV5 MT Ambiente,Kochi,2014,64394,Diesel,Manual,First,5.0,5.45,22.7,1498.0,89.84,Ford,6,litre,2.51,0.24,10.45833,0.11057268722466959
Tata Manza Aura Quadrajet,Hyderabad,2010,76000,Diesel,Manual,First,5.0,2.7,18.8,1248.0,90.0,Tata,10,litre,2.51,0.24,10.45833,0.13351063829787232
Honda Jazz 1.5 SV i DTEC,Mumbai,2016,48719,Diesel,Manual,First,5.0,6.25,27.3,1498.0,98.6,Honda,4,litre,2.51,0.24,10.45833,0.09194139194139193
Mahindra XUV500 W8 2WD,Coimbatore,2016,59711,Diesel,Manual,First,7.0,13.28,15.1,2179.0,140.0,Mahindra,4,litre,2.51,0.24,10.45833,0.1662251655629139
Nissan Micra Diesel XV Premium,Hyderabad,2012,83000,Diesel,Manual,First,5.0,3.7,23.08,1461.0,63.1,Nissan,8,litre,2.51,0.24,10.45833,0.10875216637781629
Mercedes-Benz New C-Class C 220d Avantgarde Edition C,Coimbatore,2018,10714,Diesel,Automatic,First,5.0,39.51,19.27,2143.0,167.62,Mercedes-Benz,2,litre,2.51,0.24,10.45833,0.1302542812662169
Tata Manza Aura Plus Quadrajet BS IV,Hyderabad,2010,127510,Diesel,Manual,Second,5.0,1.4,19.0,1248.0,90.0,Tata,10,litre,2.51,0.24,10.45833,0.13210526315789473
Maruti Swift VDI,Kolkata,2014,35010,Diesel,Manual,First,5.0,3.5,22.9,1248.0,74.0,Maruti,6,litre,2.51,0.24,10.45833,0.10960698689956332
Maruti Swift Dzire 1.2 Lxi BSIV,Jaipur,2012,75451,Petrol,Manual,First,5.0,3.78,17.5,1197.0,85.8,Maruti,8,litre,2.1,0.22,9.545455,0.12000000000000001
Tata Indigo eCS LS (TDI) BS-III,Pune,2015,83000,Diesel,Manual,First,5.0,2.7,19.09,1405.0,69.01,Tata,5,litre,2.51,0.24,10.45833,0.13148245154531168
Honda Amaze S i-Dtech,Kolkata,2013,38755,Diesel,Manual,First,5.0,3.2,25.8,1498.0,98.6,Honda,7,litre,2.51,0.24,10.45833,0.09728682170542635
Maruti Swift VXI BSIV,Delhi,2016,30000,Petrol,Manual,First,5.0,5.0,20.4,1197.0,81.8,Maruti,4,litre,2.1,0.22,9.545455,0.10294117647058824
Maruti Ertiga ZDI,Chennai,2012,40000,Diesel,Manual,First,7.0,7.0,20.77,1248.0,88.8,Maruti,8,litre,2.51,0.24,10.45833,0.12084737602311024
Hyundai Grand i10 Era,Kolkata,2014,19500,Petrol,Manual,Second,5.0,2.85,18.9,1197.0,82.0,Hyundai,6,litre,2.1,0.22,9.545455,0.11111111111111112
Nissan Micra Active XV,Ahmedabad,2016,41000,Petrol,Manual,First,5.0,4.25,19.69,1198.0,67.04,Nissan,4,litre,2.1,0.22,9.545455,0.10665312341289995
Hyundai Grand i10 Asta Option,Bangalore,2014,30000,Petrol,Manual,Second,5.0,4.9,18.9,1197.0,82.0,Hyundai,6,litre,2.1,0.22,9.545455,0.11111111111111112
Jeep Compass 2.0 Sport,Hyderabad,2017,37000,Diesel,Manual,First,5.0,16.9,17.1,1956.0,170.0,Jeep,3,litre,2.51,0.24,10.45833,0.14678362573099413
Volkswagen Polo Diesel Comfortline 1.2L,Delhi,2014,62000,Diesel,Manual,Second,5.0,4.25,22.07,1199.0,73.9,Volkswagen,6,litre,2.51,0.24,10.45833,0.11372904395106478
Honda Amaze S AT i-Vtech,Pune,2015,42023,Petrol,Automatic,First,5.0,4.34,15.5,1198.0,86.7,Honda,5,litre,2.1,0.22,9.545455,0.13548387096774195
BMW X3 xDrive20d Advantage Edition,Kolkata,2012,51001,Diesel,Automatic,First,5.0,17.0,16.09,1995.0,184.0,BMW,8,litre,2.51,0.24,10.45833,0.15599751398384087
BMW 3 Series 320d Luxury Line,Kochi,2017,55389,Diesel,Automatic,First,5.0,28.45,18.88,1995.0,184.0,BMW,3,litre,2.51,0.24,10.45833,0.1329449152542373
Honda City V AT,Kochi,2014,46728,Petrol,Automatic,First,5.0,6.15,15.6,1497.0,116.3,Honda,6,litre,2.1,0.22,9.545455,0.13461538461538464
Mahindra Ssangyong Rexton RX5,Kochi,2014,58995,Diesel,Manual,First,7.0,9.25,12.83,2696.0,162.0,Mahindra,6,litre,2.51,0.24,10.45833,0.19563522992985188
Maruti Swift Dzire LDI,Delhi,2015,37857,Diesel,Manual,First,5.0,4.85,26.59,1248.0,74.0,Maruti,5,litre,2.51,0.24,10.45833,0.09439638962015795
Maruti Swift VDI BSIV,Jaipur,2014,71000,Diesel,Manual,First,5.0,4.8,25.2,1248.0,74.0,Maruti,6,litre,2.51,0.24,10.45833,0.0996031746031746
Honda Brio S Option MT,Pune,2012,49024,Petrol,Manual,First,5.0,2.3,18.4,1198.0,86.8,Honda,8,litre,2.1,0.22,9.545455,0.1141304347826087
Hyundai Grand i10 Sportz,Mumbai,2016,10770,Petrol,Manual,First,5.0,4.75,18.9,1197.0,82.0,Hyundai,4,litre,2.1,0.22,9.545455,0.11111111111111112
Tata Zest Quadrajet 1.3 75PS XM,Pune,2017,72000,Diesel,Manual,First,5.0,5.0,22.95,1248.0,74.0,Tata,3,litre,2.51,0.24,10.45833,0.10936819172113289
Hyundai EON Era Plus,Jaipur,2015,91000,Petrol,Manual,First,5.0,2.5,21.1,814.0,55.2,Hyundai,5,litre,2.1,0.22,9.545455,0.0995260663507109
Hyundai i20 1.2 Spotz,Mumbai,2017,14000,Petrol,Manual,First,5.0,5.95,18.6,1197.0,81.83,Hyundai,3,litre,2.1,0.22,9.545455,0.11290322580645161
Volvo S60 D4 KINETIC,Delhi,2014,48000,Diesel,Automatic,Second,5.0,16.0,9.0,1984.0,181.0,Volvo,6,litre,2.51,0.24,10.45833,0.27888888888888885
Ford Ecosport 1.5 DV5 MT Titanium Optional,Delhi,2014,75136,Diesel,Manual,First,5.0,6.15,22.7,1498.0,89.84,Ford,6,litre,2.51,0.24,10.45833,0.11057268722466959
Maruti Ritz VXI,Hyderabad,2014,32500,Petrol,Manual,Second,5.0,4.05,21.1,1197.0,85.8,Maruti,6,litre,2.1,0.22,9.545455,0.0995260663507109
Hyundai i20 1.4 CRDi Magna,Hyderabad,2010,94500,Diesel,Manual,Second,5.0,3.1,21.9,1396.0,90.0,Hyundai,10,litre,2.51,0.24,10.45833,0.11461187214611872
Maruti Dzire VXI,Hyderabad,2013,34900,Petrol,Manual,First,5.0,5.49,22.0,1197.0,81.8,Maruti,7,litre,2.1,0.22,9.545455,0.09545454545454546
Porsche Panamera 2010 2013 4S,Coimbatore,2010,42400,Petrol,Automatic,Third,4.0,42.91,8.0,4806.0,394.3,Porsche,10,litre,2.1,0.22,9.545455,0.2625
Maruti Swift VDi BSIII W/ ABS,Jaipur,2015,50000,Diesel,Manual,First,5.0,5.7,17.8,1248.0,75.0,Maruti,5,litre,2.51,0.24,10.45833,0.14101123595505616
Honda Brio S MT,Kolkata,2014,35000,Petrol,Manual,First,5.0,2.85,19.4,1198.0,86.8,Honda,6,litre,2.1,0.22,9.545455,0.10824742268041239
Chevrolet Beat LS,Bangalore,2012,37000,Petrol,Manual,Second,5.0,2.35,18.6,1199.0,79.4,Chevrolet,8,litre,2.1,0.22,9.545455,0.11290322580645161
Hyundai Creta 1.6 SX Plus Petrol Automatic,Coimbatore,2018,32807,Petrol,Automatic,First,5.0,14.76,13.0,1591.0,121.3,Hyundai,2,litre,2.1,0.22,9.545455,0.16153846153846155
Honda City ZX GXi,Pune,2008,119000,Petrol,Manual,Second,5.0,2.25,17.7,1497.0,78.0,Honda,12,litre,2.1,0.22,9.545455,0.11864406779661017
Maruti Ritz LXi,Mumbai,2016,12000,Petrol,Manual,First,5.0,3.65,18.5,1197.0,85.8,Maruti,4,litre,2.1,0.22,9.545455,0.11351351351351352
Ford EcoSport 1.5 TDCi Trend,Delhi,2016,46727,Diesel,Manual,First,5.0,7.25,22.77,1498.0,98.59,Ford,4,litre,2.51,0.24,10.45833,0.11023276240667544
BMW 3 Series 320d,Hyderabad,2010,73336,Diesel,Automatic,First,5.0,10.69,13.2,1995.0,170.0,BMW,10,litre,2.51,0.24,10.45833,0.19015151515151515
Hyundai Verna 1.6 SX VTVT,Mumbai,2014,9000,Petrol,Manual,Second,5.0,5.5,17.01,1591.0,121.3,Hyundai,6,litre,2.1,0.22,9.545455,0.12345679012345678
Toyota Innova 2.5 G4 Diesel 8-seater,Chennai,2005,240000,Diesel,Manual,Fourth & Above,8.0,5.1,12.8,2494.0,102.0,Toyota,15,litre,2.51,0.24,10.45833,0.19609374999999998
Maruti Wagon R LXI,Mumbai,2014,25422,Petrol,Manual,First,5.0,3.25,22.5,998.0,67.04,Maruti,6,litre,2.1,0.22,9.545455,0.09333333333333334
Maruti Ertiga VDI,Mumbai,2018,14000,Diesel,Manual,First,7.0,9.25,25.47,1248.0,88.5,Maruti,2,litre,2.51,0.24,10.45833,0.09854731056144483
Maruti Alto LXi BSIII,Hyderabad,2008,66000,Petrol,Manual,First,5.0,1.7,19.7,796.0,46.3,Maruti,12,litre,2.1,0.22,9.545455,0.10659898477157362
Maruti A-Star Vxi,Kochi,2010,55324,Petrol,Manual,First,5.0,2.87,19.0,998.0,66.1,Maruti,10,litre,2.1,0.22,9.545455,0.1105263157894737
BMW X5 3.0d,Bangalore,2009,90000,Diesel,Automatic,First,5.0,17.75,11.0,2993.0,235.0,BMW,11,litre,2.51,0.24,10.45833,0.22818181818181815
Mahindra KUV 100 G80 K6 Plus 5Str,Kolkata,2017,43000,Petrol,Manual,First,5.0,4.5,18.15,1198.0,82.0,Mahindra,3,litre,2.1,0.22,9.545455,0.11570247933884299
Hyundai i10 Magna AT,Bangalore,2008,58483,Petrol,Automatic,Second,5.0,2.95,19.2,1197.0,80.0,Hyundai,12,litre,2.1,0.22,9.545455,0.10937500000000001
Honda Civic 2006-2010 1.8 S AT,Pune,2007,93000,Petrol,Automatic,Second,5.0,2.6,12.9,1799.0,130.0,Honda,13,litre,2.1,0.22,9.545455,0.16279069767441862
Hyundai i10 Sportz 1.2,Hyderabad,2010,50000,Petrol,Manual,First,5.0,3.0,20.36,1197.0,78.9,Hyundai,10,litre,2.1,0.22,9.545455,0.1031434184675835
Mercedes-Benz New C-Class C 220 CDI Elegance AT,Ahmedabad,2014,78616,Diesel,Automatic,Second,5.0,15.5,14.84,2143.0,170.0,Mercedes-Benz,6,litre,2.51,0.24,10.45833,0.1691374663072776
Toyota Etios G,Pune,2011,37000,Petrol,Manual,First,5.0,2.8,17.6,1496.0,88.73,Toyota,9,litre,2.1,0.22,9.545455,0.11931818181818181
Honda City 1.5 E MT,Kolkata,2010,54801,Petrol,Manual,First,5.0,2.5,17.0,1497.0,118.0,Honda,10,litre,2.1,0.22,9.545455,0.12352941176470589
Maruti Swift Dzire VDI,Bangalore,2014,29000,Diesel,Manual,First,5.0,5.75,23.4,1248.0,74.0,Maruti,6,litre,2.51,0.24,10.45833,0.10726495726495726
Maruti Swift VXI,Pune,2010,68000,Petrol,Manual,First,5.0,2.8,22.0,1197.0,81.8,Maruti,10,litre,2.1,0.22,9.545455,0.09545454545454546
Hyundai Verna 1.6 EX VTVT,Kolkata,2014,58000,Petrol,Manual,First,5.0,4.59,17.01,1591.0,121.3,Hyundai,6,litre,2.1,0.22,9.545455,0.12345679012345678
Maruti Ritz VDi,Pune,2012,64290,Diesel,Manual,First,5.0,3.65,23.2,1248.0,73.94,Maruti,8,litre,2.51,0.24,10.45833,0.10818965517241379
Toyota Fortuner 4x2 Manual,Mumbai,2015,31000,Diesel,Manual,First,7.0,19.85,13.0,2982.0,168.5,Toyota,5,litre,2.51,0.24,10.45833,0.19307692307692306
Jeep Compass 2.0 Limited,Pune,2018,16039,Diesel,Manual,First,5.0,18.5,17.1,1956.0,170.0,Jeep,2,litre,2.51,0.24,10.45833,0.14678362573099413
Hyundai i20 Asta Option 1.2,Hyderabad,2017,19860,Petrol,Manual,First,5.0,6.95,18.6,1197.0,81.83,Hyundai,3,litre,2.1,0.22,9.545455,0.11290322580645161
Maruti Wagon R LXI CNG,Delhi,2014,48500,CNG,Manual,Second,5.0,2.85,26.6,998.0,58.16,Maruti,6,kg,2.5625,0.18,14.23611,0.09633458646616541
Tata New Safari DICOR 2.2 EX 4x4 BS IV,Jaipur,2012,75391,Diesel,Manual,First,7.0,3.75,13.93,2179.0,138.0,Tata,8,litre,2.51,0.24,10.45833,0.18018664752333094
Maruti Swift Dzire LDi,Jaipur,2008,78000,Diesel,Manual,Second,5.0,2.3,19.3,1248.0,73.9,Maruti,12,litre,2.51,0.24,10.45833,0.13005181347150258
Tata Indigo eCS eLS BS IV,Kolkata,2016,78000,Diesel,Manual,First,5.0,2.3,25.0,1396.0,69.01,Tata,4,litre,2.51,0.24,10.45833,0.10039999999999999
Maruti Swift LDI,Hyderabad,2016,52000,Diesel,Manual,First,5.0,5.95,28.4,1248.0,74.0,Maruti,4,litre,2.51,0.24,10.45833,0.08838028169014084
Maruti Celerio VXI AT,Kolkata,2016,30000,Petrol,Automatic,First,5.0,3.49,23.1,998.0,67.04,Maruti,4,litre,2.1,0.22,9.545455,0.09090909090909091
BMW 5 Series 2013-2017 530d M Sport,Coimbatore,2016,19254,Diesel,Automatic,First,5.0,47.7,14.69,2993.0,258.0,BMW,4,litre,2.51,0.24,10.45833,0.1708645336963921
Volkswagen Polo 1.2 MPI Highline,Coimbatore,2015,29651,Petrol,Manual,First,5.0,6.43,16.47,1198.0,74.0,Volkswagen,5,litre,2.1,0.22,9.545455,0.12750455373406194
Tata Safari DICOR 2.2 LX 4x2,Bangalore,2011,80000,Diesel,Manual,First,7.0,4.5,13.93,2179.0,138.03,Tata,9,litre,2.51,0.24,10.45833,0.18018664752333094
Mini Cooper S Carbon Edition,Kolkata,2018,2971,Petrol,Automatic,First,4.0,39.75,13.6,1598.0,181.0,Mini,2,litre,2.1,0.22,9.545455,0.15441176470588236
Ford Figo Petrol Titanium,Kolkata,2015,21400,Petrol,Manual,First,5.0,4.0,15.6,1196.0,70.0,Ford,5,litre,2.1,0.22,9.545455,0.13461538461538464
Honda City i DTEC V,Ahmedabad,2015,77000,Diesel,Manual,First,5.0,6.98,26.0,1498.0,98.6,Honda,5,litre,2.51,0.24,10.45833,0.09653846153846153
Hyundai Tucson CRDi,Delhi,2006,80000,Diesel,Manual,Second,7.0,1.75,12.6,1991.0,112.0,Hyundai,14,litre,2.51,0.24,10.45833,0.1992063492063492
Skoda Laura Ambiente 2.0 TDI CR MT,Delhi,2013,81755,Diesel,Manual,First,5.0,4.75,20.0,1968.0,108.5,Skoda,7,litre,2.51,0.24,10.45833,0.1255
Toyota Fortuner 3.0 Diesel,Hyderabad,2016,99593,Diesel,Manual,First,7.0,23.5,11.5,2982.0,171.0,Toyota,4,litre,2.51,0.24,10.45833,0.21826086956521737
Hyundai Verna 1.6 SX,Hyderabad,2014,39791,Diesel,Manual,First,5.0,7.49,22.32,1582.0,126.32,Hyundai,6,litre,2.51,0.24,10.45833,0.11245519713261648
Mahindra XUV500 W6 2WD,Hyderabad,2015,113000,Diesel,Manual,First,7.0,10.85,15.1,2179.0,140.0,Mahindra,5,litre,2.51,0.24,10.45833,0.1662251655629139
Renault KWID RXT,Mumbai,2017,24000,Petrol,Manual,First,5.0,3.5,25.17,799.0,53.3,Renault,3,litre,2.1,0.22,9.545455,0.08343265792610251
Hyundai i20 Asta 1.2,Bangalore,2015,39000,Petrol,Manual,Second,5.0,6.3,18.6,1197.0,81.83,Hyundai,5,litre,2.1,0.22,9.545455,0.11290322580645161
Honda City V AT,Bangalore,2012,37000,Petrol,Automatic,First,5.0,6.75,15.6,1497.0,116.3,Honda,8,litre,2.1,0.22,9.545455,0.13461538461538464
Ford Endeavour 3.2 Titanium AT 4X4,Coimbatore,2017,61108,Diesel,Automatic,First,7.0,28.88,10.91,3198.0,197.0,Ford,3,litre,2.51,0.24,10.45833,0.23006416131989
Skoda Superb Elegance 1.8 TSI AT,Kochi,2016,61648,Petrol,Automatic,First,5.0,14.23,13.7,1798.0,157.75,Skoda,4,litre,2.1,0.22,9.545455,0.15328467153284672
BMW 3 Series 320d Sport,Mumbai,2012,37000,Diesel,Automatic,Third,5.0,15.0,22.69,1995.0,190.0,BMW,8,litre,2.51,0.24,10.45833,0.11062141912736886
Maruti Ertiga VXI CNG,Mumbai,2013,53000,CNG,Manual,First,7.0,5.8,22.8,1373.0,80.9,Maruti,7,kg,2.5625,0.18,14.23611,0.11239035087719298
Maruti Ritz LDi,Jaipur,2013,65000,Diesel,Manual,First,5.0,3.75,23.2,1248.0,73.94,Maruti,7,litre,2.51,0.24,10.45833,0.10818965517241379
Hyundai Santro Xing XP,Jaipur,2005,120000,Petrol,Manual,First,5.0,1.15,0.0,1086.0,97.7,Hyundai,15,litre,2.1,0.22,9.545455,0.12352941176470589
Toyota Fortuner 3.0 Diesel,Jaipur,2011,148009,Diesel,Manual,Second,7.0,12.75,11.5,2982.0,171.0,Toyota,9,litre,2.51,0.24,10.45833,0.21826086956521737
Maruti Swift Lxi BSIII,Mumbai,2009,53001,Petrol,Manual,First,5.0,1.95,16.1,1298.0,88.2,Maruti,11,litre,2.1,0.22,9.545455,0.13043478260869565
Tata Tigor 1.2 Revotron XT,Mumbai,2018,22345,Petrol,Manual,First,5.0,4.95,20.3,1199.0,84.0,Tata,2,litre,2.1,0.22,9.545455,0.10344827586206896
Honda City i VTEC CVT VX,Delhi,2015,50000,Petrol,Automatic,First,5.0,8.25,18.0,1497.0,117.3,Honda,5,litre,2.1,0.22,9.545455,0.11666666666666667
BMW 3 Series 320d,Hyderabad,2013,48183,Diesel,Automatic,First,5.0,20.99,13.2,1995.0,170.0,BMW,7,litre,2.51,0.24,10.45833,0.19015151515151515
Mercedes-Benz E-Class 2009-2013 E250 CDI Blue Efficiency,Hyderabad,2010,93000,Diesel,Automatic,Second,5.0,17.5,14.21,2143.0,203.0,Mercedes-Benz,10,litre,2.51,0.24,10.45833,0.17663617171006332
Maruti Swift VDI,Kochi,2015,53500,Diesel,Manual,First,5.0,5.36,28.4,1248.0,74.0,Maruti,5,litre,2.51,0.24,10.45833,0.08838028169014084
Maruti Ertiga VXI,Delhi,2014,17585,Petrol,Manual,First,7.0,6.35,16.02,1373.0,93.7,Maruti,6,litre,2.1,0.22,9.545455,0.1310861423220974
Hyundai Verna 1.6 VTVT,Kolkata,2011,36226,Petrol,Manual,First,5.0,2.95,17.01,1591.0,121.3,Hyundai,9,litre,2.1,0.22,9.545455,0.12345679012345678
Land Rover Discovery Sport TD4 HSE,Coimbatore,2019,25899,Diesel,Automatic,First,5.0,55.7,12.63,2179.0,147.5,Land,1,litre,2.51,0.24,10.45833,0.19873317498020582
Hyundai Santro Xing GL,Kolkata,2009,60170,Petrol,Manual,First,5.0,1.15,0.0,1086.0,62.0,Hyundai,11,litre,2.1,0.22,9.545455,0.12352941176470589
Mercedes-Benz New C-Class C 220 CDI Style,Hyderabad,2017,11200,Diesel,Automatic,First,5.0,37.5,19.27,2143.0,167.62,Mercedes-Benz,3,litre,2.51,0.24,10.45833,0.1302542812662169
Hyundai i10 Magna 1.2,Kochi,2017,49045,Petrol,Manual,First,5.0,4.07,20.36,1197.0,78.9,Hyundai,3,litre,2.1,0.22,9.545455,0.1031434184675835
Volkswagen Polo Diesel Comfortline 1.2L,Kolkata,2012,45000,Diesel,Manual,First,5.0,2.99,22.07,1199.0,73.9,Volkswagen,8,litre,2.51,0.24,10.45833,0.11372904395106478
Maruti Vitara Brezza VDi Option,Delhi,2017,40000,Diesel,Manual,First,5.0,7.9,24.3,1248.0,88.5,Maruti,3,litre,2.51,0.24,10.45833,0.10329218106995884
Renault Duster 85PS Diesel RxL,Mumbai,2016,36600,Diesel,Manual,First,5.0,7.49,19.87,1461.0,83.8,Renault,4,litre,2.51,0.24,10.45833,0.1263210870659285
Tata Indica Vista Aqua 1.3 Quadrajet,Jaipur,2009,117000,Diesel,Manual,First,5.0,1.1,18.0,1248.0,75.0,Tata,11,litre,2.51,0.24,10.45833,0.13944444444444443
Mercedes-Benz GL-Class 350 CDI Blue Efficiency,Delhi,2016,16000,Diesel,Automatic,First,7.0,56.0,11.3,2987.0,254.8,Mercedes-Benz,4,litre,2.51,0.24,10.45833,0.2221238938053097
Hyundai Xcent 1.2 CRDi S,Mumbai,2016,50000,Diesel,Manual,First,5.0,3.5,25.4,1186.0,73.97,Hyundai,4,litre,2.51,0.24,10.45833,0.09881889763779528
Hyundai Verna CRDi SX ABS,Hyderabad,2008,150000,Diesel,Manual,First,5.0,3.0,18.1,1493.0,110.0,Hyundai,12,litre,2.51,0.24,10.45833,0.13867403314917126
Hyundai Verna 1.6 SX VTVT,Mumbai,2014,11000,Petrol,Manual,First,5.0,6.1,17.01,1591.0,121.3,Hyundai,6,litre,2.1,0.22,9.545455,0.12345679012345678
Ford Figo Petrol ZXI,Bangalore,2010,102016,Petrol,Manual,First,5.0,2.25,15.6,1196.0,70.0,Ford,10,litre,2.1,0.22,9.545455,0.13461538461538464
Maruti Swift VDI Optional,Chennai,2016,38000,Diesel,Manual,First,5.0,5.95,25.2,1248.0,74.0,Maruti,4,litre,2.51,0.24,10.45833,0.0996031746031746
Renault Pulse RxL,Hyderabad,2013,71491,Diesel,Manual,First,5.0,4.95,23.08,1461.0,63.12,Renault,7,litre,2.51,0.24,10.45833,0.10875216637781629
Volkswagen Polo 1.2 MPI Highline,Bangalore,2015,46354,Petrol,Manual,Second,5.0,5.49,16.47,1198.0,74.0,Volkswagen,5,litre,2.1,0.22,9.545455,0.12750455373406194
BMW 3 Series 320d Luxury Line,Delhi,2019,87000,Diesel,Automatic,First,5.0,6.67,22.69,1995.0,190.0,BMW,1,litre,2.51,0.24,10.45833,0.11062141912736886
Skoda Rapid 1.6 MPI Active,Ahmedabad,2015,20765,Petrol,Manual,First,5.0,6.25,15.0,1598.0,103.52,Skoda,5,litre,2.1,0.22,9.545455,0.14
Hyundai Santro GS,Ahmedabad,2005,58000,Petrol,Manual,Second,5.0,1.51,0.0,999.0,97.7,Hyundai,15,litre,2.1,0.22,9.545455,0.12352941176470589
Audi Q7 3.0 TDI Quattro Premium Plus,Coimbatore,2014,51076,Diesel,Automatic,First,7.0,34.88,12.07,2967.0,241.4,Audi,6,litre,2.51,0.24,10.45833,0.20795360397680196
Maruti Ciaz VDi Plus,Jaipur,2016,84085,Diesel,Manual,First,5.0,6.9,26.21,1248.0,88.5,Maruti,4,litre,2.51,0.24,10.45833,0.09576497520030522
Honda City i DTEC VX,Kolkata,2014,55000,Diesel,Manual,First,5.0,5.99,25.1,1498.0,98.6,Honda,6,litre,2.51,0.24,10.45833,0.09999999999999999
Mercedes-Benz E-Class 2009-2013 E350 Petrol,Mumbai,2010,73000,Petrol,Automatic,First,5.0,10.4,10.93,3498.0,272.0,Mercedes-Benz,10,litre,2.1,0.22,9.545455,0.19213174748398903
Audi A6 2011-2015 3.0 TDI Quattro Premium Plus,Pune,2012,50001,Diesel,Automatic,First,5.0,29.0,14.57,2967.0,241.38,Audi,8,litre,2.51,0.24,10.45833,0.17227179135209333
Mahindra Xylo H4,Coimbatore,2016,93166,Diesel,Manual,Second,7.0,5.85,14.02,2179.0,118.3,Mahindra,4,litre,2.51,0.24,10.45833,0.17902995720399428
Honda City 1.5 EXI AT,Kochi,2006,99583,Petrol,Automatic,Third,5.0,2.21,12.0,1493.0,100.0,Honda,14,litre,2.1,0.22,9.545455,0.17500000000000002
Maruti SX4 ZXI MT BSIV,Mumbai,2010,72000,Petrol,Manual,First,5.0,2.4,15.5,1586.0,103.3,Maruti,10,litre,2.1,0.22,9.545455,0.13548387096774195
Toyota Corolla Altis G,Pune,2009,70000,Petrol,Manual,Third,5.0,3.0,14.53,1798.0,138.1,Toyota,11,litre,2.1,0.22,9.545455,0.1445285615966965
Volkswagen Vento Petrol Highline AT,Pune,2012,61000,Petrol,Automatic,Second,5.0,3.75,14.4,1598.0,103.6,Volkswagen,8,litre,2.1,0.22,9.545455,0.14583333333333334
Hyundai EON Era Plus,Pune,2015,66510,Petrol,Manual,First,5.0,2.95,21.1,814.0,55.2,Hyundai,5,litre,2.1,0.22,9.545455,0.0995260663507109
Skoda Laura Ambition 2.0 TDI CR MT,Hyderabad,2011,84062,Diesel,Manual,First,5.0,5.8,20.0,1968.0,108.5,Skoda,9,litre,2.51,0.24,10.45833,0.1255
Maruti Swift VDI,Hyderabad,2012,80799,Diesel,Manual,First,5.0,4.9,22.9,1248.0,74.0,Maruti,8,litre,2.51,0.24,10.45833,0.10960698689956332
Toyota Corolla Altis 1.8 VL CVT,Kolkata,2018,5000,Petrol,Automatic,First,5.0,16.95,14.28,1798.0,138.03,Toyota,2,litre,2.1,0.22,9.545455,0.14705882352941177
Toyota Innova 2.5 G (Diesel) 8 Seater,Hyderabad,2013,92000,Diesel,Manual,First,8.0,12.5,12.99,2494.0,100.0,Toyota,7,litre,2.51,0.24,10.45833,0.193225558121632
Tata Tiago Wizz 1.05 Revotorq,Hyderabad,2017,53000,Diesel,Manual,First,5.0,5.0,27.28,1047.0,69.0,Tata,3,litre,2.51,0.24,10.45833,0.09200879765395893
Skoda Rapid 1.6 MPI Ambition,Mumbai,2015,39822,Petrol,Manual,First,5.0,4.68,15.41,1598.0,103.52,Skoda,5,litre,2.1,0.22,9.545455,0.13627514600908502
Ford Endeavour 3.2 Titanium AT 4X4,Mumbai,2016,29000,Diesel,Automatic,First,7.0,29.8,10.91,3198.0,197.0,Ford,4,litre,2.51,0.24,10.45833,0.23006416131989
Renault KWID RXL,Kochi,2017,24214,Petrol,Manual,Second,5.0,3.46,25.17,799.0,53.3,Renault,3,litre,2.1,0.22,9.545455,0.08343265792610251
Hyundai i20 1.4 Asta CRDi with AVN,Pune,2012,75000,Diesel,Manual,First,5.0,4.0,23.0,1396.0,90.0,Hyundai,8,litre,2.51,0.24,10.45833,0.10913043478260868
Skoda Laura Ambiente,Chennai,2012,77216,Diesel,Manual,Second,5.0,4.5,17.5,1896.0,106.0,Skoda,8,litre,2.51,0.24,10.45833,0.1434285714285714
Toyota Corolla Altis Diesel D4DG,Kochi,2013,74290,Diesel,Manual,First,5.0,5.87,21.43,1364.0,87.2,Toyota,7,litre,2.51,0.24,10.45833,0.11712552496500232
Mahindra Scorpio S8 8 Seater,Delhi,2015,61000,Diesel,Manual,First,8.0,9.5,15.4,2179.0,120.0,Mahindra,5,litre,2.51,0.24,10.45833,0.16298701298701296
Audi Q5 2.0 TDI Premium Plus,Chennai,2013,44000,Diesel,Automatic,First,5.0,32.5,14.16,1968.0,174.3,Audi,7,litre,2.51,0.24,10.45833,0.1772598870056497
Chevrolet Enjoy TCDi LS 8 Seater,Coimbatore,2014,74041,Diesel,Manual,First,8.0,3.88,18.2,1248.0,73.8,Chevrolet,6,litre,2.51,0.24,10.45833,0.1379120879120879
BMW 3 Series 320d,Coimbatore,2013,85846,Diesel,Automatic,First,5.0,13.08,22.69,1995.0,190.0,BMW,7,litre,2.51,0.24,10.45833,0.11062141912736886
Nissan Sunny 2011-2014 Diesel XV,Delhi,2012,52000,Diesel,Manual,First,5.0,3.5,21.64,1461.0,84.8,Nissan,8,litre,2.51,0.24,10.45833,0.11598890942698704
Honda Accord 2.4 MT,Mumbai,2010,47000,Petrol,Manual,Second,5.0,3.5,12.8,2354.0,177.6,Honda,10,litre,2.1,0.22,9.545455,0.1640625
Hyundai Verna CRDi,Bangalore,2010,72010,Diesel,Manual,First,5.0,4.45,16.8,1493.0,110.0,Hyundai,10,litre,2.51,0.24,10.45833,0.14940476190476187
Maruti Omni E MPI STD BS IV,Jaipur,2015,15000,Petrol,Manual,First,8.0,2.35,16.8,796.0,34.2,Maruti,5,litre,2.1,0.22,9.545455,0.125
Honda City i VTEC SV,Kolkata,2015,480000,Petrol,Manual,First,5.0,5.0,17.4,1497.0,117.3,Honda,5,litre,2.1,0.22,9.545455,0.12068965517241381
Audi A7 2011-2015 Sportback,Kolkata,2012,24720,Diesel,Automatic,Second,5.0,28.0,0.0,2967.0,241.4,Audi,8,litre,2.51,0.24,10.45833,0.12352941176470589
Ford Fiesta 1.4 ZXi Leather,Chennai,2007,75000,Petrol,Manual,Second,5.0,2.0,16.6,1388.0,68.0,Ford,13,litre,2.1,0.22,9.545455,0.12650602409638553
Hyundai i20 1.4 Asta,Mumbai,2015,57000,Diesel,Manual,First,5.0,6.35,22.54,1396.0,88.73,Hyundai,5,litre,2.51,0.24,10.45833,0.11135758651286601
Mercedes-Benz E-Class E250 CDI Avantgrade,Kochi,2015,41057,Diesel,Automatic,First,5.0,24.63,13.0,2143.0,201.1,Mercedes-Benz,5,litre,2.51,0.24,10.45833,0.19307692307692306
Maruti Wagon R LXI CNG,Pune,2012,92000,CNG,Manual,Second,5.0,3.0,26.2,998.0,58.2,Maruti,8,kg,2.5625,0.18,14.23611,0.09780534351145038
Ford EcoSport 1.5 TDCi Trend Plus,Chennai,2016,20000,Diesel,Manual,First,5.0,7.9,22.77,1498.0,98.59,Ford,4,litre,2.51,0.24,10.45833,0.11023276240667544
Hyundai i20 1.2 Magna,Mumbai,2011,52359,Petrol,Manual,First,5.0,3.25,18.5,1197.0,80.0,Hyundai,9,litre,2.1,0.22,9.545455,0.11351351351351352
Honda City i VTEC V,Delhi,2016,17000,Petrol,Manual,Second,5.0,8.25,17.8,1497.0,117.3,Honda,4,litre,2.1,0.22,9.545455,0.11797752808988764
Nissan Micra Diesel XV,Kolkata,2011,39002,Diesel,Manual,First,5.0,2.85,23.08,1461.0,63.1,Nissan,9,litre,2.51,0.24,10.45833,0.10875216637781629
Ford Figo Diesel EXI,Pune,2010,129986,Diesel,Manual,Second,5.0,3.2,20.0,1399.0,68.0,Ford,10,litre,2.51,0.24,10.45833,0.1255
Nissan Micra XL,Kolkata,2013,45000,Petrol,Manual,First,5.0,1.75,18.44,1198.0,75.0,Nissan,7,litre,2.1,0.22,9.545455,0.113882863340564
Maruti Swift VDI BSIV,Kolkata,2013,41300,Diesel,Manual,First,5.0,3.38,17.8,1248.0,97.7,Maruti,7,litre,2.51,0.24,10.45833,0.14101123595505616
Honda Accord 2.4 MT,Ahmedabad,2009,82002,Petrol,Manual,Second,5.0,5.75,12.8,2354.0,177.6,Honda,11,litre,2.1,0.22,9.545455,0.1640625
Skoda Superb Elegance 1.8 TSI AT,Mumbai,2010,67000,Petrol,Automatic,First,5.0,4.7,13.7,1798.0,157.75,Skoda,10,litre,2.1,0.22,9.545455,0.15328467153284672
Maruti Omni 8 Seater BSIV,Hyderabad,2017,21260,Petrol,Manual,First,5.0,2.9,14.0,796.0,35.0,Maruti,3,litre,2.1,0.22,9.545455,0.15
Hyundai i20 Magna Optional 1.4 CRDi,Ahmedabad,2012,55362,Diesel,Manual,First,5.0,4.25,21.9,1396.0,88.8,Hyundai,8,litre,2.51,0.24,10.45833,0.11461187214611872
Hyundai Creta 1.6 CRDi AT SX Plus,Chennai,2017,13000,Diesel,Automatic,First,5.0,14.5,17.01,1582.0,126.2,Hyundai,3,litre,2.51,0.24,10.45833,0.14756025867136977
Maruti Swift VDI BSIV,Kochi,2016,45725,Diesel,Manual,First,5.0,5.34,25.2,1248.0,74.0,Maruti,4,litre,2.51,0.24,10.45833,0.0996031746031746
Maruti Swift LDI BSIV,Jaipur,2014,105000,Diesel,Manual,First,5.0,3.85,25.2,1248.0,74.0,Maruti,6,litre,2.51,0.24,10.45833,0.0996031746031746
Toyota Innova 2.5 G (Diesel) 8 Seater BS IV,Hyderabad,2009,156056,Diesel,Manual,First,8.0,8.5,12.8,2494.0,102.0,Toyota,11,litre,2.51,0.24,10.45833,0.19609374999999998
Hyundai Xcent 1.1 CRDi Base,Mumbai,2016,135000,Diesel,Manual,First,5.0,4.2,24.4,1120.0,71.0,Hyundai,4,litre,2.51,0.24,10.45833,0.10286885245901639
Maruti Ertiga Paseo VDI,Delhi,2016,67000,Diesel,Manual,First,7.0,6.75,20.77,1248.0,88.7,Maruti,4,litre,2.51,0.24,10.45833,0.12084737602311024
Ford Endeavour 3.2 Trend AT 4X4,Jaipur,2016,90000,Diesel,Automatic,First,7.0,26.0,10.91,3198.0,197.2,Ford,4,litre,2.51,0.24,10.45833,0.23006416131989
Hyundai i20 1.4 Sportz,Coimbatore,2019,32251,Diesel,Manual,First,5.0,8.61,22.54,1396.0,88.73,Hyundai,1,litre,2.51,0.24,10.45833,0.11135758651286601
Maruti Zen Estilo LXI BS IV,Mumbai,2009,47000,Petrol,Manual,First,5.0,1.46,19.0,998.0,67.1,Maruti,11,litre,2.1,0.22,9.545455,0.1105263157894737
Maruti Ritz VDi,Mumbai,2011,75308,Diesel,Manual,Second,5.0,2.8,21.1,1248.0,73.9,Maruti,9,litre,2.51,0.24,10.45833,0.11895734597156396
Maruti Alto K10 LXI CNG Optional,Kochi,2018,44202,CNG,Manual,First,4.0,4.0,32.26,998.0,58.2,Maruti,2,kg,2.5625,0.18,14.23611,0.07943273403595785
Honda City 1.5 S MT,Mumbai,2014,58000,Petrol,Manual,First,5.0,5.47,17.0,1497.0,118.0,Honda,6,litre,2.1,0.22,9.545455,0.12352941176470589
Maruti Swift Dzire ZXi,Mumbai,2009,60000,Petrol,Manual,First,5.0,2.45,17.5,1298.0,85.8,Maruti,11,litre,2.1,0.22,9.545455,0.12000000000000001
BMW X1 sDrive 20d Sportline,Hyderabad,2014,45000,Diesel,Automatic,First,5.0,21.5,17.05,1995.0,184.0,BMW,6,litre,2.51,0.24,10.45833,0.14721407624633429
Tata Manza Aqua Safire,Mumbai,2010,41195,Petrol,Manual,First,5.0,1.38,15.0,1368.0,90.0,Tata,10,litre,2.1,0.22,9.545455,0.14
Mahindra XUV500 W10 2WD,Chennai,2016,89000,Diesel,Manual,First,7.0,13.5,16.0,2179.0,140.0,Mahindra,4,litre,2.51,0.24,10.45833,0.156875
Hyundai i10 Sportz AT,Bangalore,2009,60510,Petrol,Automatic,Second,5.0,3.1,16.95,1197.0,78.9,Hyundai,11,litre,2.1,0.22,9.545455,0.12389380530973453
Maruti Baleno Sigma 1.2,Mumbai,2016,8500,Petrol,Manual,First,5.0,5.49,21.4,1197.0,83.1,Maruti,4,litre,2.1,0.22,9.545455,0.09813084112149534
Maruti Vitara Brezza ZDi Plus Dual Tone,Kochi,2017,35981,Diesel,Manual,First,5.0,9.51,24.3,1248.0,88.5,Maruti,3,litre,2.51,0.24,10.45833,0.10329218106995884
Ford Figo Petrol ZXI,Mumbai,2012,23152,Petrol,Manual,First,5.0,2.39,15.6,1196.0,70.02,Ford,8,litre,2.1,0.22,9.545455,0.13461538461538464
Maruti Wagon R CNG LXI,Delhi,2014,74663,CNG,Manual,First,5.0,3.25,33.54,998.0,67.04,Maruti,6,kg,2.5625,0.18,14.23611,0.07640131186642815
Volkswagen Vento Sport 1.2 TSI AT,Mumbai,2014,61529,Petrol,Automatic,First,5.0,5.65,18.19,1197.0,103.5,Volkswagen,6,litre,2.1,0.22,9.545455,0.11544804837822979
Mahindra Xylo D2 BS III,Ahmedabad,2010,91596,Diesel,Manual,First,7.0,1.85,14.95,2489.0,93.7,Mahindra,10,litre,2.51,0.24,10.45833,0.16789297658862876
Porsche Cayenne Base,Kochi,2019,14298,Petrol,Automatic,First,5.0,2.02,13.33,2995.0,340.0,Porsche,1,litre,2.1,0.22,9.545455,0.15753938484621155
Maruti Swift Dzire VDi,Hyderabad,2013,83327,Diesel,Manual,First,5.0,5.8,19.3,1248.0,73.9,Maruti,7,litre,2.51,0.24,10.45833,0.13005181347150258
Volkswagen Polo 1.2 MPI Highline Plus,Hyderabad,2017,22857,Petrol,Manual,First,5.0,6.9,16.2,1199.0,74.0,Volkswagen,3,litre,2.1,0.22,9.545455,0.12962962962962965
Hyundai Verna 1.6 VTVT,Chennai,2013,34620,Petrol,Manual,Second,5.0,5.35,17.01,1591.0,121.3,Hyundai,7,litre,2.1,0.22,9.545455,0.12345679012345678
Hyundai i10 Era 1.1,Bangalore,2010,56000,Petrol,Manual,First,5.0,2.85,19.81,1086.0,68.05,Hyundai,10,litre,2.1,0.22,9.545455,0.1060070671378092
Mercedes-Benz E-Class E250 CDI Launch Edition,Chennai,2014,81000,Diesel,Automatic,First,5.0,22.75,13.0,2143.0,204.0,Mercedes-Benz,6,litre,2.51,0.24,10.45833,0.19307692307692306
Maruti Zen LXI,Jaipur,1998,95150,Petrol,Manual,Third,5.0,0.45,17.3,993.0,60.0,Maruti,22,litre,2.1,0.22,9.545455,0.12138728323699421
Hyundai i10 Sportz,Coimbatore,2013,32776,Petrol,Manual,First,5.0,4.64,20.36,1197.0,78.9,Hyundai,7,litre,2.1,0.22,9.545455,0.1031434184675835
Honda Amaze S i-Dtech,Coimbatore,2016,51587,Diesel,Manual,First,5.0,5.27,25.8,1498.0,98.6,Honda,4,litre,2.51,0.24,10.45833,0.09728682170542635
Tata Safari Storme VX,Jaipur,2016,36000,Diesel,Manual,First,7.0,10.0,14.1,2179.0,148.0,Tata,4,litre,2.51,0.24,10.45833,0.1780141843971631
Honda Brio 1.2 S MT,Mumbai,2015,22000,Petrol,Manual,First,5.0,3.95,18.5,1198.0,86.8,Honda,5,litre,2.1,0.22,9.545455,0.11351351351351352
Hyundai i20 Asta,Kochi,2010,30754,Petrol,Manual,First,5.0,3.38,17.0,1197.0,80.0,Hyundai,10,litre,2.1,0.22,9.545455,0.12352941176470589
Volkswagen Jetta 2012-2014 1.4 TSI,Coimbatore,2018,37109,Petrol,Manual,First,5.0,16.8,14.69,1390.0,120.33,Volkswagen,2,litre,2.1,0.22,9.545455,0.14295439074200136
Honda Jazz Select Edition,Kolkata,2010,45000,Petrol,Manual,First,5.0,1.99,16.7,1198.0,88.8,Honda,10,litre,2.1,0.22,9.545455,0.125748502994012
Hyundai Grand i10 Sportz,Coimbatore,2017,33284,Petrol,Manual,First,5.0,5.84,18.9,1197.0,82.0,Hyundai,3,litre,2.1,0.22,9.545455,0.11111111111111112
Jaguar XF Diesel,Coimbatore,2016,55115,Diesel,Automatic,First,5.0,36.15,14.74,2993.0,270.9,Jaguar,4,litre,2.51,0.24,10.45833,0.17028493894165533
Jaguar XF 2.2 Litre Luxury,Kolkata,2014,18000,Diesel,Automatic,First,5.0,25.7,16.36,2179.0,187.7,Jaguar,6,litre,2.51,0.24,10.45833,0.15342298288508557
Mahindra XUV500 W8 2WD,Coimbatore,2013,130790,Diesel,Manual,First,7.0,9.24,16.0,2179.0,140.0,Mahindra,7,litre,2.51,0.24,10.45833,0.156875
Maruti S Cross DDiS 320 Alpha,Delhi,2015,16607,Diesel,Manual,First,5.0,7.65,22.7,1598.0,118.0,Maruti,5,litre,2.51,0.24,10.45833,0.11057268722466959
Audi A4 2.0 TDI 177 Bhp Premium Plus,Coimbatore,2015,32205,Diesel,Automatic,First,5.0,25.31,17.11,1968.0,174.33,Audi,5,litre,2.51,0.24,10.45833,0.146697837521917
Renault Duster 110PS Diesel RxZ,Delhi,2013,67000,Diesel,Manual,First,5.0,4.75,19.01,1461.0,108.45,Renault,7,litre,2.51,0.24,10.45833,0.13203577064702784
Maruti Swift Dzire VXI,Coimbatore,2014,57676,Petrol,Manual,First,5.0,6.69,19.1,1197.0,85.8,Maruti,6,litre,2.1,0.22,9.545455,0.10994764397905758
Volkswagen Polo Petrol Trendline 1.2L,Mumbai,2012,41000,Petrol,Manual,First,5.0,3.1,16.47,1198.0,73.9,Volkswagen,8,litre,2.1,0.22,9.545455,0.12750455373406194
Maruti Omni 8 Seater BSII,Jaipur,2012,65000,Petrol,Manual,First,8.0,1.55,19.7,796.0,35.0,Maruti,8,litre,2.1,0.22,9.545455,0.10659898477157362
Hyundai Grand i10 1.2 Kappa Magna AT,Coimbatore,2019,12153,Petrol,Automatic,First,5.0,6.84,18.9,1197.0,81.86,Hyundai,1,litre,2.1,0.22,9.545455,0.11111111111111112
Tata Nano Twist XT,Hyderabad,2014,16810,Petrol,Manual,First,4.0,1.6,25.4,624.0,37.5,Tata,6,litre,2.1,0.22,9.545455,0.08267716535433071
Audi A4 30 TFSI Premium Plus,Kochi,2017,61221,Petrol,Automatic,First,5.0,21.73,17.84,1395.0,147.51,Audi,3,litre,2.1,0.22,9.545455,0.11771300448430494
Volkswagen Polo 1.2 MPI Highline,Mumbai,2015,22000,Petrol,Manual,First,5.0,4.75,16.47,1198.0,74.0,Volkswagen,5,litre,2.1,0.22,9.545455,0.12750455373406194
Maruti Alto 800 LXI,Chennai,2015,63714,Petrol,Manual,First,5.0,2.45,22.74,796.0,47.3,Maruti,5,litre,2.1,0.22,9.545455,0.09234828496042218
Mini Cooper 5 DOOR D,Kochi,2019,14857,Diesel,Automatic,First,5.0,31.55,20.7,1496.0,113.98,Mini,1,litre,2.51,0.24,10.45833,0.121256038647343
Audi A4 New 2.0 TDI Multitronic,Delhi,2012,69000,Diesel,Automatic,Second,5.0,10.25,15.2,1968.0,140.8,Audi,8,litre,2.51,0.24,10.45833,0.1651315789473684
Ford Endeavour Titanium 4X2,Coimbatore,2019,14648,Diesel,Manual,First,7.0,27.36,12.62,2198.0,158.0,Ford,1,litre,2.51,0.24,10.45833,0.19889064976228207
Ford Ecosport 1.5 Ti VCT MT Titanium,Hyderabad,2013,100000,Petrol,Manual,Second,5.0,6.5,15.8,1499.0,110.0,Ford,7,litre,2.1,0.22,9.545455,0.13291139240506328
Hyundai Grand i10 Magna,Jaipur,2016,22000,Petrol,Manual,First,5.0,4.25,18.9,1197.0,82.0,Hyundai,4,litre,2.1,0.22,9.545455,0.11111111111111112
Chevrolet Sail 1.2 LS,Mumbai,2014,10000,Petrol,Manual,First,5.0,5.5,18.2,1199.0,82.4,Chevrolet,6,litre,2.1,0.22,9.545455,0.11538461538461539
Maruti Swift Dzire LXI,Kolkata,2015,107000,Petrol,Manual,First,5.0,4.0,20.85,1197.0,83.14,Maruti,5,litre,2.1,0.22,9.545455,0.10071942446043165
Tata Zest Revotron 1.2T XM,Kochi,2017,48198,Petrol,Manual,First,5.0,4.65,17.57,1193.0,88.7,Tata,3,litre,2.1,0.22,9.545455,0.11952191235059761
Mercedes-Benz New C-Class C 220 CDI Avantgarde,Delhi,2015,15000,Diesel,Automatic,First,5.0,28.5,19.27,2143.0,170.0,Mercedes-Benz,5,litre,2.51,0.24,10.45833,0.1302542812662169
Chevrolet Cruze LTZ,Coimbatore,2014,80073,Diesel,Manual,First,5.0,7.11,17.3,1998.0,163.7,Chevrolet,6,litre,2.51,0.24,10.45833,0.14508670520231212
Maruti Ritz VDi,Hyderabad,2013,85388,Diesel,Manual,First,5.0,3.9,21.1,1248.0,73.9,Maruti,7,litre,2.51,0.24,10.45833,0.11895734597156396
Hyundai Grand i10 1.2 Kappa Sportz Option,Jaipur,2017,14700,Petrol,Manual,First,5.0,5.6,18.9,1197.0,81.86,Hyundai,3,litre,2.1,0.22,9.545455,0.11111111111111112
Maruti Dzire LDI,Pune,2012,150000,Diesel,Manual,Third,5.0,2.25,28.4,1248.0,73.75,Maruti,8,litre,2.51,0.24,10.45833,0.08838028169014084
Hyundai Verna 1.6 SX,Kolkata,2011,34994,Diesel,Manual,First,5.0,3.9,22.32,1582.0,126.32,Hyundai,9,litre,2.51,0.24,10.45833,0.11245519713261648
Jaguar XF Diesel,Coimbatore,2014,82536,Diesel,Automatic,First,5.0,28.63,14.74,2993.0,270.9,Jaguar,6,litre,2.51,0.24,10.45833,0.17028493894165533
Skoda Superb Elegance 1.8 TSI AT,Delhi,2013,82000,Petrol,Automatic,First,5.0,7.25,13.7,1798.0,157.75,Skoda,7,litre,2.1,0.22,9.545455,0.15328467153284672
Maruti Wagon R LXI,Pune,2006,52000,Petrol,Manual,Second,5.0,2.0,18.9,998.0,67.1,Maruti,14,litre,2.1,0.22,9.545455,0.11111111111111112
Volkswagen Polo Petrol Highline 1.2L,Mumbai,2011,20000,Petrol,Manual,First,5.0,3.5,16.47,1198.0,73.9,Volkswagen,9,litre,2.1,0.22,9.545455,0.12750455373406194
Honda Civic 2010-2013 1.8 S MT,Hyderabad,2011,55000,Petrol,Manual,First,5.0,5.0,14.8,1799.0,130.2,Honda,9,litre,2.1,0.22,9.545455,0.14189189189189189
Maruti Eeco CNG 5 Seater AC,Ahmedabad,2015,47001,CNG,Manual,First,5.0,3.72,20.0,1196.0,63.0,Maruti,5,kg,2.5625,0.18,14.23611,0.128125
Maruti Wagon R VXI,Chennai,2014,52000,Petrol,Manual,First,5.0,3.45,22.5,998.0,67.04,Maruti,6,litre,2.1,0.22,9.545455,0.09333333333333334
Maruti Swift Dzire VDI,Kolkata,2013,43284,Diesel,Manual,First,5.0,4.5,23.4,1248.0,74.0,Maruti,7,litre,2.51,0.24,10.45833,0.10726495726495726
Hyundai Creta 1.6 SX Plus Petrol Automatic,Coimbatore,2018,23875,Petrol,Automatic,First,5.0,14.36,13.0,1591.0,121.3,Hyundai,2,litre,2.1,0.22,9.545455,0.16153846153846155
Hyundai Grand i10 Asta,Bangalore,2016,51866,Petrol,Manual,First,5.0,5.5,18.9,1197.0,82.0,Hyundai,4,litre,2.1,0.22,9.545455,0.11111111111111112
Nissan Micra Diesel XV Premium,Mumbai,2013,69000,Diesel,Manual,First,5.0,3.0,23.08,1461.0,63.1,Nissan,7,litre,2.51,0.24,10.45833,0.10875216637781629
Hyundai Grand i10 1.2 Kappa Asta,Coimbatore,2017,62788,Petrol,Manual,First,5.0,6.08,18.9,1197.0,81.86,Hyundai,3,litre,2.1,0.22,9.545455,0.11111111111111112
Volkswagen Vento Diesel Highline,Chennai,2013,150000,Diesel,Manual,First,5.0,5.0,20.54,1598.0,103.6,Volkswagen,7,litre,2.51,0.24,10.45833,0.12220058422590067
Toyota Fortuner 4x2 AT,Kochi,2015,47566,Diesel,Automatic,First,7.0,20.25,12.55,2982.0,168.5,Toyota,5,litre,2.51,0.24,10.45833,0.19999999999999998
Hyundai Santro GS zipDrive - Euro II,Chennai,2002,67000,Petrol,Manual,Third,5.0,1.2,0.0,999.0,97.7,Hyundai,18,litre,2.1,0.22,9.545455,0.12352941176470589
Toyota Innova Crysta 2.8 GX AT,Pune,2018,20300,Diesel,Automatic,First,7.0,18.0,11.36,2755.0,171.5,Toyota,2,litre,2.51,0.24,10.45833,0.2209507042253521
Mercedes-Benz A Class A180 CDI,Pune,2015,48300,Diesel,Automatic,First,5.0,17.5,20.0,2143.0,107.3,Mercedes-Benz,5,litre,2.51,0.24,10.45833,0.1255
Hyundai EON D Lite,Pune,2013,30000,Petrol,Manual,First,5.0,2.1,21.1,814.0,55.2,Hyundai,7,litre,2.1,0.22,9.545455,0.0995260663507109
Hyundai Elantra CRDi SX,Bangalore,2012,36000,Diesel,Manual,Second,5.0,7.5,22.7,1582.0,126.24,Hyundai,8,litre,2.51,0.24,10.45833,0.11057268722466959
Mini Cooper 3 DOOR D,Kochi,2015,27641,Diesel,Automatic,Second,4.0,24.77,20.7,1496.0,113.98,Mini,5,litre,2.51,0.24,10.45833,0.121256038647343
Renault Duster 110PS Diesel RXZ Option,Bangalore,2015,60000,Diesel,Manual,First,5.0,8.65,19.64,1461.0,108.45,Renault,5,litre,2.51,0.24,10.45833,0.12780040733197554
Ford Endeavour 3.2 Titanium AT 4X4,Chennai,2019,9000,Diesel,Automatic,First,7.0,35.5,10.91,3198.0,197.0,Ford,1,litre,2.51,0.24,10.45833,0.23006416131989
Toyota Corolla Altis GL MT,Delhi,2014,60750,Petrol,Manual,First,5.0,10.5,14.28,1798.0,138.03,Toyota,6,litre,2.1,0.22,9.545455,0.14705882352941177
Mahindra XUV500 W7,Delhi,2018,9000,Diesel,Manual,First,7.0,13.0,14.0,2179.0,155.0,Mahindra,2,litre,2.51,0.24,10.45833,0.17928571428571427
BMW 7 Series 730Ld Design Pure Excellence CBU,Kolkata,2012,41100,Diesel,Automatic,First,5.0,26.5,16.77,2993.0,261.49,BMW,8,litre,2.51,0.24,10.45833,0.14967203339296362
Maruti Wagon R LX BSIII,Ahmedabad,2004,60000,Petrol,Manual,Second,5.0,1.4,17.3,1061.0,64.0,Maruti,16,litre,2.1,0.22,9.545455,0.12138728323699421
Honda City i VTEC SV,Kochi,2017,38424,Petrol,Manual,First,5.0,7.51,17.8,1497.0,117.3,Honda,3,litre,2.1,0.22,9.545455,0.11797752808988764
Maruti Swift VDI,Delhi,2014,50000,Diesel,Manual,First,5.0,4.3,22.9,1248.0,74.0,Maruti,6,litre,2.51,0.24,10.45833,0.10960698689956332
Honda City i-VTEC CVT VX,Mumbai,2015,19000,Petrol,Automatic,First,5.0,8.95,18.0,1497.0,117.3,Honda,5,litre,2.1,0.22,9.545455,0.11666666666666667
Maruti Ertiga VDI,Kochi,2015,58734,Diesel,Manual,First,7.0,6.91,20.77,1248.0,88.76,Maruti,5,litre,2.51,0.24,10.45833,0.12084737602311024
Renault Duster 110PS Diesel RxZ,Coimbatore,2016,65257,Diesel,Manual,First,5.0,9.75,19.01,1461.0,108.45,Renault,4,litre,2.51,0.24,10.45833,0.13203577064702784
Maruti Swift Dzire VDi,Jaipur,2010,130000,Diesel,Manual,Second,5.0,4.0,19.3,1248.0,73.9,Maruti,10,litre,2.51,0.24,10.45833,0.13005181347150258
Maruti Ritz VDi,Hyderabad,2011,79000,Diesel,Manual,First,5.0,3.65,23.2,1248.0,73.94,Maruti,9,litre,2.51,0.24,10.45833,0.10818965517241379
Mahindra XUV500 W8 4WD,Chennai,2013,78000,Diesel,Manual,First,7.0,10.75,15.1,2179.0,140.0,Mahindra,7,litre,2.51,0.24,10.45833,0.1662251655629139
Honda Brio S MT,Kochi,2015,49133,Petrol,Manual,First,5.0,4.51,19.4,1198.0,86.8,Honda,5,litre,2.1,0.22,9.545455,0.10824742268041239
Mercedes-Benz M-Class ML 350 4Matic,Coimbatore,2016,22769,Diesel,Automatic,First,5.0,49.22,0.0,2987.0,165.0,Mercedes-Benz,4,litre,2.51,0.24,10.45833,0.12352941176470589
Tata Manza Club Class Quadrajet90 LS,Coimbatore,2014,54448,Diesel,Manual,First,5.0,3.7,21.02,1248.0,88.8,Tata,6,litre,2.51,0.24,10.45833,0.11941008563273073
Toyota Innova 2.5 V Diesel 7-seater,Hyderabad,2014,158793,Diesel,Manual,First,7.0,12.99,12.8,2494.0,102.0,Toyota,6,litre,2.51,0.24,10.45833,0.19609374999999998
Maruti Swift VXI,Delhi,2015,62088,Petrol,Manual,First,5.0,4.15,18.6,1197.0,85.8,Maruti,5,litre,2.1,0.22,9.545455,0.11290322580645161
Hyundai Verna 1.6 EX VTVT,Kolkata,2012,14800,Petrol,Manual,First,5.0,4.4,17.01,1591.0,121.3,Hyundai,8,litre,2.1,0.22,9.545455,0.12345679012345678
Honda Mobilio S i VTEC,Kolkata,2015,26000,Petrol,Manual,First,7.0,4.25,17.3,1497.0,117.3,Honda,5,litre,2.1,0.22,9.545455,0.12138728323699421
Honda Amaze S i-Vtech,Mumbai,2017,32005,Petrol,Manual,First,5.0,4.25,18.0,1198.0,86.7,Honda,3,litre,2.1,0.22,9.545455,0.11666666666666667
Honda City i-VTEC CVT VX,Jaipur,2017,35000,Petrol,Automatic,First,5.0,7.7,18.0,1497.0,117.3,Honda,3,litre,2.1,0.22,9.545455,0.11666666666666667
Land Rover Range Rover 2.2L Dynamic,Pune,2015,52000,Diesel,Automatic,First,5.0,39.75,12.7,2179.0,187.7,Land,5,litre,2.51,0.24,10.45833,0.19763779527559056
Honda City i-VTEC V,Mumbai,2017,11000,Petrol,Manual,First,5.0,8.5,17.4,1497.0,117.3,Honda,3,litre,2.1,0.22,9.545455,0.12068965517241381
Mercedes-Benz E-Class 280 Elegance,Jaipur,2008,62000,Petrol,Automatic,First,5.0,7.0,9.5,2997.0,231.1,Mercedes-Benz,12,litre,2.1,0.22,9.545455,0.2210526315789474
Ford Ikon 1.3 Flair,Chennai,2002,65134,Petrol,Manual,Third,5.0,0.8,13.8,1299.0,70.0,Ford,18,litre,2.1,0.22,9.545455,0.15217391304347827
Toyota Fortuner 4x2 Manual,Delhi,2013,71000,Diesel,Manual,First,7.0,15.25,13.0,2982.0,168.5,Toyota,7,litre,2.51,0.24,10.45833,0.19307692307692306
Maruti A-Star Vxi,Hyderabad,2008,51366,Petrol,Manual,First,5.0,2.25,19.0,998.0,66.1,Maruti,12,litre,2.1,0.22,9.545455,0.1105263157894737
Tata Sumo EX,Kolkata,2016,46300,Diesel,Manual,First,7.0,4.85,14.07,1948.0,83.1,Tata,4,litre,2.51,0.24,10.45833,0.17839374555792464
Honda City V AT,Coimbatore,2012,60908,Petrol,Automatic,Second,5.0,6.42,15.6,1497.0,116.3,Honda,8,litre,2.1,0.22,9.545455,0.13461538461538464
Nissan Micra XV D,Chennai,2012,93450,Diesel,Manual,Second,5.0,2.5,23.19,1461.0,63.12,Nissan,8,litre,2.51,0.24,10.45833,0.10823630875377316
Hyundai Verna SX CRDi AT,Hyderabad,2011,104000,Diesel,Automatic,First,5.0,5.75,19.08,1582.0,126.32,Hyundai,9,litre,2.51,0.24,10.45833,0.13155136268343814
Maruti 800 Std,Pune,2003,52000,Petrol,Manual,First,4.0,0.5,16.1,796.0,37.0,Maruti,17,litre,2.1,0.22,9.545455,0.13043478260869565
Mahindra XUV500 W8 4WD,Coimbatore,2015,42999,Diesel,Manual,First,7.0,11.52,15.1,2179.0,140.0,Mahindra,5,litre,2.51,0.24,10.45833,0.1662251655629139
Maruti SX4 VDI,Delhi,2014,90000,Diesel,Manual,First,5.0,4.5,21.5,1248.0,88.8,Maruti,6,litre,2.51,0.24,10.45833,0.11674418604651161
Hyundai i20 Sportz AT 1.4,Bangalore,2013,72000,Petrol,Automatic,First,5.0,4.75,15.0,1396.0,98.6,Hyundai,7,litre,2.1,0.22,9.545455,0.14
Hyundai Creta 1.6 CRDi SX,Coimbatore,2019,54321,Diesel,Manual,First,5.0,13.54,19.67,1582.0,126.2,Hyundai,1,litre,2.51,0.24,10.45833,0.1276054905948144
Mercedes-Benz E-Class E250 CDI Avantgrade,Kochi,2015,59630,Diesel,Automatic,First,5.0,23.41,13.0,2143.0,201.1,Mercedes-Benz,5,litre,2.51,0.24,10.45833,0.19307692307692306
Toyota Fortuner 4x2 AT,Hyderabad,2013,116000,Diesel,Automatic,Second,7.0,19.25,12.55,2982.0,168.5,Toyota,7,litre,2.51,0.24,10.45833,0.19999999999999998
Volvo S60 D4 KINETIC,Ahmedabad,2015,34000,Diesel,Automatic,First,5.0,20.0,9.0,1984.0,181.0,Volvo,5,litre,2.51,0.24,10.45833,0.27888888888888885
Mercedes-Benz E-Class 2009-2013 E250 CDI Avantgarde,Delhi,2011,70000,Diesel,Automatic,First,5.0,13.0,14.21,2143.0,203.0,Mercedes-Benz,9,litre,2.51,0.24,10.45833,0.17663617171006332
Honda Accord 2.4 Elegance M/T,Chennai,2010,80000,Petrol,Manual,First,5.0,3.99,10.2,2354.0,180.0,Honda,10,litre,2.1,0.22,9.545455,0.2058823529411765
Honda Amaze S i-Dtech,Pune,2015,110000,Diesel,Manual,First,5.0,4.65,25.8,1498.0,98.6,Honda,5,litre,2.51,0.24,10.45833,0.09728682170542635
Maruti Dzire ZDI,Ahmedabad,2013,56454,Diesel,Manual,First,5.0,4.65,28.4,1248.0,73.75,Maruti,7,litre,2.51,0.24,10.45833,0.08838028169014084
Maruti Swift LXI,Kolkata,2013,60000,Petrol,Manual,First,5.0,3.15,18.6,1197.0,85.8,Maruti,7,litre,2.1,0.22,9.545455,0.11290322580645161
Toyota Corolla Altis G HV AT,Delhi,2013,56000,Petrol,Automatic,First,5.0,8.25,14.53,1798.0,138.1,Toyota,7,litre,2.1,0.22,9.545455,0.1445285615966965
Land Rover Range Rover Vogue SE 4.4 SDV8,Bangalore,2012,63000,Diesel,Automatic,Second,5.0,65.0,11.49,4367.0,335.3,Land,8,litre,2.51,0.24,10.45833,0.21845082680591818
Maruti Swift VDI,Chennai,2012,63000,Diesel,Manual,First,5.0,4.5,22.9,1248.0,74.0,Maruti,8,litre,2.51,0.24,10.45833,0.10960698689956332
Jeep Compass 2.0 Limited Option 4X4,Kolkata,2017,15050,Diesel,Manual,First,5.0,17.5,16.3,1956.0,170.0,Jeep,3,litre,2.51,0.24,10.45833,0.15398773006134966
Maruti Swift VXI BSIV,Mumbai,2016,29401,Petrol,Manual,First,5.0,4.31,20.4,1197.0,81.8,Maruti,4,litre,2.1,0.22,9.545455,0.10294117647058824
Honda Jazz 1.2 SV i VTEC,Kochi,2016,25238,Petrol,Manual,First,5.0,6.2,18.7,1199.0,88.7,Honda,4,litre,2.1,0.22,9.545455,0.11229946524064172
Toyota Etios GD,Chennai,2011,79000,Diesel,Manual,First,5.0,4.67,23.59,1364.0,97.7,Toyota,9,litre,2.51,0.24,10.45833,0.10640101738024586
Volkswagen Polo Petrol Trendline 1.2L,Kochi,2011,58752,Petrol,Manual,First,5.0,3.32,16.47,1198.0,73.9,Volkswagen,9,litre,2.1,0.22,9.545455,0.12750455373406194
Honda Civic 2006-2010 1.8 V AT,Delhi,2011,62000,Petrol,Automatic,First,5.0,3.75,12.9,1799.0,130.0,Honda,9,litre,2.1,0.22,9.545455,0.16279069767441862
Toyota Etios G SP,Bangalore,2013,132000,Petrol,Manual,First,5.0,4.7,16.78,1496.0,88.73,Toyota,7,litre,2.1,0.22,9.545455,0.12514898688915374
Hyundai Verna 1.6 SX VTVT,Chennai,2016,51000,Petrol,Manual,First,5.0,6.5,17.01,1591.0,121.3,Hyundai,4,litre,2.1,0.22,9.545455,0.12345679012345678
Toyota Innova 2.5 G4 Diesel 8-seater,Hyderabad,2009,185200,Diesel,Manual,First,8.0,7.25,12.8,2494.0,102.0,Toyota,11,litre,2.51,0.24,10.45833,0.19609374999999998
Maruti SX4 S Cross DDiS 320 Zeta,Coimbatore,2016,61717,Diesel,Manual,First,5.0,8.94,22.7,1598.0,118.0,Maruti,4,litre,2.51,0.24,10.45833,0.11057268722466959
Ford Freestyle Titanium Plus Petrol,Kolkata,2018,8896,Petrol,Manual,First,5.0,7.34,19.0,1194.0,94.68,Ford,2,litre,2.1,0.22,9.545455,0.1105263157894737
Maruti Baleno Alpha 1.2,Delhi,2016,17000,Petrol,Manual,First,5.0,6.9,21.4,1197.0,83.1,Maruti,4,litre,2.1,0.22,9.545455,0.09813084112149534
Honda Jazz V,Mumbai,2016,31378,Petrol,Manual,First,5.0,5.9,18.2,1199.0,88.7,Honda,4,litre,2.1,0.22,9.545455,0.11538461538461539
Hyundai Verna 1.6 CRDi EX AT,Pune,2013,114000,Diesel,Automatic,First,5.0,6.75,22.32,1582.0,126.3,Hyundai,7,litre,2.51,0.24,10.45833,0.11245519713261648
Honda Amaze VX i-DTEC,Ahmedabad,2014,81000,Diesel,Manual,First,5.0,4.1,25.8,1498.0,98.6,Honda,6,litre,2.51,0.24,10.45833,0.09728682170542635
Audi Q3 30 TDI Premium FWD,Mumbai,2017,31000,Diesel,Automatic,First,5.0,27.0,18.51,1968.0,147.51,Audi,3,litre,2.51,0.24,10.45833,0.13560237709346298
Skoda Rapid 2013-2016 1.6 MPI Ambition,Mumbai,2014,35000,Petrol,Manual,First,5.0,4.5,15.0,1598.0,103.52,Skoda,6,litre,2.1,0.22,9.545455,0.14
Audi A4 2.0 TDI 177 Bhp Premium Plus,Kolkata,2013,60001,Diesel,Automatic,First,5.0,14.5,17.11,1968.0,174.33,Audi,7,litre,2.51,0.24,10.45833,0.146697837521917
Maruti Swift Dzire VDI,Jaipur,2014,75074,Diesel,Manual,First,5.0,5.25,23.4,1248.0,74.0,Maruti,6,litre,2.51,0.24,10.45833,0.10726495726495726
Tata Indica Vista Quadrajet LS,Kolkata,2012,80000,Diesel,Manual,Second,5.0,1.2,22.3,1248.0,74.0,Tata,8,litre,2.51,0.24,10.45833,0.11255605381165917
Toyota Innova 2.5 G (Diesel) 8 Seater,Jaipur,2006,147350,Diesel,Manual,Second,8.0,4.95,12.99,2494.0,100.6,Toyota,14,litre,2.51,0.24,10.45833,0.193225558121632
Renault Duster 110PS Diesel RxZ Plus,Hyderabad,2013,60000,Diesel,Manual,First,5.0,7.5,19.64,1461.0,108.45,Renault,7,litre,2.51,0.24,10.45833,0.12780040733197554
Mercedes-Benz E-Class E400 Cabriolet,Kolkata,2015,7501,Petrol,Automatic,First,4.0,48.0,10.0,2996.0,333.0,Mercedes-Benz,5,litre,2.1,0.22,9.545455,0.21000000000000002
Honda Amaze S i-Dtech,Delhi,2015,58000,Diesel,Manual,First,5.0,4.45,25.8,1498.0,98.6,Honda,5,litre,2.51,0.24,10.45833,0.09728682170542635
Mercedes-Benz GLE 350d,Coimbatore,2018,29277,Diesel,Automatic,First,5.0,59.65,11.57,2987.0,254.79,Mercedes-Benz,2,litre,2.51,0.24,10.45833,0.21694036300777872
Maruti Ritz VDi,Kochi,2015,57034,Diesel,Manual,First,5.0,4.38,23.2,1248.0,73.94,Maruti,5,litre,2.51,0.24,10.45833,0.10818965517241379
Maruti Ciaz ZDi Plus SHVS,Kochi,2016,40810,Diesel,Manual,First,5.0,7.9,28.09,1248.0,88.5,Maruti,4,litre,2.51,0.24,10.45833,0.08935564257742969
Hyundai Santro Xing GL,Bangalore,2008,35268,Petrol,Manual,Second,5.0,1.88,0.0,1086.0,62.0,Hyundai,12,litre,2.1,0.22,9.545455,0.12352941176470589
BMW 5 Series 520d Sedan,Mumbai,2008,81000,Diesel,Automatic,Second,5.0,10.5,18.48,1493.0,97.7,BMW,12,litre,2.51,0.24,10.45833,0.13582251082251082
Maruti Baleno Delta CVT,Coimbatore,2018,34630,Petrol,Automatic,First,5.0,7.29,21.4,1197.0,83.1,Maruti,2,litre,2.1,0.22,9.545455,0.09813084112149534
Ford Fiesta Diesel Titanium Plus,Hyderabad,2012,45122,Diesel,Manual,First,5.0,6.0,23.5,1498.0,88.7,Ford,8,litre,2.51,0.24,10.45833,0.10680851063829787
Mahindra XUV500 W8 2WD,Chennai,2011,126000,Diesel,Manual,Third,7.0,6.7,16.0,2179.0,140.0,Mahindra,9,litre,2.51,0.24,10.45833,0.156875
Maruti Alto LXi,Jaipur,2009,63000,Petrol,Manual,First,5.0,1.5,19.7,796.0,46.3,Maruti,11,litre,2.1,0.22,9.545455,0.10659898477157362
Mini Cooper 3 DOOR D,Kochi,2016,32298,Diesel,Automatic,First,4.0,23.8,20.7,1496.0,113.98,Mini,4,litre,2.51,0.24,10.45833,0.121256038647343
Mahindra XUV500 W8 4WD,Kochi,2014,63288,Diesel,Manual,First,7.0,7.77,15.1,2179.0,140.0,Mahindra,6,litre,2.51,0.24,10.45833,0.1662251655629139
Hyundai Santro Xing GLS,Coimbatore,2012,43337,Petrol,Manual,First,5.0,3.32,17.92,1086.0,62.1,Hyundai,8,litre,2.1,0.22,9.545455,0.1171875
Maruti Swift VDI,Kochi,2015,46561,Diesel,Manual,First,5.0,4.94,22.9,1248.0,74.0,Maruti,5,litre,2.51,0.24,10.45833,0.10960698689956332
Mercedes-Benz A Class A180 CDI,Delhi,2013,34000,Diesel,Automatic,Second,5.0,11.0,20.0,2143.0,107.3,Mercedes-Benz,7,litre,2.51,0.24,10.45833,0.1255
Renault KWID RXT,Hyderabad,2016,48000,Petrol,Manual,First,5.0,3.4,25.17,799.0,53.3,Renault,4,litre,2.1,0.22,9.545455,0.08343265792610251
Maruti Swift VDI,Kochi,2013,56263,Diesel,Manual,First,5.0,4.17,22.9,1248.0,74.0,Maruti,7,litre,2.51,0.24,10.45833,0.10960698689956332
Maruti Zen LXI,Hyderabad,2005,84060,Petrol,Manual,Second,5.0,1.25,17.3,993.0,60.0,Maruti,15,litre,2.1,0.22,9.545455,0.12138728323699421
Hyundai Grand i10 Magna AT,Mumbai,2016,9000,Petrol,Automatic,First,5.0,5.45,18.9,1197.0,82.0,Hyundai,4,litre,2.1,0.22,9.545455,0.11111111111111112
Tata Manza Aura Quadrajet BS IV,Jaipur,2012,79000,Diesel,Manual,First,5.0,2.59,21.12,1248.0,88.8,Tata,8,litre,2.51,0.24,10.45833,0.11884469696969695
Mahindra XUV500 W10 AWD,Pune,2015,87900,Diesel,Manual,First,7.0,12.01,16.0,2179.0,140.0,Mahindra,5,litre,2.51,0.24,10.45833,0.156875
Maruti Swift Dzire 1.2 Vxi BSIV,Delhi,2010,72425,Petrol,Manual,Second,5.0,2.45,17.5,1197.0,85.8,Maruti,10,litre,2.1,0.22,9.545455,0.12000000000000001
Audi Q3 35 TDI Quattro Premium Plus,Bangalore,2015,38000,Diesel,Automatic,First,5.0,29.0,15.73,1968.0,174.33,Audi,5,litre,2.51,0.24,10.45833,0.15956770502225046
Ford Fiesta 1.4 SXi TDCi,Hyderabad,2008,83000,Diesel,Manual,Second,5.0,2.4,17.8,1399.0,97.7,Ford,12,litre,2.51,0.24,10.45833,0.14101123595505616
Mercedes-Benz New C-Class C 220 CDI Elegance AT,Hyderabad,2010,107000,Diesel,Automatic,First,5.0,11.99,14.84,2143.0,170.0,Mercedes-Benz,10,litre,2.51,0.24,10.45833,0.1691374663072776
Honda City i VTEC CVT VX,Delhi,2015,51000,Petrol,Automatic,First,5.0,7.9,18.0,1497.0,117.3,Honda,5,litre,2.1,0.22,9.545455,0.11666666666666667
Toyota Innova 2.5 GX 7 STR,Pune,2010,140000,Diesel,Manual,Third,7.0,6.25,12.8,2494.0,102.0,Toyota,10,litre,2.51,0.24,10.45833,0.19609374999999998
Chevrolet Beat LT,Pune,2011,48000,Petrol,Manual,Second,5.0,1.8,18.6,1199.0,79.4,Chevrolet,9,litre,2.1,0.22,9.545455,0.11290322580645161
Maruti Wagon R LXI CNG,Delhi,2013,62000,CNG,Manual,First,5.0,2.8,26.6,998.0,58.16,Maruti,7,kg,2.5625,0.18,14.23611,0.09633458646616541
Honda Jazz 1.2 S i VTEC,Mumbai,2015,31000,Petrol,Manual,First,5.0,4.9,18.7,1199.0,88.7,Honda,5,litre,2.1,0.22,9.545455,0.11229946524064172
Nissan Micra XL Primo,Jaipur,2010,75055,Petrol,Manual,First,5.0,2.25,18.06,1198.0,75.0,Nissan,10,litre,2.1,0.22,9.545455,0.11627906976744187
Maruti Ciaz AT ZXi,Coimbatore,2017,51210,Petrol,Automatic,First,5.0,8.89,19.12,1373.0,91.1,Maruti,3,litre,2.1,0.22,9.545455,0.1098326359832636
Toyota Fortuner 4x2 AT,Mumbai,2012,87000,Diesel,Automatic,First,7.0,15.0,12.55,2982.0,168.5,Toyota,8,litre,2.51,0.24,10.45833,0.19999999999999998
Ford Aspire Ambiente Diesel,Kolkata,2018,17000,Diesel,Manual,First,5.0,5.65,26.1,1498.0,99.0,Ford,2,litre,2.51,0.24,10.45833,0.09616858237547891
Maruti Ertiga ZDI,Jaipur,2014,57000,Diesel,Manual,First,7.0,7.0,20.77,1248.0,88.8,Maruti,6,litre,2.51,0.24,10.45833,0.12084737602311024
Maruti Alto 800 LXI,Hyderabad,2016,9370,Petrol,Manual,First,5.0,2.95,22.74,796.0,47.3,Maruti,4,litre,2.1,0.22,9.545455,0.09234828496042218
Honda Brio V MT,Chennai,2013,53226,Petrol,Manual,First,5.0,3.3,19.4,1198.0,86.8,Honda,7,litre,2.1,0.22,9.545455,0.10824742268041239
Hyundai Verna Transform CRDi VGT SX ABS,Hyderabad,2010,120000,Diesel,Manual,Second,5.0,3.5,16.2,1493.0,110.0,Hyundai,10,litre,2.51,0.24,10.45833,0.15493827160493825
Honda City 1.5 GXI,Jaipur,2007,75055,Petrol,Manual,First,5.0,2.3,12.8,1493.0,100.0,Honda,13,litre,2.1,0.22,9.545455,0.1640625
Hyundai Creta 1.6 CRDi SX,Coimbatore,2017,37247,Diesel,Manual,First,5.0,13.69,19.67,1582.0,126.2,Hyundai,3,litre,2.51,0.24,10.45833,0.1276054905948144
Toyota Etios Liva GD,Delhi,2013,64000,Diesel,Manual,First,5.0,3.1,23.59,1364.0,67.06,Toyota,7,litre,2.51,0.24,10.45833,0.10640101738024586
Hyundai Sonata Transform 2.4 GDi MT,Mumbai,2014,12000,Petrol,Manual,First,5.0,12.75,13.44,2359.0,198.25,Hyundai,6,litre,2.1,0.22,9.545455,0.15625
Hyundai Creta 1.6 CRDi SX Option,Pune,2017,40158,Diesel,Manual,First,5.0,13.75,19.67,1582.0,126.2,Hyundai,3,litre,2.51,0.24,10.45833,0.1276054905948144
Honda Jazz 1.2 SV i VTEC,Chennai,2017,11000,Petrol,Manual,First,5.0,6.75,18.7,1199.0,88.7,Honda,3,litre,2.1,0.22,9.545455,0.11229946524064172
Volkswagen Vento Diesel Comfortline,Chennai,2014,70010,Diesel,Manual,First,5.0,5.25,20.54,1598.0,103.6,Volkswagen,6,litre,2.51,0.24,10.45833,0.12220058422590067
Mahindra XUV500 W6 2WD,Mumbai,2015,82000,Diesel,Manual,First,7.0,8.75,16.0,2179.0,140.0,Mahindra,5,litre,2.51,0.24,10.45833,0.156875
Mahindra TUV 300 2015-2019 T8,Kochi,2017,57259,Diesel,Manual,First,7.0,8.87,18.49,1493.0,100.0,Mahindra,3,litre,2.51,0.24,10.45833,0.1357490535424554
Honda Accord 2001-2003 2.3 VTi L AT,Bangalore,2010,84000,Petrol,Automatic,Second,5.0,6.5,11.1,2354.0,142.0,Honda,10,litre,2.1,0.22,9.545455,0.1891891891891892
Maruti Ertiga VDI,Pune,2012,168000,Diesel,Manual,First,7.0,4.5,20.77,1248.0,88.76,Maruti,8,litre,2.51,0.24,10.45833,0.12084737602311024
Mahindra Ssangyong Rexton RX5,Hyderabad,2012,73670,Diesel,Manual,First,7.0,12.5,12.83,2696.0,162.0,Mahindra,8,litre,2.51,0.24,10.45833,0.19563522992985188
Toyota Fortuner 4x2 AT,Delhi,2014,89540,Diesel,Automatic,First,7.0,16.8,12.55,2982.0,168.5,Toyota,6,litre,2.51,0.24,10.45833,0.19999999999999998
Maruti Ertiga ZDI,Hyderabad,2016,85423,Diesel,Manual,First,7.0,8.75,20.77,1248.0,88.8,Maruti,4,litre,2.51,0.24,10.45833,0.12084737602311024
Hyundai Elantra CRDi SX AT,Pune,2013,48823,Diesel,Automatic,First,5.0,8.5,19.5,1582.0,126.24,Hyundai,7,litre,2.51,0.24,10.45833,0.1287179487179487
Hyundai i10 Magna 1.2,Kolkata,2011,35082,Petrol,Manual,First,5.0,2.21,20.36,1197.0,78.9,Hyundai,9,litre,2.1,0.22,9.545455,0.1031434184675835
Maruti Omni MPI STD BSIV,Jaipur,2012,126000,Petrol,Manual,First,5.0,1.6,16.8,796.0,34.2,Maruti,8,litre,2.1,0.22,9.545455,0.125
Honda Amaze VX AT i-Vtech,Delhi,2016,19000,Petrol,Automatic,First,5.0,6.25,15.5,1198.0,86.7,Honda,4,litre,2.1,0.22,9.545455,0.13548387096774195
Honda Civic 2006-2010 1.8 V AT,Mumbai,2007,69000,Petrol,Automatic,Second,5.0,2.25,12.9,1799.0,130.0,Honda,13,litre,2.1,0.22,9.545455,0.16279069767441862
Mercedes-Benz CLA 200 CDI Sport,Kochi,2019,29836,Diesel,Automatic,First,5.0,25.75,17.9,2143.0,136.0,Mercedes-Benz,1,litre,2.51,0.24,10.45833,0.14022346368715083
Skoda Superb 1.8 TFSI MT,Ahmedabad,2010,48002,Petrol,Manual,Second,5.0,6.75,13.14,1798.0,157.8,Skoda,10,litre,2.1,0.22,9.545455,0.1598173515981735
Maruti Ciaz ZDi Plus SHVS,Ahmedabad,2015,52324,Diesel,Manual,First,5.0,6.25,28.09,1248.0,88.5,Maruti,5,litre,2.51,0.24,10.45833,0.08935564257742969
Ford Ecosport 1.5 DV5 MT Titanium Optional,Delhi,2013,65000,Diesel,Manual,First,5.0,5.1,22.7,1498.0,89.84,Ford,7,litre,2.51,0.24,10.45833,0.11057268722466959
Mercedes-Benz M-Class ML 320 CDI,Mumbai,2009,66000,Diesel,Automatic,Second,5.0,10.75,8.7,2987.0,224.34,Mercedes-Benz,11,litre,2.51,0.24,10.45833,0.2885057471264368
Hyundai Grand i10 CRDi Sportz,Hyderabad,2016,75700,Diesel,Manual,First,5.0,5.7,24.0,1120.0,70.0,Hyundai,4,litre,2.51,0.24,10.45833,0.10458333333333332
Volkswagen Vento Diesel Breeze,Bangalore,2013,43000,Diesel,Manual,First,5.0,5.95,20.5,1598.0,105.0,Volkswagen,7,litre,2.51,0.24,10.45833,0.12243902439024389
Chevrolet Beat Diesel LT,Kochi,2012,42706,Diesel,Manual,First,5.0,2.4,25.44,936.0,56.3,Chevrolet,8,litre,2.51,0.24,10.45833,0.09866352201257861
Mahindra Quanto C6,Mumbai,2013,35000,Diesel,Manual,First,7.0,3.49,17.21,1493.0,100.0,Mahindra,7,litre,2.51,0.24,10.45833,0.1458454386984311
Hyundai i10 Asta 1.2 AT with Sunroof,Hyderabad,2011,54348,Petrol,Automatic,First,5.0,4.0,19.2,1197.0,80.0,Hyundai,9,litre,2.1,0.22,9.545455,0.10937500000000001
Toyota Etios Liva 1.4 GD,Delhi,2013,84000,Diesel,Manual,First,5.0,3.85,23.59,1364.0,67.04,Toyota,7,litre,2.51,0.24,10.45833,0.10640101738024586
Toyota Corolla Altis 2008-2013 1.8 VL AT,Mumbai,2010,63298,Petrol,Automatic,First,5.0,3.95,14.53,1794.0,138.1,Toyota,10,litre,2.1,0.22,9.545455,0.1445285615966965
Hyundai i10 Magna 1.2,Jaipur,2013,75049,Petrol,Manual,Second,5.0,3.0,20.36,1197.0,78.9,Hyundai,7,litre,2.1,0.22,9.545455,0.1031434184675835
Ford Figo Aspire 1.2 Ti-VCT Titanium,Kochi,2018,24237,Petrol,Manual,First,5.0,6.7,18.16,1196.0,86.8,Ford,2,litre,2.1,0.22,9.545455,0.1156387665198238
Maruti Ritz ZXi,Coimbatore,2016,22767,Petrol,Manual,First,5.0,6.14,18.5,1197.0,85.8,Maruti,4,litre,2.1,0.22,9.545455,0.11351351351351352
Hyundai i20 Sportz AT 1.4,Bangalore,2012,58000,Petrol,Automatic,Second,5.0,4.4,15.0,1396.0,98.6,Hyundai,8,litre,2.1,0.22,9.545455,0.14
Maruti Swift Dzire LDI,Pune,2017,57000,Diesel,Manual,First,5.0,4.25,26.59,1248.0,74.0,Maruti,3,litre,2.51,0.24,10.45833,0.09439638962015795
BMW 7 Series 2007-2012 750Li,Kochi,2010,50161,Petrol,Automatic,First,5.0,25.93,8.77,4395.0,402.0,BMW,10,litre,2.1,0.22,9.545455,0.23945267958950972
Maruti S Cross DDiS 320 Alpha,Kolkata,2016,45000,Diesel,Manual,First,5.0,7.0,22.7,1598.0,118.0,Maruti,4,litre,2.51,0.24,10.45833,0.11057268722466959
Toyota Fortuner 4x4 AT,Coimbatore,2017,68319,Diesel,Automatic,First,7.0,25.12,12.55,2982.0,168.5,Toyota,3,litre,2.51,0.24,10.45833,0.19999999999999998
Hyundai EON 1.0 Magna Plus Option O,Kochi,2017,30711,Petrol,Manual,First,5.0,4.45,20.3,998.0,68.05,Hyundai,3,litre,2.1,0.22,9.545455,0.10344827586206896
Hyundai i20 1.4 CRDi Magna,Kolkata,2011,38277,Diesel,Manual,First,5.0,2.4,21.9,1396.0,90.0,Hyundai,9,litre,2.51,0.24,10.45833,0.11461187214611872
Volkswagen Vento Diesel Highline,Pune,2012,115000,Diesel,Manual,Second,5.0,4.33,20.54,1598.0,103.6,Volkswagen,8,litre,2.51,0.24,10.45833,0.12220058422590067
Maruti Swift Dzire VXi AT,Coimbatore,2017,46849,Petrol,Automatic,First,5.0,6.93,18.5,1197.0,83.14,Maruti,3,litre,2.1,0.22,9.545455,0.11351351351351352
Hyundai i20 Magna 1.4 CRDi,Ahmedabad,2014,64000,Diesel,Manual,First,5.0,4.25,21.9,1396.0,90.0,Hyundai,6,litre,2.51,0.24,10.45833,0.11461187214611872
Mercedes-Benz E-Class 2009-2013 E250 CDI Blue Efficiency,Pune,2010,130923,Diesel,Automatic,First,5.0,12.5,14.21,2143.0,203.0,Mercedes-Benz,10,litre,2.51,0.24,10.45833,0.17663617171006332
Hyundai Grand i10 Sportz,Chennai,2015,15000,Petrol,Manual,First,5.0,4.9,18.9,1197.0,82.0,Hyundai,5,litre,2.1,0.22,9.545455,0.11111111111111112
Hyundai i20 1.4 CRDi Sportz,Mumbai,2014,32720,Diesel,Manual,First,5.0,4.5,23.0,1396.0,90.0,Hyundai,6,litre,2.51,0.24,10.45833,0.10913043478260868
Renault KWID RXT,Jaipur,2016,12500,Petrol,Manual,First,5.0,3.0,25.17,799.0,53.3,Renault,4,litre,2.1,0.22,9.545455,0.08343265792610251
Hyundai Xcent 1.2 Kappa AT SX Option,Chennai,2015,59800,Petrol,Automatic,First,5.0,5.8,16.9,1197.0,82.0,Hyundai,5,litre,2.1,0.22,9.545455,0.12426035502958581
Volkswagen Vento Petrol Highline,Pune,2011,54211,Petrol,Manual,First,5.0,3.33,15.04,1598.0,103.6,Volkswagen,9,litre,2.1,0.22,9.545455,0.1396276595744681
Chevrolet Cruze LTZ AT,Kochi,2015,62242,Diesel,Automatic,First,5.0,6.62,14.39,1998.0,163.7,Chevrolet,5,litre,2.51,0.24,10.45833,0.17442668519805418
Nissan Terrano XL 110 PS,Mumbai,2015,54000,Diesel,Manual,Second,5.0,5.75,19.01,1461.0,108.5,Nissan,5,litre,2.51,0.24,10.45833,0.13203577064702784
Hyundai Verna 1.6 SX,Hyderabad,2012,65000,Diesel,Manual,First,5.0,6.2,22.32,1582.0,126.32,Hyundai,8,litre,2.51,0.24,10.45833,0.11245519713261648
Maruti Celerio VXI AMT,Chennai,2015,55000,Petrol,Automatic,First,5.0,3.5,23.1,998.0,67.04,Maruti,5,litre,2.1,0.22,9.545455,0.09090909090909091
Maruti Wagon R LXI,Pune,2010,71000,Petrol,Manual,First,5.0,2.0,18.9,998.0,67.1,Maruti,10,litre,2.1,0.22,9.545455,0.11111111111111112
Hyundai i20 Magna Optional 1.4 CRDi,Chennai,2012,70000,Diesel,Manual,First,5.0,4.0,21.9,1396.0,88.8,Hyundai,8,litre,2.51,0.24,10.45833,0.11461187214611872
Audi A4 1.8 TFSI,Mumbai,2011,53000,Petrol,Automatic,First,5.0,9.5,12.3,1781.0,163.2,Audi,9,litre,2.1,0.22,9.545455,0.17073170731707316
BMW X1 sDrive20d,Mumbai,2013,43000,Diesel,Automatic,First,5.0,17.5,17.05,1995.0,184.0,BMW,7,litre,2.51,0.24,10.45833,0.14721407624633429
Skoda Rapid 1.6 MPI AT Elegance Plus,Mumbai,2015,54000,Petrol,Automatic,First,5.0,6.11,14.3,1598.0,103.52,Skoda,5,litre,2.1,0.22,9.545455,0.14685314685314685
Hyundai i10 Magna,Ahmedabad,2014,51000,Petrol,Manual,First,5.0,3.75,20.36,1197.0,78.9,Hyundai,6,litre,2.1,0.22,9.545455,0.1031434184675835
Mitsubishi Pajero 2.8 GLX CRZ,Hyderabad,2007,78000,Diesel,Manual,Second,6.0,6.2,10.5,2835.0,107.2,Mitsubishi,13,litre,2.51,0.24,10.45833,0.23904761904761904
Honda City i DTEC SV,Mumbai,2014,25000,Diesel,Manual,First,5.0,6.15,26.0,1498.0,98.6,Honda,6,litre,2.51,0.24,10.45833,0.09653846153846153
Maruti Alto K10 2010-2014 VXI,Pune,2012,12600,Petrol,Manual,First,5.0,2.4,20.92,998.0,67.1,Maruti,8,litre,2.1,0.22,9.545455,0.10038240917782026
Maruti Swift Ldi BSIII,Pune,2009,80000,Diesel,Manual,Fourth & Above,5.0,2.15,17.8,1248.0,75.0,Maruti,11,litre,2.51,0.24,10.45833,0.14101123595505616
Hyundai Grand i10 Magna,Kolkata,2016,21000,Petrol,Manual,First,5.0,3.75,18.9,1197.0,82.0,Hyundai,4,litre,2.1,0.22,9.545455,0.11111111111111112
Ford Figo Petrol ZXI,Mumbai,2011,32000,Petrol,Manual,Second,5.0,2.15,15.6,1196.0,70.0,Ford,9,litre,2.1,0.22,9.545455,0.13461538461538464
Hyundai Grand i10 SportZ Edition,Bangalore,2015,50000,Petrol,Manual,First,5.0,4.75,18.9,1197.0,81.86,Hyundai,5,litre,2.1,0.22,9.545455,0.11111111111111112
Maruti SX4 Vxi BSIV,Mumbai,2010,47500,Petrol,Manual,First,5.0,2.45,15.5,1586.0,103.3,Maruti,10,litre,2.1,0.22,9.545455,0.13548387096774195
Honda City i-VTEC VX,Mumbai,2017,7500,Petrol,Manual,First,5.0,11.15,17.4,1497.0,117.3,Honda,3,litre,2.1,0.22,9.545455,0.12068965517241381
Renault Duster 110PS Diesel RxZ AMT,Jaipur,2016,68163,Diesel,Automatic,First,5.0,8.9,19.6,1461.0,108.45,Renault,4,litre,2.51,0.24,10.45833,0.1280612244897959
Honda Amaze S i-Dtech,Ahmedabad,2014,61000,Diesel,Manual,First,5.0,4.35,25.8,1498.0,98.6,Honda,6,litre,2.51,0.24,10.45833,0.09728682170542635
Toyota Innova 2.5 Z Diesel 7 Seater,Jaipur,2015,100000,Diesel,Manual,Second,7.0,12.0,12.99,2494.0,100.6,Toyota,5,litre,2.51,0.24,10.45833,0.193225558121632
BMW 3 Series 320d Highline,Mumbai,2009,61500,Diesel,Automatic,Second,5.0,8.5,16.07,1995.0,181.0,BMW,11,litre,2.51,0.24,10.45833,0.1561916614810205
Hyundai i10 Magna 1.1 iTech SE,Kochi,2017,42883,Petrol,Manual,First,5.0,4.27,19.81,1086.0,68.05,Hyundai,3,litre,2.1,0.22,9.545455,0.1060070671378092
Renault Duster 85PS Diesel RxL Optional with Nav,Jaipur,2012,97000,Diesel,Manual,Second,5.0,4.25,20.45,1461.0,83.8,Renault,8,litre,2.51,0.24,10.45833,0.12273838630806845
Mitsubishi Outlander 2.4,Bangalore,2010,39525,Petrol,Automatic,First,5.0,9.25,11.3,2360.0,170.0,Mitsubishi,10,litre,2.1,0.22,9.545455,0.18584070796460175
Maruti Vitara Brezza LDi,Kochi,2017,35384,Diesel,Manual,First,5.0,8.61,24.3,1248.0,88.5,Maruti,3,litre,2.51,0.24,10.45833,0.10329218106995884
Mercedes-Benz R-Class R350 CDI 4MATIC,Hyderabad,2010,46000,Diesel,Automatic,First,7.0,28.0,11.8,2987.0,261.0,Mercedes-Benz,10,litre,2.51,0.24,10.45833,0.21271186440677964
Ford EcoSport 1.5 Diesel Titanium,Coimbatore,2018,32189,Diesel,Manual,First,5.0,9.25,23.0,1498.0,98.96,Ford,2,litre,2.51,0.24,10.45833,0.10913043478260868
Hyundai Verna 1.6 CRDI AT SX Option,Chennai,2016,27000,Diesel,Automatic,First,5.0,8.6,19.08,1582.0,126.2,Hyundai,4,litre,2.51,0.24,10.45833,0.13155136268343814
Volkswagen Polo 1.2 MPI Highline,Coimbatore,2018,22734,Petrol,Manual,First,5.0,7.53,16.47,1198.0,74.0,Volkswagen,2,litre,2.1,0.22,9.545455,0.12750455373406194
Renault Duster 110PS Diesel RxL,Mumbai,2014,58002,Diesel,Manual,First,5.0,5.75,19.64,1461.0,108.45,Renault,6,litre,2.51,0.24,10.45833,0.12780040733197554
Honda Brio S Option AT,Chennai,2012,31500,Petrol,Automatic,First,5.0,4.15,16.5,1198.0,86.8,Honda,8,litre,2.1,0.22,9.545455,0.1272727272727273
Ford Figo 2015-2019 1.2P Titanium MT,Coimbatore,2017,30933,Petrol,Manual,First,5.0,5.84,18.16,1196.0,86.8,Ford,3,litre,2.1,0.22,9.545455,0.1156387665198238
Audi A6 2.0 TDI Design Edition,Kolkata,2012,27090,Diesel,Automatic,First,5.0,16.5,18.53,1968.0,187.74,Audi,8,litre,2.51,0.24,10.45833,0.13545601726929302
BMW X5 2014-2019 xDrive 30d Design Pure Experience 7 Seater,Mumbai,2015,29500,Diesel,Automatic,First,7.0,43.0,15.97,2993.0,258.0,BMW,5,litre,2.51,0.24,10.45833,0.15716969317470256
Hyundai i10 Sportz Option,Pune,2013,45000,Petrol,Manual,First,5.0,3.55,20.36,1197.0,78.9,Hyundai,7,litre,2.1,0.22,9.545455,0.1031434184675835
Hyundai i20 1.2 Asta Option,Hyderabad,2018,11691,Petrol,Manual,First,5.0,8.9,18.6,1197.0,81.83,Hyundai,2,litre,2.1,0.22,9.545455,0.11290322580645161
Skoda Octavia L and K 1.9 TDI MT,Hyderabad,2006,121000,Diesel,Manual,Second,5.0,2.5,16.4,1896.0,90.0,Skoda,14,litre,2.51,0.24,10.45833,0.15304878048780488
Hyundai Verna Transform SX VGT CRDi,Hyderabad,2010,118077,Diesel,Manual,First,5.0,3.85,16.2,1493.0,110.0,Hyundai,10,litre,2.51,0.24,10.45833,0.15493827160493825
Hyundai Verna 1.6 SX VTVT (O) AT,Chennai,2012,36300,Petrol,Automatic,Third,5.0,7.5,17.1,1591.0,121.4,Hyundai,8,litre,2.1,0.22,9.545455,0.12280701754385964
Hyundai Getz GVS,Mumbai,2005,90000,Petrol,Manual,Second,5.0,1.8,15.3,1341.0,61.0,Hyundai,15,litre,2.1,0.22,9.545455,0.13725490196078433
Ford Figo Diesel EXI,Chennai,2010,78000,Diesel,Manual,First,5.0,2.25,20.0,1399.0,68.0,Ford,10,litre,2.51,0.24,10.45833,0.1255
Audi A6 2011-2015 35 TDI Technology,Mumbai,2015,42000,Diesel,Automatic,First,5.0,24.25,17.68,1968.0,174.33,Audi,5,litre,2.51,0.24,10.45833,0.1419683257918552
Volkswagen Polo 1.2 MPI Highline,Mumbai,2015,27000,Petrol,Manual,First,5.0,4.35,16.47,1198.0,74.0,Volkswagen,5,litre,2.1,0.22,9.545455,0.12750455373406194
BMW X1 sDrive20d,Kolkata,2012,22000,Diesel,Automatic,First,5.0,11.5,17.05,1995.0,184.0,BMW,8,litre,2.51,0.24,10.45833,0.14721407624633429
Honda City i VTEC SV,Kolkata,2014,49000,Petrol,Manual,First,5.0,4.75,17.4,1497.0,117.3,Honda,6,litre,2.1,0.22,9.545455,0.12068965517241381
Hyundai i20 Sportz Option Diesel,Hyderabad,2012,42600,Diesel,Manual,First,5.0,4.99,23.0,1396.0,90.0,Hyundai,8,litre,2.51,0.24,10.45833,0.10913043478260868
Honda Jazz 1.2 V CVT i VTEC,Coimbatore,2018,12794,Petrol,Automatic,First,5.0,9.15,19.0,1199.0,88.7,Honda,2,litre,2.1,0.22,9.545455,0.1105263157894737
Maruti Swift 1.3 VXi,Jaipur,2006,125000,Petrol,Manual,Fourth & Above,5.0,2.35,16.1,1493.0,97.7,Maruti,14,litre,2.1,0.22,9.545455,0.13043478260869565
Honda CR-V 2.4 AT,Hyderabad,2014,88046,Petrol,Automatic,First,5.0,13.99,10.1,2354.0,152.0,Honda,6,litre,2.1,0.22,9.545455,0.20792079207920794
Mercedes-Benz A Class A180 CDI,Bangalore,2014,8000,Diesel,Automatic,Second,5.0,19.75,20.0,2143.0,107.3,Mercedes-Benz,6,litre,2.51,0.24,10.45833,0.1255
Mahindra XUV500 AT W10 AWD,Coimbatore,2018,82739,Diesel,Automatic,First,7.0,16.77,16.0,2179.0,140.0,Mahindra,2,litre,2.51,0.24,10.45833,0.156875
Mahindra Bolero SLX 2WD,Bangalore,2006,193000,Diesel,Manual,Third,7.0,2.5,13.6,2523.0,63.0,Mahindra,14,litre,2.51,0.24,10.45833,0.18455882352941175
Renault Scala RxL AT,Mumbai,2013,7000,Petrol,Automatic,First,5.0,3.65,17.97,1498.0,99.6,Renault,7,litre,2.1,0.22,9.545455,0.11686143572621037
Land Rover Freelander 2 HSE SD4,Ahmedabad,2012,60000,Diesel,Automatic,Second,5.0,23.5,12.35,2179.0,187.74,Land,8,litre,2.51,0.24,10.45833,0.20323886639676111
Maruti Alto 800 VXI,Pune,2017,38000,Petrol,Manual,First,5.0,3.11,22.74,796.0,47.3,Maruti,3,litre,2.1,0.22,9.545455,0.09234828496042218
Toyota Etios G,Kochi,2013,56344,Petrol,Manual,First,5.0,4.57,17.6,1496.0,88.73,Toyota,7,litre,2.1,0.22,9.545455,0.11931818181818181
Hyundai i20 Sportz Option,Mumbai,2014,17858,Petrol,Manual,First,5.0,5.32,17.0,1197.0,80.0,Hyundai,6,litre,2.1,0.22,9.545455,0.12352941176470589
Hyundai i10 Sportz,Hyderabad,2012,53000,Petrol,Manual,First,5.0,3.2,20.36,1197.0,78.9,Hyundai,8,litre,2.1,0.22,9.545455,0.1031434184675835
Maruti Swift VDI BSIV,Kochi,2016,67906,Diesel,Manual,First,5.0,5.63,25.2,1248.0,74.0,Maruti,4,litre,2.51,0.24,10.45833,0.0996031746031746
Hyundai EON Magna Plus,Hyderabad,2015,19000,Petrol,Manual,First,5.0,3.0,21.1,814.0,55.2,Hyundai,5,litre,2.1,0.22,9.545455,0.0995260663507109
BMW 3 Series 320d,Mumbai,2010,67000,Diesel,Automatic,Second,5.0,9.25,22.69,1995.0,190.0,BMW,10,litre,2.51,0.24,10.45833,0.11062141912736886
Tata Indigo XL Classic Dicor,Delhi,2011,80000,Diesel,Manual,First,5.0,1.2,23.57,1396.0,70.0,Tata,9,litre,2.51,0.24,10.45833,0.106491302503182
Maruti Alto 800 LXI,Delhi,2015,61000,Petrol,Manual,First,5.0,2.15,22.74,796.0,47.3,Maruti,5,litre,2.1,0.22,9.545455,0.09234828496042218
Volkswagen Polo Diesel Highline 1.2L,Pune,2010,39000,Diesel,Manual,First,5.0,3.05,22.07,1199.0,73.9,Volkswagen,10,litre,2.51,0.24,10.45833,0.11372904395106478
Toyota Corolla Altis VL AT,Ahmedabad,2014,59000,Petrol,Automatic,First,5.0,11.5,14.28,1798.0,138.03,Toyota,6,litre,2.1,0.22,9.545455,0.14705882352941177
Hyundai Santro Xing GLS,Hyderabad,2008,80931,Petrol,Manual,First,5.0,2.3,17.92,1086.0,62.1,Hyundai,12,litre,2.1,0.22,9.545455,0.1171875
Maruti Swift ZXI,Kolkata,2016,34000,Petrol,Manual,First,5.0,4.95,20.4,1197.0,81.8,Maruti,4,litre,2.1,0.22,9.545455,0.10294117647058824
Renault Scala Diesel RxL,Hyderabad,2013,130000,Diesel,Manual,First,5.0,4.75,21.64,1461.0,84.8,Renault,7,litre,2.51,0.24,10.45833,0.11598890942698704
Maruti Vitara Brezza ZDi Plus,Coimbatore,2018,52380,Diesel,Manual,First,5.0,10.15,24.3,1248.0,88.5,Maruti,2,litre,2.51,0.24,10.45833,0.10329218106995884
Nissan Micra XV,Kolkata,2011,44000,Petrol,Manual,First,5.0,2.65,18.06,1198.0,75.0,Nissan,9,litre,2.1,0.22,9.545455,0.11627906976744187
Ford Figo Diesel EXI,Hyderabad,2015,84000,Diesel,Manual,First,5.0,3.8,20.0,1399.0,68.05,Ford,5,litre,2.51,0.24,10.45833,0.1255
Honda CR-V 2.0 AT,Kochi,2017,41697,Petrol,Automatic,First,5.0,16.68,13.1,1997.0,141.1,Honda,3,litre,2.1,0.22,9.545455,0.1603053435114504
Nissan Terrano XV 110 PS,Pune,2014,163000,Diesel,Manual,First,5.0,5.0,19.01,1461.0,108.5,Nissan,6,litre,2.51,0.24,10.45833,0.13203577064702784
Toyota Etios Liva 1.2 G,Chennai,2011,42000,Petrol,Manual,Second,5.0,3.75,17.71,1197.0,78.9,Toyota,9,litre,2.1,0.22,9.545455,0.11857707509881422
Hyundai i20 Asta 1.4 CRDi,Jaipur,2013,129000,Diesel,Manual,Third,5.0,4.11,21.27,1396.0,88.76,Hyundai,7,litre,2.51,0.24,10.45833,0.11800658204043253
Ford Figo Aspire 1.2 Ti-VCT Ambiente,Chennai,2015,32200,Petrol,Manual,Second,5.0,4.25,18.16,1196.0,86.8,Ford,5,litre,2.1,0.22,9.545455,0.1156387665198238
Mitsubishi Pajero 2.8 GLX CRZ,Mumbai,2004,129000,Diesel,Manual,First,6.0,3.45,10.5,2835.0,107.2,Mitsubishi,16,litre,2.51,0.24,10.45833,0.23904761904761904
Audi A4 2.0 TDI 177 Bhp Premium Plus,Bangalore,2014,40000,Diesel,Automatic,First,5.0,22.5,17.11,1968.0,174.33,Audi,6,litre,2.51,0.24,10.45833,0.146697837521917
Toyota Innova 2.0 E,Delhi,2006,150000,Petrol,Manual,First,8.0,4.5,12.4,1998.0,132.0,Toyota,14,litre,2.1,0.22,9.545455,0.16935483870967744
Chevrolet Aveo U-VA 1.2 LS,Jaipur,2007,140000,Petrol,Manual,First,5.0,0.9,15.26,1150.0,74.9,Chevrolet,13,litre,2.1,0.22,9.545455,0.13761467889908258
Hyundai Getz GLS,Hyderabad,2006,63181,Petrol,Manual,First,5.0,1.85,15.3,1341.0,83.0,Hyundai,14,litre,2.1,0.22,9.545455,0.13725490196078433
Honda Amaze S i-Dtech,Kolkata,2013,39575,Diesel,Manual,First,5.0,3.25,25.8,1498.0,98.6,Honda,7,litre,2.51,0.24,10.45833,0.09728682170542635
Maruti Swift VDI BSIV W ABS,Pune,2010,63600,Diesel,Manual,Second,5.0,3.1,17.8,1248.0,97.7,Maruti,10,litre,2.51,0.24,10.45833,0.14101123595505616
Ford Ecosport 1.5 DV5 MT Titanium Optional,Coimbatore,2014,70374,Diesel,Manual,First,5.0,7.34,22.7,1498.0,89.84,Ford,6,litre,2.51,0.24,10.45833,0.11057268722466959
Volkswagen CrossPolo 1.5 TDI,Kolkata,2015,26256,Diesel,Manual,First,5.0,4.25,20.14,1498.0,88.5,Volkswagen,5,litre,2.51,0.24,10.45833,0.12462760675273087
Hyundai Elite i20 Petrol Sportz,Delhi,2016,13460,Petrol,Manual,First,5.0,6.45,18.6,1197.0,81.86,Hyundai,4,litre,2.1,0.22,9.545455,0.11290322580645161
Toyota Innova 2.5 V Diesel 8-seater,Chennai,2011,122000,Diesel,Manual,Second,8.0,10.75,12.8,2494.0,102.0,Toyota,9,litre,2.51,0.24,10.45833,0.19609374999999998
Mercedes-Benz M-Class ML 250 CDI,Kolkata,2015,58589,Diesel,Automatic,First,5.0,27.75,15.26,2143.0,203.2,Mercedes-Benz,5,litre,2.51,0.24,10.45833,0.16448230668414154
Maruti Wagon R LX BSIII,Jaipur,2005,115000,Petrol,Manual,Second,5.0,0.99,17.3,1061.0,64.0,Maruti,15,litre,2.1,0.22,9.545455,0.12138728323699421
Ford Endeavour 2.2 Trend AT 4X2,Pune,2016,75000,Diesel,Automatic,First,7.0,24.0,12.62,2198.0,158.0,Ford,4,litre,2.51,0.24,10.45833,0.19889064976228207
Hyundai Elite i20 Petrol Sportz,Jaipur,2016,30292,Petrol,Manual,First,5.0,6.1,18.6,1197.0,81.86,Hyundai,4,litre,2.1,0.22,9.545455,0.11290322580645161
Honda WRV i-VTEC VX,Ahmedabad,2017,32248,Petrol,Manual,First,5.0,8.25,17.5,1199.0,88.7,Honda,3,litre,2.1,0.22,9.545455,0.12000000000000001
Volkswagen Polo Petrol Highline 1.2L,Bangalore,2013,74000,Petrol,Manual,First,5.0,4.65,16.47,1198.0,73.9,Volkswagen,7,litre,2.1,0.22,9.545455,0.12750455373406194
Honda CR-V 2.0L 2WD MT,Mumbai,2014,56100,Petrol,Manual,First,5.0,9.75,13.7,1997.0,153.86,Honda,6,litre,2.1,0.22,9.545455,0.15328467153284672
Hyundai Grand i10 1.2 Kappa Asta,Bangalore,2014,61325,Petrol,Manual,First,5.0,4.4,18.9,1197.0,81.86,Hyundai,6,litre,2.1,0.22,9.545455,0.11111111111111112
Maruti Swift Dzire VXI,Kolkata,2014,33000,Petrol,Manual,First,5.0,3.99,19.1,1197.0,85.8,Maruti,6,litre,2.1,0.22,9.545455,0.10994764397905758
BMW 5 Series 2003-2012 530d,Coimbatore,2016,18090,Diesel,Automatic,First,5.0,45.73,16.2,2993.0,258.0,BMW,4,litre,2.51,0.24,10.45833,0.15493827160493825
Ford Ecosport 1.5 DV5 MT Ambiente,Kochi,2014,71390,Diesel,Manual,First,5.0,5.27,22.7,1498.0,89.84,Ford,6,litre,2.51,0.24,10.45833,0.11057268722466959
Maruti Wagon R LXI CNG,Mumbai,2014,41000,CNG,Manual,First,5.0,3.5,26.2,998.0,58.2,Maruti,6,kg,2.5625,0.18,14.23611,0.09780534351145038
Honda City i DTec V,Ahmedabad,2016,67000,Diesel,Manual,First,5.0,7.25,26.0,1498.0,98.6,Honda,4,litre,2.51,0.24,10.45833,0.09653846153846153
Tata Indigo LS,Chennai,2008,99000,Diesel,Manual,Second,5.0,1.6,17.0,1405.0,70.0,Tata,12,litre,2.51,0.24,10.45833,0.1476470588235294
Renault Duster 110PS Diesel RxL,Pune,2014,142000,Diesel,Manual,Second,5.0,6.0,19.01,1461.0,108.45,Renault,6,litre,2.51,0.24,10.45833,0.13203577064702784
Hyundai i10 Sportz,Chennai,2010,26966,Petrol,Manual,First,5.0,3.0,20.36,1197.0,78.9,Hyundai,10,litre,2.1,0.22,9.545455,0.1031434184675835
Honda Jazz 1.2 SV i VTEC,Mumbai,2015,27628,Petrol,Manual,First,5.0,4.95,18.7,1199.0,88.7,Honda,5,litre,2.1,0.22,9.545455,0.11229946524064172
Maruti SX4 S Cross DDiS 200 Zeta,Hyderabad,2016,82497,Diesel,Manual,First,5.0,8.99,23.65,1248.0,88.5,Maruti,4,litre,2.51,0.24,10.45833,0.10613107822410148
Honda Accord VTi-L MT,Mumbai,2007,86000,Petrol,Manual,Third,5.0,1.85,11.9,2354.0,144.0,Honda,13,litre,2.1,0.22,9.545455,0.17647058823529413
Volkswagen Polo Petrol Comfortline 1.2L,Coimbatore,2016,26981,Petrol,Manual,First,5.0,6.16,16.47,1198.0,73.9,Volkswagen,4,litre,2.1,0.22,9.545455,0.12750455373406194
Maruti Ritz VDi,Hyderabad,2010,110471,Diesel,Manual,First,5.0,3.5,21.1,1248.0,73.9,Maruti,10,litre,2.51,0.24,10.45833,0.11895734597156396
Honda Amaze S Petrol,Jaipur,2014,69000,Petrol,Manual,First,5.0,4.5,19.5,1199.0,88.76,Honda,6,litre,2.1,0.22,9.545455,0.1076923076923077
Hyundai i20 1.2 Asta Option,Hyderabad,2017,12000,Petrol,Manual,First,5.0,7.75,18.6,1197.0,81.83,Hyundai,3,litre,2.1,0.22,9.545455,0.11290322580645161
Renault Duster 85PS Diesel RxL,Hyderabad,2014,77500,Diesel,Manual,First,5.0,6.6,20.45,1461.0,83.8,Renault,6,litre,2.51,0.24,10.45833,0.12273838630806845
Hyundai Grand i10 Magna,Kochi,2014,48031,Petrol,Manual,First,5.0,4.98,18.9,1197.0,82.0,Hyundai,6,litre,2.1,0.22,9.545455,0.11111111111111112
BMW 3 Series 320d Highline,Chennai,2008,170000,Diesel,Automatic,Third,5.0,9.75,16.07,1995.0,181.0,BMW,12,litre,2.51,0.24,10.45833,0.1561916614810205
Ford Ecosport 1.5 DV5 MT Trend,Mumbai,2014,69565,Diesel,Manual,First,5.0,5.55,22.7,1498.0,89.84,Ford,6,litre,2.51,0.24,10.45833,0.11057268722466959
Volkswagen Vento 1.5 TDI Highline AT,Hyderabad,2016,45492,Diesel,Automatic,First,5.0,10.3,21.5,1498.0,108.5,Volkswagen,4,litre,2.51,0.24,10.45833,0.11674418604651161
Honda Accord 2.4 AT,Chennai,2011,85000,Petrol,Automatic,Second,5.0,7.5,11.7,2354.0,177.6,Honda,9,litre,2.1,0.22,9.545455,0.17948717948717952
Chevrolet Aveo 1.4,Hyderabad,2008,55902,Petrol,Manual,First,5.0,1.8,14.49,1399.0,92.7,Chevrolet,12,litre,2.1,0.22,9.545455,0.14492753623188406
Volkswagen Polo 1.2 MPI Highline Plus,Hyderabad,2017,18500,Petrol,Manual,First,5.0,6.25,16.2,1199.0,74.0,Volkswagen,3,litre,2.1,0.22,9.545455,0.12962962962962965
Mahindra Xylo D4 BS III,Hyderabad,2015,129750,Diesel,Manual,Second,7.0,6.8,14.95,2489.0,93.7,Mahindra,5,litre,2.51,0.24,10.45833,0.16789297658862876
Hyundai i10 Magna AT,Hyderabad,2009,50902,Petrol,Automatic,First,5.0,3.0,19.2,1197.0,80.0,Hyundai,11,litre,2.1,0.22,9.545455,0.10937500000000001
Mahindra XUV500 W8 4WD,Coimbatore,2015,84725,Diesel,Manual,First,7.0,11.6,15.1,2179.0,140.0,Mahindra,5,litre,2.51,0.24,10.45833,0.1662251655629139
Hyundai Elantra CRDi SX,Mumbai,2013,40000,Diesel,Manual,Second,5.0,6.95,22.7,1582.0,126.24,Hyundai,7,litre,2.51,0.24,10.45833,0.11057268722466959
Volkswagen Passat 1.8 TSI MT,Mumbai,2010,60000,Petrol,Manual,Third,5.0,3.5,14.3,1798.0,160.0,Volkswagen,10,litre,2.1,0.22,9.545455,0.14685314685314685
Hyundai Grand i10 1.2 Kappa Sportz,Coimbatore,2014,33496,Petrol,Manual,First,5.0,5.5,18.9,1197.0,81.86,Hyundai,6,litre,2.1,0.22,9.545455,0.11111111111111112
Hyundai i20 Asta Option 1.2,Mumbai,2015,25000,Petrol,Manual,First,5.0,5.65,18.6,1197.0,81.83,Hyundai,5,litre,2.1,0.22,9.545455,0.11290322580645161
Chevrolet Enjoy TCDi LS 8 Seater,Ahmedabad,2013,71000,Diesel,Manual,First,8.0,3.25,18.2,1248.0,73.8,Chevrolet,7,litre,2.51,0.24,10.45833,0.1379120879120879
Skoda Rapid 1.6 MPI AT Ambition Plus Alloy,Coimbatore,2015,20826,Petrol,Automatic,First,5.0,7.72,14.3,1598.0,103.6,Skoda,5,litre,2.1,0.22,9.545455,0.14685314685314685
Hyundai Creta 1.6 CRDi SX,Pune,2016,42244,Diesel,Manual,First,5.0,12.0,19.67,1582.0,126.2,Hyundai,4,litre,2.51,0.24,10.45833,0.1276054905948144
Chevrolet Beat Diesel PS,Jaipur,2013,98598,Diesel,Manual,First,5.0,1.55,25.44,936.0,57.6,Chevrolet,7,litre,2.51,0.24,10.45833,0.09866352201257861
Toyota Fortuner 3.0 Diesel,Delhi,2011,62100,Diesel,Manual,First,7.0,10.75,11.5,2982.0,171.0,Toyota,9,litre,2.51,0.24,10.45833,0.21826086956521737
Hyundai i20 Sportz Option 1.2,Coimbatore,2016,44238,Petrol,Manual,First,5.0,6.72,18.6,1197.0,81.83,Hyundai,4,litre,2.1,0.22,9.545455,0.11290322580645161
Audi Q7 3.0 TDI quattro,Coimbatore,2012,91743,Diesel,Automatic,First,7.0,28.55,12.07,2967.0,241.4,Audi,8,litre,2.51,0.24,10.45833,0.20795360397680196
Porsche Panamera Diesel,Bangalore,2013,19828,Diesel,Automatic,Second,4.0,75.0,17.85,2967.0,300.0,Porsche,7,litre,2.51,0.24,10.45833,0.1406162464985994
Honda City i VTEC VX,Hyderabad,2016,36891,Petrol,Manual,First,5.0,10.49,17.8,1497.0,117.3,Honda,4,litre,2.1,0.22,9.545455,0.11797752808988764
Mahindra Quanto C4,Hyderabad,2012,90049,Diesel,Manual,First,7.0,3.8,17.21,1493.0,100.0,Mahindra,8,litre,2.51,0.24,10.45833,0.1458454386984311
Audi A4 2.0 TDI Multitronic,Ahmedabad,2012,74002,Diesel,Automatic,First,5.0,18.5,16.55,1968.0,140.0,Audi,8,litre,2.51,0.24,10.45833,0.15166163141993955
Hyundai Sonata Transform 2.4 GDi AT,Kolkata,2013,41000,Petrol,Automatic,First,5.0,6.0,12.37,2359.0,198.25,Hyundai,7,litre,2.1,0.22,9.545455,0.169765561843169
Hyundai Verna 1.6 SX,Hyderabad,2012,83678,Diesel,Manual,First,5.0,5.5,22.32,1582.0,126.32,Hyundai,8,litre,2.51,0.24,10.45833,0.11245519713261648
Maruti Wagon R LXI BS IV,Pune,2010,91000,Petrol,Manual,First,5.0,2.3,18.9,998.0,67.1,Maruti,10,litre,2.1,0.22,9.545455,0.11111111111111112
Maruti Ertiga SHVS ZDI Plus,Jaipur,2016,50000,Diesel,Manual,First,7.0,8.7,24.52,1248.0,88.5,Maruti,4,litre,2.51,0.24,10.45833,0.10236541598694943
Hyundai Xcent 1.1 CRDi S Option,Delhi,2015,58000,Diesel,Manual,First,5.0,4.95,24.4,1120.0,71.01,Hyundai,5,litre,2.51,0.24,10.45833,0.10286885245901639
Maruti Swift VDI,Jaipur,2012,80000,Diesel,Manual,First,5.0,4.25,22.9,1248.0,74.0,Maruti,8,litre,2.51,0.24,10.45833,0.10960698689956332
Mahindra XUV500 W6 2WD,Kochi,2017,41290,Diesel,Manual,Second,7.0,10.94,16.0,2179.0,140.0,Mahindra,3,litre,2.51,0.24,10.45833,0.156875
BMW 5 Series 520d Luxury Line,Delhi,2013,65000,Diesel,Automatic,First,5.0,21.26,22.48,1995.0,190.0,BMW,7,litre,2.51,0.24,10.45833,0.11165480427046262
Toyota Corolla Altis 1.8 G,Bangalore,2016,16471,Petrol,Manual,Second,5.0,11.5,14.28,1798.0,138.03,Toyota,4,litre,2.1,0.22,9.545455,0.14705882352941177
Hyundai i20 Asta 1.4 CRDi,Pune,2015,54339,Diesel,Manual,Second,5.0,6.0,22.54,1396.0,88.73,Hyundai,5,litre,2.51,0.24,10.45833,0.11135758651286601
Mahindra KUV 100 mFALCON G80 K2,Hyderabad,2016,24025,Petrol,Manual,First,6.0,4.1,18.15,1198.0,82.0,Mahindra,4,litre,2.1,0.22,9.545455,0.11570247933884299
Maruti Alto 800 2016-2019 LXI,Kolkata,2013,24027,Petrol,Manual,First,5.0,2.01,24.7,796.0,47.3,Maruti,7,litre,2.1,0.22,9.545455,0.08502024291497977
Fiat Punto EVO 1.2 Emotion,Hyderabad,2010,59270,Petrol,Manual,First,5.0,2.6,15.7,1172.0,67.0,Fiat,10,litre,2.1,0.22,9.545455,0.1337579617834395
Maruti Wagon R VXI BS IV,Kolkata,2012,40000,Petrol,Manual,First,5.0,2.35,18.9,998.0,67.1,Maruti,8,litre,2.1,0.22,9.545455,0.11111111111111112
Mitsubishi Pajero 4X4 LHD,Bangalore,2012,155566,Diesel,Manual,Second,6.0,9.15,9.5,2835.0,118.6,Mitsubishi,8,litre,2.51,0.24,10.45833,0.26421052631578945
Honda Brio EX MT,Chennai,2013,42320,Petrol,Manual,First,5.0,2.9,19.4,1198.0,86.8,Honda,7,litre,2.1,0.22,9.545455,0.10824742268041239
Hyundai i20 Asta Option 1.4 CRDi,Coimbatore,2017,24153,Diesel,Manual,Second,5.0,9.18,22.54,1396.0,88.73,Hyundai,3,litre,2.51,0.24,10.45833,0.11135758651286601
Hyundai Creta 1.6 SX Plus Petrol Automatic,Mumbai,2016,27000,Petrol,Automatic,First,5.0,11.45,13.0,1591.0,121.3,Hyundai,4,litre,2.1,0.22,9.545455,0.16153846153846155
Maruti Alto Green LXi (CNG),Hyderabad,2012,92000,CNG,Manual,Second,5.0,2.1,26.83,796.0,38.4,Maruti,8,kg,2.5625,0.18,14.23611,0.09550875885203132
Honda Amaze S i-VTEC,Kochi,2017,61795,Petrol,Manual,First,5.0,5.53,17.8,1198.0,86.7,Honda,3,litre,2.1,0.22,9.545455,0.11797752808988764
Mahindra KUV 100 mFALCON G80 K6 Plus,Chennai,2016,13500,Petrol,Manual,First,6.0,3.75,18.15,1198.0,82.0,Mahindra,4,litre,2.1,0.22,9.545455,0.11570247933884299
Honda City i-VTEC CVT VX,Pune,2018,4500,Petrol,Automatic,First,5.0,12.5,18.0,1497.0,117.3,Honda,2,litre,2.1,0.22,9.545455,0.11666666666666667
Mahindra XUV500 AT W10 FWD,Mumbai,2017,23000,Diesel,Automatic,First,7.0,15.5,16.0,2179.0,140.0,Mahindra,3,litre,2.51,0.24,10.45833,0.156875
Hyundai Santro GLS I - Euro I,Pune,2011,65400,Petrol,Manual,First,5.0,2.1,0.0,1086.0,97.7,Hyundai,9,litre,2.1,0.22,9.545455,0.12352941176470589
Mercedes-Benz New C-Class 220 CDI AT,Mumbai,2013,80578,Diesel,Automatic,Second,5.0,14.5,14.84,2143.0,170.0,Mercedes-Benz,7,litre,2.51,0.24,10.45833,0.1691374663072776
Renault Duster 110PS Diesel RxZ AMT,Coimbatore,2017,42646,Diesel,Automatic,First,5.0,12.46,19.6,1461.0,108.45,Renault,3,litre,2.51,0.24,10.45833,0.1280612244897959
Volkswagen Polo 1.2 MPI Comfortline,Bangalore,2014,30000,Petrol,Manual,Second,5.0,5.25,16.47,1198.0,74.0,Volkswagen,6,litre,2.1,0.22,9.545455,0.12750455373406194
BMW 5 Series 520d Sedan,Delhi,2012,90000,Diesel,Automatic,First,5.0,14.5,18.48,1493.0,97.7,BMW,8,litre,2.51,0.24,10.45833,0.13582251082251082
Mercedes-Benz S Class 2005 2013 S 350 CDI,Bangalore,2009,98000,Diesel,Automatic,Second,5.0,25.0,13.5,2987.0,282.0,Mercedes-Benz,11,litre,2.51,0.24,10.45833,0.1859259259259259
Hyundai Santro GLS II - Euro II,Kochi,2012,66400,Petrol,Manual,First,5.0,2.66,0.0,1493.0,97.7,Hyundai,8,litre,2.1,0.22,9.545455,0.12352941176470589
Jaguar XJ 3.0L Premium Luxury,Hyderabad,2012,50000,Diesel,Automatic,First,4.0,45.0,12.9,2993.0,271.23,Jaguar,8,litre,2.51,0.24,10.45833,0.1945736434108527
Maruti Swift VDI,Jaipur,2015,63310,Diesel,Manual,First,5.0,5.1,28.4,1248.0,74.0,Maruti,5,litre,2.51,0.24,10.45833,0.08838028169014084
Honda Amaze S i-Dtech,Delhi,2014,66000,Diesel,Manual,First,5.0,3.5,25.8,1498.0,98.6,Honda,6,litre,2.51,0.24,10.45833,0.09728682170542635
BMW 3 Series 320d Highline,Ahmedabad,2011,74000,Diesel,Automatic,Second,5.0,12.5,16.07,1995.0,181.0,BMW,9,litre,2.51,0.24,10.45833,0.1561916614810205
Hyundai Verna 1.4 EX,Hyderabad,2012,93000,Diesel,Manual,First,5.0,5.55,23.5,1396.0,88.7,Hyundai,8,litre,2.51,0.24,10.45833,0.10680851063829787
Toyota Fortuner 4x2 4 Speed AT,Delhi,2015,70000,Diesel,Automatic,First,7.0,19.48,11.5,2982.0,169.0,Toyota,5,litre,2.51,0.24,10.45833,0.21826086956521737
Maruti Swift VXI,Ahmedabad,2012,48772,Petrol,Manual,First,5.0,3.91,18.6,1197.0,85.8,Maruti,8,litre,2.1,0.22,9.545455,0.11290322580645161
Chevrolet Beat LS,Chennai,2010,66000,Petrol,Manual,First,5.0,2.19,18.6,1199.0,79.4,Chevrolet,10,litre,2.1,0.22,9.545455,0.11290322580645161
Hyundai Grand i10 Asta Option AT,Coimbatore,2017,27417,Petrol,Automatic,First,5.0,6.89,18.9,1197.0,82.0,Hyundai,3,litre,2.1,0.22,9.545455,0.11111111111111112
Ford Figo Petrol ZXI,Coimbatore,2011,51593,Petrol,Manual,Second,5.0,3.47,15.6,1196.0,70.0,Ford,9,litre,2.1,0.22,9.545455,0.13461538461538464
Nissan Teana 230jM,Mumbai,2008,86340,Petrol,Automatic,Second,5.0,3.25,9.1,2349.0,97.7,Nissan,12,litre,2.1,0.22,9.545455,0.23076923076923078
Maruti Swift VXI BSIII,Pune,2010,75000,Petrol,Manual,First,5.0,2.85,16.1,1298.0,88.2,Maruti,10,litre,2.1,0.22,9.545455,0.13043478260869565
Audi A4 35 TDI Premium,Coimbatore,2016,39237,Diesel,Automatic,First,5.0,25.64,17.11,1968.0,174.33,Audi,4,litre,2.51,0.24,10.45833,0.146697837521917
Honda City V MT,Kochi,2018,11966,Petrol,Manual,First,5.0,10.28,16.8,1497.0,116.3,Honda,2,litre,2.1,0.22,9.545455,0.125
Honda Jazz V,Hyderabad,2015,37000,Petrol,Manual,First,5.0,6.3,18.2,1199.0,88.7,Honda,5,litre,2.1,0.22,9.545455,0.11538461538461539
Volkswagen Polo 1.5 TDI Highline,Chennai,2014,70920,Diesel,Manual,First,5.0,4.75,20.14,1498.0,88.8,Volkswagen,6,litre,2.51,0.24,10.45833,0.12462760675273087
Nissan Terrano XL D Option,Hyderabad,2013,65280,Diesel,Manual,First,5.0,5.8,19.87,1461.0,83.14,Nissan,7,litre,2.51,0.24,10.45833,0.1263210870659285
Land Rover Discovery Sport SD4 HSE Luxury 7S,Hyderabad,2016,62000,Diesel,Automatic,First,7.0,44.5,12.51,2179.0,187.7,Land,4,litre,2.51,0.24,10.45833,0.20063948840927257
Hyundai i20 Magna Optional 1.2,Kochi,2014,44525,Petrol,Manual,First,5.0,4.65,18.5,1197.0,82.9,Hyundai,6,litre,2.1,0.22,9.545455,0.11351351351351352
Honda City 1.5 E MT,Jaipur,2009,86863,Petrol,Manual,First,5.0,3.6,17.0,1497.0,118.0,Honda,11,litre,2.1,0.22,9.545455,0.12352941176470589
Mahindra XUV500 W10 AWD,Hyderabad,2015,102626,Diesel,Manual,First,7.0,12.25,16.0,2179.0,140.0,Mahindra,5,litre,2.51,0.24,10.45833,0.156875
Jeep Compass 2.0 Limited Option 4X4,Jaipur,2017,45000,Diesel,Manual,First,5.0,20.0,16.3,1956.0,170.0,Jeep,3,litre,2.51,0.24,10.45833,0.15398773006134966
Mahindra XUV500 W10 AWD,Jaipur,2017,22000,Diesel,Manual,First,7.0,16.0,16.0,2179.0,140.0,Mahindra,3,litre,2.51,0.24,10.45833,0.156875
Mahindra Scorpio VLX 4WD AIRBAG AT BSIV,Coimbatore,2011,108905,Diesel,Automatic,Second,8.0,6.21,11.79,2179.0,120.0,Mahindra,9,litre,2.51,0.24,10.45833,0.21289228159457166
Datsun GO Plus T,Kolkata,2016,12800,Petrol,Manual,First,7.0,3.25,19.44,1198.0,67.0,Datsun,4,litre,2.1,0.22,9.545455,0.10802469135802469
Mahindra Scorpio S6 Plus 7 Seater,Kolkata,2016,32000,Diesel,Manual,First,7.0,9.75,15.4,2179.0,120.0,Mahindra,4,litre,2.51,0.24,10.45833,0.16298701298701296
Honda Amaze S AT i-Vtech,Mumbai,2014,39000,Petrol,Automatic,First,5.0,4.45,15.5,1198.0,86.7,Honda,6,litre,2.1,0.22,9.545455,0.13548387096774195
Honda City i-DTEC ZX,Pune,2017,42000,Diesel,Manual,First,5.0,12.0,25.6,1498.0,98.6,Honda,3,litre,2.51,0.24,10.45833,0.09804687499999999
Tata Indigo GLE,Chennai,2008,73000,Petrol,Manual,First,5.0,0.8,14.4,1396.0,65.0,Tata,12,litre,2.1,0.22,9.545455,0.14583333333333334
Hyundai Grand i10 1.2 CRDi Sportz,Chennai,2018,48000,Diesel,Manual,First,5.0,5.95,24.0,1186.0,73.97,Hyundai,2,litre,2.51,0.24,10.45833,0.10458333333333332
Maruti Alto 800 2016-2019 CNG LXI,Pune,2015,18000,CNG,Manual,First,4.0,3.0,33.44,796.0,40.3,Maruti,5,kg,2.5625,0.18,14.23611,0.07662978468899521
Hyundai Verna 1.4 CX VTVT,Kolkata,2014,19000,Petrol,Manual,First,5.0,5.25,17.43,1396.0,105.5,Hyundai,6,litre,2.1,0.22,9.545455,0.12048192771084339
Toyota Innova Crysta 2.4 VX MT,Coimbatore,2019,33598,Diesel,Manual,First,7.0,22.2,13.68,2393.0,147.8,Toyota,1,litre,2.51,0.24,10.45833,0.1834795321637427
BMW X1 sDrive20d,Jaipur,2012,63000,Diesel,Automatic,First,5.0,13.5,17.05,1995.0,184.0,BMW,8,litre,2.51,0.24,10.45833,0.14721407624633429
Volkswagen Jetta 2013-2015 2.0L TDI Highline AT,Chennai,2015,48000,Diesel,Automatic,First,5.0,13.5,16.96,1968.0,138.03,Volkswagen,5,litre,2.51,0.24,10.45833,0.1479952830188679
Ford Figo Diesel ZXI,Delhi,2014,66000,Diesel,Manual,First,5.0,3.47,20.0,1399.0,68.05,Ford,6,litre,2.51,0.24,10.45833,0.1255
Mahindra Ssangyong Rexton RX7,Ahmedabad,2013,80000,Diesel,Automatic,Second,7.0,9.5,11.18,2696.0,184.0,Mahindra,7,litre,2.51,0.24,10.45833,0.22450805008944544
Volkswagen Vento Petrol Highline,Chennai,2011,37000,Petrol,Manual,First,5.0,4.8,15.04,1598.0,103.6,Volkswagen,9,litre,2.1,0.22,9.545455,0.1396276595744681
Skoda Rapid 1.6 MPI Ambition With Alloy Wheel,Kochi,2016,35058,Petrol,Manual,First,5.0,6.54,15.0,1598.0,103.52,Skoda,4,litre,2.1,0.22,9.545455,0.14
Volkswagen Polo Petrol Comfortline 1.2L,Delhi,2012,52000,Petrol,Manual,First,5.0,3.1,16.47,1198.0,73.9,Volkswagen,8,litre,2.1,0.22,9.545455,0.12750455373406194
Maruti S Cross DDiS 200 Delta,Hyderabad,2015,61313,Diesel,Manual,First,5.0,7.99,23.65,1248.0,88.5,Maruti,5,litre,2.51,0.24,10.45833,0.10613107822410148
Toyota Corolla Altis G,Kolkata,2009,45000,Petrol,Manual,Second,5.0,3.3,14.53,1798.0,138.1,Toyota,11,litre,2.1,0.22,9.545455,0.1445285615966965
Maruti Ertiga ZDI,Bangalore,2015,74000,Diesel,Manual,First,7.0,8.75,20.77,1248.0,88.8,Maruti,5,litre,2.51,0.24,10.45833,0.12084737602311024
Hyundai i10 Asta Sunroof AT,Hyderabad,2013,89000,Petrol,Automatic,First,5.0,4.19,19.2,1197.0,80.0,Hyundai,7,litre,2.1,0.22,9.545455,0.10937500000000001
Mercedes-Benz CLA 200 CDI Sport,Kochi,2019,13414,Diesel,Automatic,First,5.0,30.77,17.9,2143.0,136.0,Mercedes-Benz,1,litre,2.51,0.24,10.45833,0.14022346368715083
Honda City ZX VTEC,Jaipur,2006,95000,Petrol,Manual,Second,5.0,2.11,16.9,1497.0,100.0,Honda,14,litre,2.1,0.22,9.545455,0.12426035502958581
Mahindra KUV 100 G80 K8,Jaipur,2018,15900,Petrol,Manual,First,6.0,6.25,18.15,1198.0,82.0,Mahindra,2,litre,2.1,0.22,9.545455,0.11570247933884299
Toyota Fortuner 3.0 Diesel,Delhi,2011,151000,Diesel,Manual,First,7.0,11.4,11.5,2982.0,171.0,Toyota,9,litre,2.51,0.24,10.45833,0.21826086956521737
Honda City 1.5 V MT,Bangalore,2011,65000,Petrol,Manual,First,5.0,5.2,17.0,1497.0,118.0,Honda,9,litre,2.1,0.22,9.545455,0.12352941176470589
Audi A6 35 TDI Matrix,Coimbatore,2017,36824,Diesel,Automatic,First,5.0,39.84,18.53,1968.0,187.74,Audi,3,litre,2.51,0.24,10.45833,0.13545601726929302
Ford Figo Diesel ZXI,Coimbatore,2013,65287,Diesel,Manual,First,5.0,4.45,20.0,1399.0,68.05,Ford,7,litre,2.51,0.24,10.45833,0.1255
Mercedes-Benz GLA Class 200 CDI,Kolkata,2014,52000,Diesel,Automatic,First,5.0,19.5,17.9,2143.0,136.0,Mercedes-Benz,6,litre,2.51,0.24,10.45833,0.14022346368715083
Chevrolet Aveo U-VA 1.2 LS,Hyderabad,2007,33000,Petrol,Manual,First,5.0,1.75,15.26,1150.0,74.9,Chevrolet,13,litre,2.1,0.22,9.545455,0.13761467889908258
Ford Figo 2015-2019 1.5D Titanium MT,Hyderabad,2016,71000,Diesel,Manual,First,5.0,5.1,25.83,1498.0,99.0,Ford,4,litre,2.51,0.24,10.45833,0.09717382888114595
Hyundai Elantra CRDi SX AT,Delhi,2013,71000,Diesel,Automatic,First,5.0,6.8,22.7,1582.0,126.2,Hyundai,7,litre,2.51,0.24,10.45833,0.11057268722466959
Maruti Baleno Zeta CVT,Kolkata,2016,20000,Petrol,Automatic,First,5.0,5.74,21.4,1197.0,83.1,Maruti,4,litre,2.1,0.22,9.545455,0.09813084112149534
Maruti Swift LXi BSIV,Hyderabad,2010,71000,Petrol,Manual,First,5.0,3.3,16.1,1197.0,85.0,Maruti,10,litre,2.1,0.22,9.545455,0.13043478260869565
Mercedes-Benz CLS-Class 2006-2010 350 CDI,Hyderabad,2010,29000,Diesel,Automatic,First,4.0,32.0,9.9,3498.0,271.72,Mercedes-Benz,10,litre,2.51,0.24,10.45833,0.2535353535353535
BMW 3 Series Luxury Line,Ahmedabad,2016,27000,Diesel,Automatic,First,5.0,35.0,21.76,1995.0,190.0,BMW,4,litre,2.51,0.24,10.45833,0.11534926470588233
Maruti Dzire AMT ZDI Plus,Chennai,2017,19000,Diesel,Automatic,First,5.0,8.9,28.4,1248.0,73.75,Maruti,3,litre,2.51,0.24,10.45833,0.08838028169014084
Hyundai Verna 1.6 SX VTVT,Mumbai,2011,58000,Petrol,Manual,Second,5.0,4.0,17.01,1591.0,121.3,Hyundai,9,litre,2.1,0.22,9.545455,0.12345679012345678
Jeep Compass 2.0 Longitude,Kochi,2018,42203,Diesel,Manual,First,5.0,19.46,17.1,1956.0,170.0,Jeep,2,litre,2.51,0.24,10.45833,0.14678362573099413
Hyundai Sonata Embera 2.0L CRDi AT,Hyderabad,2009,94000,Diesel,Automatic,First,5.0,5.25,11.4,1991.0,142.0,Hyundai,11,litre,2.51,0.24,10.45833,0.2201754385964912
Maruti Eeco 5 STR With AC Plus HTR CNG,Delhi,2013,52000,CNG,Manual,Second,5.0,2.6,15.1,1196.0,73.0,Maruti,7,kg,2.5625,0.18,14.23611,0.1697019867549669
Tata Nexon 1.5 Revotorq XZ Plus Dual Tone,Kolkata,2018,4900,Diesel,Manual,First,5.0,9.22,21.5,1497.0,108.5,Tata,2,litre,2.51,0.24,10.45833,0.11674418604651161
Hyundai EON Era Plus,Jaipur,2013,70000,Petrol,Manual,First,5.0,1.8,21.1,814.0,55.2,Hyundai,7,litre,2.1,0.22,9.545455,0.0995260663507109
Tata Indica DLS,Hyderabad,2005,100000,Diesel,Manual,Second,5.0,1.3,13.5,1405.0,97.7,Tata,15,litre,2.51,0.24,10.45833,0.1859259259259259
BMW 5 Series 2013-2017 530d M Sport,Kochi,2015,65266,Diesel,Automatic,First,5.0,31.75,14.69,2993.0,258.0,BMW,5,litre,2.51,0.24,10.45833,0.1708645336963921
Maruti Ertiga VDI,Delhi,2014,54569,Diesel,Manual,First,7.0,5.99,20.77,1248.0,88.76,Maruti,6,litre,2.51,0.24,10.45833,0.12084737602311024
Honda Amaze E i-Vtech,Kochi,2015,51361,Petrol,Manual,First,5.0,4.94,18.0,1198.0,86.7,Honda,5,litre,2.1,0.22,9.545455,0.11666666666666667
Ford Fiesta 1.4 Duratec ZXI,Jaipur,2007,125000,Petrol,Manual,Third,5.0,1.5,16.6,1388.0,68.0,Ford,13,litre,2.1,0.22,9.545455,0.12650602409638553
Honda Civic 2006-2010 1.8 V MT,Bangalore,2008,66000,Petrol,Manual,Third,5.0,3.25,13.5,1799.0,130.0,Honda,12,litre,2.1,0.22,9.545455,0.15555555555555556
Maruti Wagon R LX DUO BSIII,Hyderabad,2007,65047,LPG,Manual,First,5.0,1.95,17.3,1061.0,57.5,Maruti,13,litre,1.56,0.21,7.428571,0.09017341040462427
Maruti Ertiga ZDI,Delhi,2014,22281,Diesel,Manual,First,7.0,6.5,20.77,1248.0,88.8,Maruti,6,litre,2.51,0.24,10.45833,0.12084737602311024
Hyundai Grand i10 CRDi Sportz,Delhi,2013,63210,Diesel,Manual,First,5.0,3.71,24.0,1120.0,70.0,Hyundai,7,litre,2.51,0.24,10.45833,0.10458333333333332
Hyundai Xcent 1.2 VTVT E Plus,Pune,2018,31000,Petrol,Manual,First,5.0,5.0,20.14,1197.0,81.86,Hyundai,2,litre,2.1,0.22,9.545455,0.10427010923535253
Hyundai i10 Era,Ahmedabad,2008,60000,Petrol,Manual,First,5.0,1.99,19.81,1086.0,68.05,Hyundai,12,litre,2.1,0.22,9.545455,0.1060070671378092
Honda Amaze S i-Vtech,Mumbai,2017,32006,Petrol,Manual,First,5.0,4.25,18.0,1198.0,86.7,Honda,3,litre,2.1,0.22,9.545455,0.11666666666666667
Audi A6 2.7 TDI,Ahmedabad,2009,78000,Diesel,Automatic,First,5.0,8.0,12.4,2698.0,179.5,Audi,11,litre,2.51,0.24,10.45833,0.20241935483870965
Hyundai i10 Magna 1.2 iTech SE,Mumbai,2011,9489,Petrol,Manual,First,5.0,2.95,20.36,1197.0,78.9,Hyundai,9,litre,2.1,0.22,9.545455,0.1031434184675835
Renault KWID RXT Optional,Pune,2018,5000,Petrol,Manual,First,5.0,3.5,25.17,799.0,53.3,Renault,2,litre,2.1,0.22,9.545455,0.08343265792610251
Audi A4 New 2.0 TDI Multitronic,Jaipur,2012,60000,Diesel,Automatic,Second,5.0,16.0,15.2,1968.0,140.8,Audi,8,litre,2.51,0.24,10.45833,0.1651315789473684
Maruti Alto 800 LXI Airbag,Jaipur,2015,50000,Petrol,Manual,First,5.0,2.75,22.74,796.0,47.3,Maruti,5,litre,2.1,0.22,9.545455,0.09234828496042218
Honda City i VTEC VX Option,Delhi,2015,53000,Petrol,Manual,First,5.0,6.95,17.8,1497.0,117.3,Honda,5,litre,2.1,0.22,9.545455,0.11797752808988764
Mercedes-Benz New C-Class C250 Avantgarde,Delhi,2011,64000,Petrol,Automatic,Second,5.0,12.5,11.74,1796.0,186.0,Mercedes-Benz,9,litre,2.1,0.22,9.545455,0.1788756388415673
Audi Q5 3.0 TDI Quattro Technology,Coimbatore,2017,43827,Diesel,Automatic,First,5.0,36.83,13.22,2967.0,241.4,Audi,3,litre,2.51,0.24,10.45833,0.18986384266263234
Volkswagen Polo 1.2 MPI Comfortline,Pune,2011,36431,Petrol,Manual,First,5.0,2.7,16.2,1199.0,74.0,Volkswagen,9,litre,2.1,0.22,9.545455,0.12962962962962965
Hyundai Creta 1.4 E Plus Diesel,Mumbai,2017,35000,Diesel,Manual,First,5.0,9.9,21.38,1396.0,88.7,Hyundai,3,litre,2.51,0.24,10.45833,0.11739943872778297
Honda City 1.5 V MT,Kochi,2011,94832,Petrol,Manual,First,5.0,3.83,17.0,1497.0,118.0,Honda,9,litre,2.1,0.22,9.545455,0.12352941176470589
Honda City 1.5 S MT,Coimbatore,2012,88381,Petrol,Manual,First,5.0,5.25,17.0,1497.0,118.0,Honda,8,litre,2.1,0.22,9.545455,0.12352941176470589
Maruti S Cross DDiS 320 Alpha,Kolkata,2016,45194,Diesel,Manual,First,5.0,7.75,22.7,1598.0,118.0,Maruti,4,litre,2.51,0.24,10.45833,0.11057268722466959
Maruti SX4 Vxi BSIV,Mumbai,2010,66000,Petrol,Manual,Second,5.0,2.46,16.51,1586.0,103.2,Maruti,10,litre,2.1,0.22,9.545455,0.12719563900666261
Maruti Swift Dzire VDI,Kolkata,2014,38578,Diesel,Manual,First,5.0,3.96,23.4,1248.0,74.0,Maruti,6,litre,2.51,0.24,10.45833,0.10726495726495726
Maruti Ertiga ZDI,Chennai,2015,40000,Diesel,Manual,First,7.0,8.25,20.77,1248.0,88.8,Maruti,5,litre,2.51,0.24,10.45833,0.12084737602311024
Hyundai i20 1.2 Spotz,Coimbatore,2018,20632,Petrol,Manual,First,5.0,7.58,18.6,1197.0,81.83,Hyundai,2,litre,2.1,0.22,9.545455,0.11290322580645161
Hyundai Grand i10 CRDi Magna,Hyderabad,2014,73042,Diesel,Manual,First,5.0,3.99,24.0,1120.0,70.0,Hyundai,6,litre,2.51,0.24,10.45833,0.10458333333333332
Honda City i VTEC SV,Delhi,2014,54257,Petrol,Manual,First,5.0,6.25,17.4,1497.0,117.3,Honda,6,litre,2.1,0.22,9.545455,0.12068965517241381
Skoda Rapid 1.6 TDI Elegance,Hyderabad,2013,93000,Diesel,Manual,First,5.0,5.0,20.5,1598.0,103.5,Skoda,7,litre,2.51,0.24,10.45833,0.12243902439024389
Mercedes-Benz E-Class E270 CDI,Hyderabad,2005,102000,Diesel,Automatic,Second,5.0,4.65,11.0,2987.0,198.5,Mercedes-Benz,15,litre,2.51,0.24,10.45833,0.22818181818181815
Hyundai Santa Fe 4WD AT,Coimbatore,2016,28881,Diesel,Automatic,First,7.0,21.37,13.01,2199.0,194.3,Hyundai,4,litre,2.51,0.24,10.45833,0.1929285165257494
Maruti Alto LXi,Hyderabad,2007,52195,Petrol,Manual,First,5.0,1.75,19.7,796.0,46.3,Maruti,13,litre,2.1,0.22,9.545455,0.10659898477157362
ISUZU D-MAX V-Cross 4X4,Coimbatore,2018,20422,Diesel,Manual,First,5.0,16.09,12.4,2499.0,134.0,ISUZU,2,litre,2.51,0.24,10.45833,0.20241935483870965
Hyundai Verna 1.4 CRDi GL,Kolkata,2012,38000,Diesel,Manual,First,5.0,4.1,24.8,1396.0,88.7,Hyundai,8,litre,2.51,0.24,10.45833,0.10120967741935483
Ford Figo Diesel ZXI,Coimbatore,2015,92885,Diesel,Manual,First,5.0,3.56,20.0,1399.0,68.0,Ford,5,litre,2.51,0.24,10.45833,0.1255
Honda City 1.5 S MT,Pune,2010,43000,Petrol,Manual,Second,5.0,4.21,17.0,1497.0,118.0,Honda,10,litre,2.1,0.22,9.545455,0.12352941176470589
Maruti Swift VDI BSIV W ABS,Coimbatore,2016,70478,Diesel,Manual,First,5.0,6.86,17.8,1248.0,97.7,Maruti,4,litre,2.51,0.24,10.45833,0.14101123595505616
Hyundai Verna 1.6 CRDi S,Delhi,2015,57000,Diesel,Manual,First,5.0,6.6,23.9,1582.0,126.2,Hyundai,5,litre,2.51,0.24,10.45833,0.10502092050209205
Hyundai Creta 1.6 SX Plus Petrol Automatic,Coimbatore,2018,32434,Petrol,Automatic,First,5.0,14.35,13.0,1591.0,121.3,Hyundai,2,litre,2.1,0.22,9.545455,0.16153846153846155
Ford Ecosport 1.5 DV5 MT Titanium,Hyderabad,2017,32000,Diesel,Manual,First,5.0,9.5,22.7,1498.0,89.84,Ford,3,litre,2.51,0.24,10.45833,0.11057268722466959
BMW X6 xDrive30d,Delhi,2011,59000,Diesel,Automatic,First,4.0,21.9,11.2,2993.0,241.0,BMW,9,litre,2.51,0.24,10.45833,0.22410714285714287
BMW 5 Series 2013-2017 520d Luxury Line,Coimbatore,2016,76467,Diesel,Automatic,First,5.0,30.45,18.12,1995.0,190.0,BMW,4,litre,2.51,0.24,10.45833,0.13852097130242824
Ford Figo Aspire 1.5 TDCi Ambiente,Hyderabad,2016,100000,Diesel,Manual,First,5.0,5.1,25.83,1498.0,99.0,Ford,4,litre,2.51,0.24,10.45833,0.09717382888114595
Hyundai Verna VTVT 1.6 AT EX,Pune,2013,37086,Petrol,Automatic,First,5.0,5.44,17.0,1591.0,121.3,Hyundai,7,litre,2.1,0.22,9.545455,0.12352941176470589
Ford Ikon 1.4 TDCi DuraTorq,Jaipur,2010,135000,Diesel,Manual,First,5.0,1.6,13.8,1399.0,68.0,Ford,10,litre,2.51,0.24,10.45833,0.18188405797101448
Audi A6 2011-2015 2.0 TDI,Kochi,2014,54862,Diesel,Automatic,First,5.0,16.67,17.68,1968.0,174.33,Audi,6,litre,2.51,0.24,10.45833,0.1419683257918552
Honda CR-V Sport,Hyderabad,2010,67758,Petrol,Manual,First,5.0,9.5,10.8,2354.0,97.7,Honda,10,litre,2.1,0.22,9.545455,0.19444444444444445
Hyundai i20 2015-2017 Sportz AT 1.4,Pune,2012,56200,Petrol,Automatic,First,5.0,3.85,15.0,1396.0,98.6,Hyundai,8,litre,2.1,0.22,9.545455,0.14
Toyota Fortuner 2.8 4WD MT,Kochi,2011,169006,Diesel,Manual,First,7.0,10.64,14.24,2755.0,174.5,Toyota,9,litre,2.51,0.24,10.45833,0.1762640449438202
Renault KWID RXT,Bangalore,2016,20229,Petrol,Manual,First,5.0,3.5,25.17,799.0,53.3,Renault,4,litre,2.1,0.22,9.545455,0.08343265792610251
Chevrolet Spark 1.0 LT,Chennai,2008,62000,Petrol,Manual,Third,5.0,1.1,18.0,995.0,62.0,Chevrolet,12,litre,2.1,0.22,9.545455,0.11666666666666667
Hyundai Verna Transform VTVT,Hyderabad,2011,51500,Petrol,Manual,Second,5.0,2.6,16.2,1599.0,103.2,Hyundai,9,litre,2.1,0.22,9.545455,0.12962962962962965
BMW 3 Series 320d Sport Line,Hyderabad,2012,69000,Diesel,Automatic,First,5.0,18.5,18.88,1995.0,184.0,BMW,8,litre,2.51,0.24,10.45833,0.1329449152542373
Hyundai Santro Xing XP,Bangalore,2004,167000,Petrol,Manual,First,5.0,1.35,0.0,1086.0,97.7,Hyundai,16,litre,2.1,0.22,9.545455,0.12352941176470589
Maruti Swift Dzire VDI,Hyderabad,2015,62476,Diesel,Manual,First,5.0,7.95,26.59,1248.0,74.0,Maruti,5,litre,2.51,0.24,10.45833,0.09439638962015795
Hyundai Xcent 1.2 CRDi E Plus,Jaipur,2017,60500,Diesel,Manual,First,5.0,5.49,25.4,1186.0,73.97,Hyundai,3,litre,2.51,0.24,10.45833,0.09881889763779528
Honda Jazz V CVT,Mumbai,2017,17978,Petrol,Automatic,First,5.0,6.95,19.0,1199.0,88.7,Honda,3,litre,2.1,0.22,9.545455,0.1105263157894737
Tata Indigo LS,Jaipur,2008,300000,Diesel,Manual,First,5.0,1.0,17.0,1405.0,70.0,Tata,12,litre,2.51,0.24,10.45833,0.1476470588235294
Ford Fiesta Classic 1.4 Duratorq CLXI,Chennai,2013,123000,Diesel,Manual,Second,5.0,4.45,17.8,1399.0,67.0,Ford,7,litre,2.51,0.24,10.45833,0.14101123595505616
Maruti S-Cross Alpha DDiS 200 SH,Kolkata,2016,45296,Diesel,Manual,First,5.0,6.99,25.1,1248.0,88.5,Maruti,4,litre,2.51,0.24,10.45833,0.09999999999999999
Maruti SX4 Zxi with Leather BSIII,Coimbatore,2008,77325,Petrol,Manual,First,5.0,3.51,15.6,1586.0,104.68,Maruti,12,litre,2.1,0.22,9.545455,0.13461538461538464
Maruti Baleno Zeta Automatic,Kochi,2018,25858,Petrol,Automatic,First,5.0,7.54,21.4,1197.0,83.1,Maruti,2,litre,2.1,0.22,9.545455,0.09813084112149534
Maruti Ritz LDi,Bangalore,2016,120000,Diesel,Manual,First,5.0,3.65,23.2,1248.0,73.94,Maruti,4,litre,2.51,0.24,10.45833,0.10818965517241379
Hyundai Elantra CRDi SX AT,Ahmedabad,2016,22000,Diesel,Automatic,First,5.0,16.0,19.5,1582.0,126.24,Hyundai,4,litre,2.51,0.24,10.45833,0.1287179487179487
Chevrolet Spark 1.0 LT,Kolkata,2012,11000,Petrol,Manual,First,5.0,1.4,16.2,995.0,62.1,Chevrolet,8,litre,2.1,0.22,9.545455,0.12962962962962965
Hyundai i20 1.2 Spotz,Mumbai,2017,3900,Petrol,Manual,First,5.0,6.45,18.6,1197.0,81.83,Hyundai,3,litre,2.1,0.22,9.545455,0.11290322580645161
Hyundai Xcent 1.1 CRDi Base,Hyderabad,2016,106092,Diesel,Manual,First,5.0,4.4,24.4,1120.0,71.0,Hyundai,4,litre,2.51,0.24,10.45833,0.10286885245901639
Honda Jazz 1.2 V CVT i VTEC,Delhi,2015,27000,Petrol,Automatic,First,5.0,5.95,19.0,1199.0,88.7,Honda,5,litre,2.1,0.22,9.545455,0.1105263157894737
Honda Brio S MT,Ahmedabad,2013,11000,Petrol,Manual,First,5.0,3.9,19.4,1198.0,86.8,Honda,7,litre,2.1,0.22,9.545455,0.10824742268041239
Mercedes-Benz E-Class E250 CDI Avantgrade,Coimbatore,2016,39753,Diesel,Automatic,First,5.0,35.28,13.0,2143.0,201.1,Mercedes-Benz,4,litre,2.51,0.24,10.45833,0.19307692307692306
Tata Hexa XT,Pune,2017,39800,Diesel,Manual,First,7.0,14.25,17.6,2179.0,153.86,Tata,3,litre,2.51,0.24,10.45833,0.14261363636363633
Hyundai Xcent 1.1 CRDi Base,Pune,2017,73000,Diesel,Manual,First,5.0,4.5,24.4,1120.0,71.0,Hyundai,3,litre,2.51,0.24,10.45833,0.10286885245901639
Ford Ecosport 1.5 DV5 MT Titanium Optional,Pune,2015,55000,Diesel,Manual,First,5.0,7.5,22.7,1498.0,89.84,Ford,5,litre,2.51,0.24,10.45833,0.11057268722466959
Tata Nano XTA,Coimbatore,2017,18351,Petrol,Automatic,First,4.0,3.41,21.9,624.0,37.48,Tata,3,litre,2.1,0.22,9.545455,0.09589041095890412
Honda Brio VX,Pune,2013,45000,Petrol,Manual,Second,5.0,3.25,19.4,1198.0,86.8,Honda,7,litre,2.1,0.22,9.545455,0.10824742268041239
Maruti Ertiga SHVS ZDI Plus,Hyderabad,2016,112200,Diesel,Manual,First,7.0,8.3,24.52,1248.0,88.5,Maruti,4,litre,2.51,0.24,10.45833,0.10236541598694943
Hyundai i10 Sportz 1.2,Bangalore,2010,29000,Petrol,Manual,First,5.0,3.45,20.36,1197.0,78.9,Hyundai,10,litre,2.1,0.22,9.545455,0.1031434184675835
Hyundai Santro Xing XO,Hyderabad,2007,57309,Petrol,Manual,First,5.0,2.1,17.0,1086.0,97.7,Hyundai,13,litre,2.1,0.22,9.545455,0.12352941176470589
Mahindra XUV500 W10 2WD,Mumbai,2015,53392,Diesel,Manual,First,7.0,11.95,16.0,2179.0,140.0,Mahindra,5,litre,2.51,0.24,10.45833,0.156875
Volkswagen Vento Diesel Highline,Hyderabad,2010,71000,Diesel,Manual,First,5.0,4.25,20.54,1598.0,103.6,Volkswagen,10,litre,2.51,0.24,10.45833,0.12220058422590067
Tata Safari Storme 2012-2015 VX,Hyderabad,2014,93000,Diesel,Manual,First,7.0,8.25,14.0,2179.0,138.1,Tata,6,litre,2.51,0.24,10.45833,0.17928571428571427
Honda Accord 2.4 Elegance M/T,Hyderabad,2010,119000,Petrol,Manual,First,5.0,5.95,10.2,2354.0,180.0,Honda,10,litre,2.1,0.22,9.545455,0.2058823529411765
Maruti Eeco 7 Seater Standard,Coimbatore,2016,42225,Petrol,Manual,First,7.0,4.3,15.1,1196.0,73.0,Maruti,4,litre,2.1,0.22,9.545455,0.13907284768211922
Maruti Swift VDI,Ahmedabad,2012,65000,Diesel,Manual,First,5.0,3.9,22.9,1248.0,74.0,Maruti,8,litre,2.51,0.24,10.45833,0.10960698689956332
Maruti Baleno Zeta Automatic,Pune,2016,27809,Petrol,Automatic,First,5.0,6.41,21.4,1197.0,83.1,Maruti,4,litre,2.1,0.22,9.545455,0.09813084112149534
Mahindra XUV500 W8 2WD,Coimbatore,2015,65100,Diesel,Manual,First,7.0,8.36,15.1,2179.0,140.0,Mahindra,5,litre,2.51,0.24,10.45833,0.1662251655629139
Hyundai Xcent 1.2 Kappa S,Chennai,2014,51000,Petrol,Manual,First,5.0,3.85,19.1,1197.0,82.0,Hyundai,6,litre,2.1,0.22,9.545455,0.10994764397905758
Mercedes-Benz New C-Class C 220 CDI Style,Hyderabad,2017,10000,Diesel,Automatic,First,5.0,36.0,19.27,2143.0,167.62,Mercedes-Benz,3,litre,2.51,0.24,10.45833,0.1302542812662169
Skoda Superb 1.8 TSI MT,Kolkata,2011,54895,Petrol,Manual,First,5.0,7.5,13.14,1798.0,160.0,Skoda,9,litre,2.1,0.22,9.545455,0.1598173515981735
Volkswagen CrossPolo 1.5 TDI,Hyderabad,2015,80768,Diesel,Manual,First,5.0,5.7,20.14,1498.0,88.73,Volkswagen,5,litre,2.51,0.24,10.45833,0.12462760675273087
Maruti Ignis 1.2 Delta,Kochi,2019,12076,Petrol,Manual,First,5.0,5.5,20.89,1197.0,81.8,Maruti,1,litre,2.1,0.22,9.545455,0.10052656773575874
Maruti Swift VDI BSIV,Chennai,2016,49000,Diesel,Manual,First,5.0,5.9,25.2,1248.0,74.0,Maruti,4,litre,2.51,0.24,10.45833,0.0996031746031746
Honda City i VTEC VX Option,Mumbai,2015,42366,Petrol,Manual,First,5.0,7.75,17.8,1497.0,117.3,Honda,5,litre,2.1,0.22,9.545455,0.11797752808988764
BMW 5 Series 530d Highline Sedan,Ahmedabad,2010,68000,Diesel,Automatic,First,5.0,18.0,11.5,2993.0,235.0,BMW,10,litre,2.51,0.24,10.45833,0.21826086956521737
Skoda Laura Ambiente,Hyderabad,2008,122397,Diesel,Manual,First,5.0,4.4,17.5,1896.0,106.0,Skoda,12,litre,2.51,0.24,10.45833,0.1434285714285714
Volkswagen Polo GT TSI,Coimbatore,2017,50534,Petrol,Automatic,First,5.0,8.27,17.21,1197.0,103.5,Volkswagen,3,litre,2.1,0.22,9.545455,0.12202208018593841
Renault Duster 85PS Diesel RxL,Ahmedabad,2014,55300,Diesel,Manual,First,5.0,4.75,19.87,1461.0,83.8,Renault,6,litre,2.51,0.24,10.45833,0.1263210870659285
Honda City 1.5 S AT,Hyderabad,2008,73095,Petrol,Automatic,First,5.0,3.8,16.8,1497.0,118.0,Honda,12,litre,2.1,0.22,9.545455,0.125
Volkswagen Vento Diesel Highline,Ahmedabad,2011,51100,Diesel,Manual,First,5.0,3.4,20.54,1598.0,103.6,Volkswagen,9,litre,2.51,0.24,10.45833,0.12220058422590067
Hyundai Grand i10 Sportz,Pune,2016,13436,Petrol,Manual,Second,5.0,4.7,18.9,1197.0,82.0,Hyundai,4,litre,2.1,0.22,9.545455,0.11111111111111112
Ford Fiesta 1.4 ZXi Duratec,Pune,2008,76000,Petrol,Manual,Second,5.0,1.49,16.6,1388.0,68.0,Ford,12,litre,2.1,0.22,9.545455,0.12650602409638553
Hyundai Xcent 1.1 CRDi S,Mumbai,2016,63141,Diesel,Manual,Second,5.0,4.5,24.4,1120.0,71.0,Hyundai,4,litre,2.51,0.24,10.45833,0.10286885245901639
Honda Amaze VX i-DTEC,Hyderabad,2014,74885,Diesel,Manual,First,5.0,5.4,25.8,1498.0,98.6,Honda,6,litre,2.51,0.24,10.45833,0.09728682170542635
Honda City i VTEC CVT VX,Hyderabad,2016,14000,Petrol,Automatic,First,5.0,11.5,18.0,1497.0,117.3,Honda,4,litre,2.1,0.22,9.545455,0.11666666666666667
Renault Fluence 1.5,Pune,2012,56000,Diesel,Manual,Second,5.0,3.5,20.4,1461.0,108.5,Renault,8,litre,2.51,0.24,10.45833,0.1230392156862745
BMW 5 Series 520d Luxury Line,Ahmedabad,2010,46000,Diesel,Automatic,First,5.0,16.5,22.48,1995.0,190.0,BMW,10,litre,2.51,0.24,10.45833,0.11165480427046262
Maruti SX4 ZXI MT BSIV,Mumbai,2012,51800,Petrol,Manual,First,5.0,3.9,15.5,1586.0,103.3,Maruti,8,litre,2.1,0.22,9.545455,0.13548387096774195
Honda City ZX CVT,Hyderabad,2007,81000,Petrol,Automatic,First,5.0,3.25,16.4,1497.0,78.0,Honda,13,litre,2.1,0.22,9.545455,0.12804878048780488
Volkswagen Ameo 1.2 MPI Comfortline,Kochi,2018,17370,Petrol,Manual,First,5.0,5.84,17.0,1198.0,73.75,Volkswagen,2,litre,2.1,0.22,9.545455,0.12352941176470589
Volkswagen Ameo 1.2 MPI Comfortline,Hyderabad,2016,18456,Petrol,Manual,First,5.0,5.75,17.0,1198.0,73.75,Volkswagen,4,litre,2.1,0.22,9.545455,0.12352941176470589
Audi A4 2.0 TDI Multitronic,Delhi,2010,59000,Diesel,Automatic,First,5.0,10.0,16.55,1968.0,140.0,Audi,10,litre,2.51,0.24,10.45833,0.15166163141993955
Maruti Wagon R VXI,Mumbai,2006,141537,Petrol,Manual,Second,5.0,1.05,18.9,998.0,67.1,Maruti,14,litre,2.1,0.22,9.545455,0.11111111111111112
Hyundai Verna SX CRDi AT,Delhi,2013,51000,Diesel,Automatic,First,5.0,5.64,19.08,1582.0,126.32,Hyundai,7,litre,2.51,0.24,10.45833,0.13155136268343814
Mercedes-Benz GLC 220d 4MATIC Style,Coimbatore,2019,29311,Diesel,Automatic,First,5.0,50.97,17.9,2143.0,170.0,Mercedes-Benz,1,litre,2.51,0.24,10.45833,0.14022346368715083
BMW 3 Series Luxury Line,Mumbai,2016,31000,Diesel,Automatic,First,5.0,29.95,21.76,1995.0,190.0,BMW,4,litre,2.51,0.24,10.45833,0.11534926470588233
Honda Mobilio V Option i DTEC,Mumbai,2014,80000,Diesel,Manual,Second,7.0,4.85,24.2,1498.0,98.6,Honda,6,litre,2.51,0.24,10.45833,0.1037190082644628
Hyundai Creta 1.6 CRDi AT SX Plus,Hyderabad,2016,33000,Diesel,Automatic,First,5.0,14.5,17.01,1582.0,126.2,Hyundai,4,litre,2.51,0.24,10.45833,0.14756025867136977
Honda City 1.5 S MT,Hyderabad,2011,71556,Petrol,Manual,First,5.0,5.5,17.0,1497.0,118.0,Honda,9,litre,2.1,0.22,9.545455,0.12352941176470589
Ford Fiesta 1.4 TDCi EXI,Bangalore,2011,85000,Diesel,Manual,First,5.0,3.2,17.8,1399.0,68.0,Ford,9,litre,2.51,0.24,10.45833,0.14101123595505616
Maruti Swift Dzire LDI,Chennai,2016,91000,Diesel,Manual,First,5.0,4.5,26.59,1248.0,74.0,Maruti,4,litre,2.51,0.24,10.45833,0.09439638962015795
Mercedes-Benz E-Class E250 CDI Launch Edition,Coimbatore,2015,73187,Diesel,Automatic,First,5.0,30.72,13.0,2143.0,204.0,Mercedes-Benz,5,litre,2.51,0.24,10.45833,0.19307692307692306
Chevrolet Captiva LT,Jaipur,2009,232000,Diesel,Manual,First,7.0,3.5,11.5,1991.0,147.9,Chevrolet,11,litre,2.51,0.24,10.45833,0.21826086956521737
Toyota Innova 2.5 V Diesel 7-seater,Bangalore,2007,127079,Diesel,Manual,First,7.0,6.99,12.8,2494.0,102.0,Toyota,13,litre,2.51,0.24,10.45833,0.19609374999999998
Mahindra Quanto C8,Kochi,2014,58816,Diesel,Manual,First,7.0,3.45,17.21,1493.0,100.0,Mahindra,6,litre,2.51,0.24,10.45833,0.1458454386984311
Honda City i VTEC V,Kochi,2015,63818,Petrol,Manual,First,5.0,6.57,17.4,1497.0,117.3,Honda,5,litre,2.1,0.22,9.545455,0.12068965517241381
Audi A4 2.0 TDI 177 Bhp Premium Plus,Kolkata,2014,40000,Diesel,Automatic,First,5.0,17.5,17.11,1968.0,174.33,Audi,6,litre,2.51,0.24,10.45833,0.146697837521917
Volkswagen Polo Diesel Comfortline 1.2L,Delhi,2013,77445,Diesel,Manual,First,5.0,3.75,22.07,1199.0,73.9,Volkswagen,7,litre,2.51,0.24,10.45833,0.11372904395106478
Ford EcoSport 1.5 Petrol Titanium Plus AT,Pune,2017,14000,Petrol,Automatic,First,5.0,9.99,14.8,1497.0,121.36,Ford,3,litre,2.1,0.22,9.545455,0.14189189189189189
Toyota Innova 2.5 G (Diesel) 7 Seater BS IV,Kolkata,2012,85122,Diesel,Manual,First,7.0,8.2,12.99,2494.0,100.0,Toyota,8,litre,2.51,0.24,10.45833,0.193225558121632
Honda City 1.5 EXI,Jaipur,2005,123000,Petrol,Manual,Third,5.0,1.1,13.0,1493.0,100.0,Honda,15,litre,2.1,0.22,9.545455,0.16153846153846155
Maruti SX4 Green Vxi (CNG),Kochi,2015,61000,CNG,Manual,First,5.0,3.89,22.1,1586.0,85.7,Maruti,5,kg,2.5625,0.18,14.23611,0.11595022624434388
Maruti Alto 800 2016-2019 LXI Optional,Chennai,2015,63714,Petrol,Manual,First,5.0,2.45,24.7,796.0,47.3,Maruti,5,litre,2.1,0.22,9.545455,0.08502024291497977
Mercedes-Benz M-Class ML 320 CDI,Pune,2009,53000,Diesel,Automatic,First,5.0,13.75,8.7,2987.0,224.34,Mercedes-Benz,11,litre,2.51,0.24,10.45833,0.2885057471264368
Maruti Swift Dzire LDI,Kolkata,2017,60000,Diesel,Manual,First,5.0,3.0,26.59,1248.0,74.0,Maruti,3,litre,2.51,0.24,10.45833,0.09439638962015795
Maruti Vitara Brezza ZDi Plus Dual Tone,Ahmedabad,2017,33000,Diesel,Manual,First,5.0,9.25,24.3,1248.0,88.5,Maruti,3,litre,2.51,0.24,10.45833,0.10329218106995884
Volvo S60 D5 Summum,Mumbai,2013,31000,Diesel,Automatic,First,5.0,17.65,13.2,2400.0,215.0,Volvo,7,litre,2.51,0.24,10.45833,0.19015151515151515
Toyota Fortuner 4x2 AT,Delhi,2014,79000,Diesel,Automatic,First,7.0,18.25,12.55,2982.0,168.5,Toyota,6,litre,2.51,0.24,10.45833,0.19999999999999998
Hyundai i20 Sportz Option Diesel,Kochi,2013,67914,Diesel,Manual,First,5.0,3.45,23.0,1396.0,90.0,Hyundai,7,litre,2.51,0.24,10.45833,0.10913043478260868
Audi A4 35 TDI Premium,Bangalore,2015,58970,Diesel,Automatic,First,5.0,23.75,17.11,1968.0,174.33,Audi,5,litre,2.51,0.24,10.45833,0.146697837521917
Nissan Terrano XV D Pre,Mumbai,2013,60000,Diesel,Manual,Second,5.0,5.45,19.64,1461.0,108.5,Nissan,7,litre,2.51,0.24,10.45833,0.12780040733197554
Maruti Celerio ZXI AMT,Coimbatore,2017,35225,Petrol,Automatic,First,5.0,5.25,23.1,998.0,67.04,Maruti,3,litre,2.1,0.22,9.545455,0.09090909090909091
Maruti Esteem Vxi,Delhi,2005,69496,Petrol,Manual,First,5.0,1.1,15.9,1298.0,97.7,Maruti,15,litre,2.1,0.22,9.545455,0.1320754716981132
Hyundai i10 Sportz AT,Delhi,2012,62282,Petrol,Automatic,First,5.0,2.9,16.95,1197.0,78.9,Hyundai,8,litre,2.1,0.22,9.545455,0.12389380530973453
BMW 3 Series 320d,Hyderabad,2010,80000,Diesel,Automatic,First,5.0,14.2,22.69,1995.0,190.0,BMW,10,litre,2.51,0.24,10.45833,0.11062141912736886
Hyundai Grand i10 Sportz,Kochi,2018,43698,Petrol,Manual,First,5.0,5.8,18.9,1197.0,82.0,Hyundai,2,litre,2.1,0.22,9.545455,0.11111111111111112
Hyundai Grand i10 Asta Option AT,Coimbatore,2017,28052,Petrol,Automatic,First,5.0,7.22,18.9,1197.0,82.0,Hyundai,3,litre,2.1,0.22,9.545455,0.11111111111111112
Hyundai Grand i10 1.2 Kappa Sportz,Coimbatore,2016,29091,Petrol,Manual,First,5.0,4.87,18.9,1197.0,81.86,Hyundai,4,litre,2.1,0.22,9.545455,0.11111111111111112
Volkswagen Polo 1.2 MPI Comfortline,Delhi,2013,63000,Petrol,Manual,First,5.0,3.3,16.47,1198.0,74.0,Volkswagen,7,litre,2.1,0.22,9.545455,0.12750455373406194
Honda City ZX EXi,Hyderabad,2007,91000,Petrol,Manual,Second,5.0,3.0,17.7,1497.0,78.0,Honda,13,litre,2.1,0.22,9.545455,0.11864406779661017
Mercedes-Benz GLA Class 200 CDI,Hyderabad,2014,30000,Diesel,Automatic,First,5.0,26.0,17.9,2143.0,136.0,Mercedes-Benz,6,litre,2.51,0.24,10.45833,0.14022346368715083
Maruti Omni 8 Seater BSIV,Hyderabad,2017,24571,Petrol,Manual,First,5.0,2.9,14.0,796.0,35.0,Maruti,3,litre,2.1,0.22,9.545455,0.15
Hyundai Verna 1.6 SX VTVT AT,Bangalore,2014,45000,Petrol,Automatic,First,5.0,7.5,15.74,1591.0,121.3,Hyundai,6,litre,2.1,0.22,9.545455,0.13341804320203304
Maruti Alto 800 LXI,Hyderabad,2015,24617,Petrol,Manual,First,5.0,2.36,22.74,796.0,47.3,Maruti,5,litre,2.1,0.22,9.545455,0.09234828496042218
Maruti Vitara Brezza ZDi Plus Dual Tone,Coimbatore,2017,26927,Diesel,Manual,First,5.0,11.39,24.3,1248.0,88.5,Maruti,3,litre,2.51,0.24,10.45833,0.10329218106995884
Mahindra XUV500 W8 2WD,Kochi,2013,87736,Diesel,Manual,First,7.0,7.02,15.1,2179.0,140.0,Mahindra,7,litre,2.51,0.24,10.45833,0.1662251655629139
Maruti Vitara Brezza ZDi,Delhi,2016,35299,Diesel,Manual,First,5.0,8.0,24.3,1248.0,88.5,Maruti,4,litre,2.51,0.24,10.45833,0.10329218106995884
Hyundai i20 1.2 Spotz,Kochi,2017,51612,Petrol,Manual,First,5.0,7.11,18.6,1197.0,81.83,Hyundai,3,litre,2.1,0.22,9.545455,0.11290322580645161
Mercedes-Benz E-Class 250 D W 210,Mumbai,1998,55300,Diesel,Automatic,First,5.0,3.9,10.0,1796.0,157.7,Mercedes-Benz,22,litre,2.51,0.24,10.45833,0.251
Maruti Alto LXi,Hyderabad,2009,65090,Petrol,Manual,First,5.0,2.15,19.7,796.0,46.3,Maruti,11,litre,2.1,0.22,9.545455,0.10659898477157362
Honda Amaze S i-Vtech,Kolkata,2013,40000,Petrol,Manual,First,5.0,3.25,18.0,1198.0,86.7,Honda,7,litre,2.1,0.22,9.545455,0.11666666666666667
Land Rover Range Rover Sport HSE,Kochi,2015,38467,Diesel,Automatic,First,5.0,70.66,12.65,2993.0,255.0,Land,5,litre,2.51,0.24,10.45833,0.19841897233201577
Hyundai Grand i10 CRDi Magna,Mumbai,2013,71904,Diesel,Manual,First,5.0,4.61,24.0,1120.0,70.0,Hyundai,7,litre,2.51,0.24,10.45833,0.10458333333333332
Honda Civic 2006-2010 1.8 S MT,Mumbai,2008,87000,Petrol,Manual,First,5.0,2.35,13.5,1799.0,130.0,Honda,12,litre,2.1,0.22,9.545455,0.15555555555555556
Hyundai Grand i10 CRDi Magna,Chennai,2014,33000,Diesel,Manual,Second,5.0,4.05,24.0,1120.0,70.0,Hyundai,6,litre,2.51,0.24,10.45833,0.10458333333333332
Maruti 800 AC Uniq,Jaipur,2009,22100,Petrol,Manual,Second,4.0,0.8,16.1,796.0,37.0,Maruti,11,litre,2.1,0.22,9.545455,0.13043478260869565
Toyota Etios Liva Diesel,Hyderabad,2014,59589,Diesel,Manual,First,5.0,5.6,23.59,1364.0,67.1,Toyota,6,litre,2.51,0.24,10.45833,0.10640101738024586
Hyundai i20 Magna 1.4 CRDi,Delhi,2015,44000,Diesel,Manual,First,5.0,5.35,22.54,1396.0,88.73,Hyundai,5,litre,2.51,0.24,10.45833,0.11135758651286601
Maruti Alto K10 VXI,Mumbai,2017,12000,Petrol,Manual,First,5.0,3.25,24.07,998.0,67.1,Maruti,3,litre,2.1,0.22,9.545455,0.08724553385957624
BMW X1 sDrive20d,Pune,2012,66000,Diesel,Automatic,Second,5.0,11.5,17.05,1995.0,184.0,BMW,8,litre,2.51,0.24,10.45833,0.14721407624633429
Maruti Celerio VXI AT,Pune,2016,38009,Petrol,Automatic,First,5.0,4.25,23.1,998.0,67.04,Maruti,4,litre,2.1,0.22,9.545455,0.09090909090909091
Skoda Superb Elegance 1.8 TSI AT,Mumbai,2009,35000,Petrol,Automatic,Second,5.0,4.45,13.7,1798.0,157.75,Skoda,11,litre,2.1,0.22,9.545455,0.15328467153284672
Mahindra Xylo E4,Pune,2009,70000,Diesel,Manual,First,7.0,2.85,14.0,2498.0,112.0,Mahindra,11,litre,2.51,0.24,10.45833,0.17928571428571427
Mahindra XUV500 W8 2WD,Delhi,2014,86000,Diesel,Manual,First,7.0,7.85,15.1,2179.0,140.0,Mahindra,6,litre,2.51,0.24,10.45833,0.1662251655629139
Maruti Swift Dzire VXI,Pune,2016,32000,Petrol,Manual,First,5.0,5.3,19.1,1197.0,85.8,Maruti,4,litre,2.1,0.22,9.545455,0.10994764397905758
Ford Ecosport 1.0 Ecoboost Platinum Edition,Mumbai,2017,15000,Petrol,Manual,First,5.0,8.0,18.88,999.0,123.24,Ford,3,litre,2.1,0.22,9.545455,0.11122881355932204
Toyota Corolla Altis Diesel D4DG,Coimbatore,2014,69918,Diesel,Manual,First,5.0,9.43,21.43,1364.0,87.2,Toyota,6,litre,2.51,0.24,10.45833,0.11712552496500232
Hyundai i20 2015-2017 1.2 Magna,Pune,2012,39000,Petrol,Manual,First,5.0,2.75,18.5,1197.0,80.0,Hyundai,8,litre,2.1,0.22,9.545455,0.11351351351351352
Renault Captur 1.5 Diesel Platine Mono,Mumbai,2018,1011,Diesel,Manual,First,5.0,13.5,20.37,1461.0,108.45,Renault,2,litre,2.51,0.24,10.45833,0.12322042218949433
Mercedes-Benz E-Class 280 CDI,Hyderabad,2009,85000,Diesel,Automatic,First,5.0,9.99,11.0,2987.0,198.5,Mercedes-Benz,11,litre,2.51,0.24,10.45833,0.22818181818181815
Maruti Baleno RS 1.0 Petrol,Chennai,2017,46663,Petrol,Manual,First,5.0,6.95,21.1,998.0,100.0,Maruti,3,litre,2.1,0.22,9.545455,0.0995260663507109
Nissan Sunny 2011-2014 XL AT Special Edition,Chennai,2015,27000,Petrol,Automatic,First,5.0,6.75,17.97,1498.0,99.6,Nissan,5,litre,2.1,0.22,9.545455,0.11686143572621037
Hyundai Grand i10 AT Asta,Chennai,2015,15000,Petrol,Automatic,First,5.0,5.5,18.9,1197.0,82.0,Hyundai,5,litre,2.1,0.22,9.545455,0.11111111111111112
Maruti Ciaz Zeta,Kochi,2018,10575,Petrol,Manual,First,5.0,9.18,21.56,1462.0,103.25,Maruti,2,litre,2.1,0.22,9.545455,0.09740259740259741
Hyundai Xcent 1.2 Kappa S,Jaipur,2014,12500,Petrol,Manual,First,5.0,4.15,19.1,1197.0,82.0,Hyundai,6,litre,2.1,0.22,9.545455,0.10994764397905758
Hyundai Verna 1.6 SX CRDi (O),Ahmedabad,2012,52000,Diesel,Manual,First,5.0,6.5,22.32,1582.0,126.32,Hyundai,8,litre,2.51,0.24,10.45833,0.11245519713261648
Maruti Wagon R VXI 1.2,Kochi,2015,49818,Petrol,Manual,First,5.0,4.11,21.5,1197.0,81.8,Maruti,5,litre,2.1,0.22,9.545455,0.09767441860465116
Hyundai Verna CRDi,Hyderabad,2008,90000,Diesel,Manual,Second,5.0,2.25,16.8,1493.0,110.0,Hyundai,12,litre,2.51,0.24,10.45833,0.14940476190476187
Toyota Etios Liva G,Kochi,2015,52207,Petrol,Manual,First,5.0,4.56,17.71,1197.0,78.9,Toyota,5,litre,2.1,0.22,9.545455,0.11857707509881422
Mahindra Xylo E4 ABS BS III,Pune,2013,167362,Diesel,Manual,First,7.0,4.0,11.68,2498.0,112.0,Mahindra,7,litre,2.51,0.24,10.45833,0.2148972602739726
Toyota Etios Liva GD,Coimbatore,2015,49894,Diesel,Manual,First,5.0,5.27,23.59,1364.0,67.06,Toyota,5,litre,2.51,0.24,10.45833,0.10640101738024586
Mahindra Thar DI 4X4,Kochi,2019,13024,Diesel,Manual,First,7.0,9.11,18.06,2523.0,63.0,Mahindra,1,litre,2.51,0.24,10.45833,0.13898117386489478
Nissan X-Trail SLX MT,Pune,2010,128000,Diesel,Manual,Second,5.0,6.2,14.42,1995.0,147.6,Nissan,10,litre,2.51,0.24,10.45833,0.1740638002773925
Toyota Innova Crysta 2.8 ZX AT,Kochi,2017,26023,Diesel,Automatic,First,7.0,19.97,11.36,2755.0,171.5,Toyota,3,litre,2.51,0.24,10.45833,0.2209507042253521
Hyundai Creta 1.4 CRDi S,Delhi,2016,42784,Diesel,Manual,First,5.0,10.17,21.38,1396.0,88.7,Hyundai,4,litre,2.51,0.24,10.45833,0.11739943872778297
Maruti Swift VDI,Pune,2014,115000,Diesel,Manual,First,5.0,4.5,28.4,1248.0,74.0,Maruti,6,litre,2.51,0.24,10.45833,0.08838028169014084
Hyundai Verna 1.6 CRDI SX Option,Kochi,2019,30529,Diesel,Manual,First,5.0,14.28,23.9,1582.0,126.2,Hyundai,1,litre,2.51,0.24,10.45833,0.10502092050209205
Maruti Alto LXi BSIII,Kochi,2012,14814,Petrol,Manual,Second,5.0,2.47,19.7,796.0,46.3,Maruti,8,litre,2.1,0.22,9.545455,0.10659898477157362
Maruti S Cross DDiS 200 Alpha,Ahmedabad,2016,58000,Diesel,Manual,First,5.0,7.9,23.65,1248.0,88.5,Maruti,4,litre,2.51,0.24,10.45833,0.10613107822410148
Hyundai EON Era,Hyderabad,2011,68128,Petrol,Manual,First,5.0,2.3,21.1,814.0,55.2,Hyundai,9,litre,2.1,0.22,9.545455,0.0995260663507109
Nissan Terrano XL,Hyderabad,2013,63220,Petrol,Manual,First,5.0,6.5,13.24,1598.0,102.5,Nissan,7,litre,2.1,0.22,9.545455,0.15861027190332327
Hyundai EON Era,Hyderabad,2016,30000,Petrol,Manual,First,5.0,3.25,21.1,814.0,55.2,Hyundai,4,litre,2.1,0.22,9.545455,0.0995260663507109
Tata Zest Quadrajet 1.3 XT,Bangalore,2017,27768,Diesel,Manual,First,5.0,5.85,20.65,1248.0,88.7,Tata,3,litre,2.51,0.24,10.45833,0.1215496368038741
Mercedes-Benz E-Class 2009-2013 E250 CDI Elegance,Hyderabad,2014,53000,Diesel,Automatic,Second,5.0,29.0,14.21,2143.0,203.0,Mercedes-Benz,6,litre,2.51,0.24,10.45833,0.17663617171006332
Audi Q5 2.0 TDI Premium Plus,Coimbatore,2014,87652,Diesel,Automatic,Second,5.0,25.71,14.16,1968.0,174.3,Audi,6,litre,2.51,0.24,10.45833,0.1772598870056497
Ford Fiesta 1.6 ZXi Leather,Chennai,2008,94873,Petrol,Manual,Second,5.0,1.85,15.3,1596.0,101.0,Ford,12,litre,2.1,0.22,9.545455,0.13725490196078433
BMW 3 Series 320d Prestige,Mumbai,2015,56000,Diesel,Automatic,First,5.0,22.75,18.88,1995.0,184.0,BMW,5,litre,2.51,0.24,10.45833,0.1329449152542373
Maruti Baleno RS 1.0 Petrol,Kochi,2018,18678,Petrol,Manual,First,5.0,8.32,21.1,998.0,100.0,Maruti,2,litre,2.1,0.22,9.545455,0.0995260663507109
Mercedes-Benz E-Class 2009-2013 E250 CDI Blue Efficiency,Delhi,2014,30000,Diesel,Automatic,First,5.0,26.0,14.21,2143.0,203.0,Mercedes-Benz,6,litre,2.51,0.24,10.45833,0.17663617171006332
Ford Endeavour Hurricane LE,Mumbai,2012,129000,Diesel,Automatic,First,5.0,7.0,12.8,2953.0,97.7,Ford,8,litre,2.51,0.24,10.45833,0.19609374999999998
Hyundai i10 Sportz 1.2,Hyderabad,2013,59000,Petrol,Manual,First,5.0,3.45,20.36,1197.0,78.9,Hyundai,7,litre,2.1,0.22,9.545455,0.1031434184675835
Hyundai Grand i10 Asta Option,Mumbai,2017,13000,Petrol,Manual,First,5.0,5.15,18.9,1197.0,82.0,Hyundai,3,litre,2.1,0.22,9.545455,0.11111111111111112
Honda Brio S MT,Kochi,2014,74325,Petrol,Manual,First,5.0,3.51,19.4,1198.0,86.8,Honda,6,litre,2.1,0.22,9.545455,0.10824742268041239
Hyundai i20 Magna 1.4 CRDi (Diesel),Kolkata,2015,45000,Diesel,Manual,First,5.0,3.45,21.9,1396.0,88.76,Hyundai,5,litre,2.51,0.24,10.45833,0.11461187214611872
Volkswagen Polo Petrol Highline 1.2L,Pune,2013,57000,Petrol,Manual,First,5.0,3.75,16.47,1198.0,73.9,Volkswagen,7,litre,2.1,0.22,9.545455,0.12750455373406194
Honda City 1.5 EXI,Pune,2001,125943,Petrol,Manual,Second,5.0,1.45,13.0,1493.0,100.0,Honda,19,litre,2.1,0.22,9.545455,0.16153846153846155
Skoda Octavia Ambiente 1.9 TDI,Delhi,2008,80000,Diesel,Manual,First,5.0,2.2,18.7,1896.0,66.0,Skoda,12,litre,2.51,0.24,10.45833,0.13422459893048128
Ford Endeavour 2.5L 4X2,Hyderabad,2010,154000,Diesel,Manual,First,7.0,7.99,13.1,2499.0,141.0,Ford,10,litre,2.51,0.24,10.45833,0.1916030534351145
Chevrolet Cruze LTZ,Bangalore,2013,62000,Diesel,Manual,Second,5.0,6.75,18.3,1991.0,147.9,Chevrolet,7,litre,2.51,0.24,10.45833,0.1371584699453552
Honda CR-V AT With Sun Roof,Kolkata,2013,27000,Petrol,Automatic,First,5.0,11.99,14.0,1493.0,97.7,Honda,7,litre,2.1,0.22,9.545455,0.15
Honda Mobilio V i DTEC,Kolkata,2014,45000,Diesel,Manual,First,7.0,5.0,24.2,1498.0,98.6,Honda,6,litre,2.51,0.24,10.45833,0.1037190082644628
Maruti Ertiga VDI,Pune,2012,105000,Diesel,Manual,Second,7.0,5.9,20.77,1248.0,88.76,Maruti,8,litre,2.51,0.24,10.45833,0.12084737602311024
Hyundai Grand i10 Sportz,Mumbai,2013,26000,Petrol,Manual,First,5.0,3.75,18.9,1197.0,82.0,Hyundai,7,litre,2.1,0.22,9.545455,0.11111111111111112
Jaguar XF 3.0 Litre S Premium Luxury,Mumbai,2014,30900,Diesel,Automatic,First,5.0,29.5,14.74,2993.0,270.9,Jaguar,6,litre,2.51,0.24,10.45833,0.17028493894165533
Honda Amaze VX i-Vtech,Chennai,2014,48000,Petrol,Manual,First,5.0,4.75,18.0,1198.0,86.7,Honda,6,litre,2.1,0.22,9.545455,0.11666666666666667
Audi A6 2.7 TDI,Pune,2011,112719,Diesel,Automatic,First,5.0,11.5,12.4,2698.0,179.5,Audi,9,litre,2.51,0.24,10.45833,0.20241935483870965
Hyundai i20 1.2 Spotz,Chennai,2017,5000,Petrol,Manual,First,5.0,6.95,18.6,1197.0,81.83,Hyundai,3,litre,2.1,0.22,9.545455,0.11290322580645161
Volkswagen Ameo 1.2 MPI Highline Plus 16,Mumbai,2016,16000,Petrol,Manual,First,5.0,5.4,17.0,1198.0,73.75,Volkswagen,4,litre,2.1,0.22,9.545455,0.12352941176470589
Renault Fluence 2.0,Jaipur,2011,63000,Petrol,Automatic,First,5.0,4.75,13.4,1997.0,135.1,Renault,9,litre,2.1,0.22,9.545455,0.15671641791044777
Maruti Alto K10 VXI,Chennai,2011,28300,Petrol,Manual,First,5.0,2.15,24.07,998.0,67.1,Maruti,9,litre,2.1,0.22,9.545455,0.08724553385957624
Maruti Alto Std,Jaipur,2005,49000,Petrol,Manual,First,5.0,0.9,19.7,796.0,46.3,Maruti,15,litre,2.1,0.22,9.545455,0.10659898477157362
Maruti Wagon R VXI BS IV,Kolkata,2016,12501,Petrol,Manual,First,5.0,3.5,20.51,998.0,67.04,Maruti,4,litre,2.1,0.22,9.545455,0.10238907849829351
Fiat Linea 1.3 Emotion,Kochi,2016,56628,Diesel,Manual,First,5.0,5.85,20.4,1248.0,92.0,Fiat,4,litre,2.51,0.24,10.45833,0.1230392156862745
Maruti Swift Dzire Vdi BSIV,Pune,2010,105000,Diesel,Manual,First,5.0,3.15,19.3,1248.0,73.9,Maruti,10,litre,2.51,0.24,10.45833,0.13005181347150258
Renault Scala Diesel RxL,Pune,2016,52126,Diesel,Manual,First,5.0,6.0,21.64,1461.0,84.8,Renault,4,litre,2.51,0.24,10.45833,0.11598890942698704
Hyundai i20 Magna,Kolkata,2010,38000,Petrol,Manual,First,5.0,2.23,18.5,1197.0,80.0,Hyundai,10,litre,2.1,0.22,9.545455,0.11351351351351352
Hyundai Xcent 1.2 Kappa SX Option,Bangalore,2016,50000,Petrol,Manual,First,5.0,2.5,19.1,1197.0,82.0,Hyundai,4,litre,2.1,0.22,9.545455,0.10994764397905758
Maruti Wagon R LXI,Kochi,2015,50230,Petrol,Manual,First,5.0,3.87,18.9,998.0,67.1,Maruti,5,litre,2.1,0.22,9.545455,0.11111111111111112
Mahindra XUV500 W8 2WD,Ahmedabad,2014,31000,Diesel,Manual,First,7.0,9.5,15.1,2179.0,140.0,Mahindra,6,litre,2.51,0.24,10.45833,0.1662251655629139
Toyota Fortuner 4x2 AT,Delhi,2014,79000,Diesel,Automatic,First,7.0,17.75,12.55,2982.0,168.5,Toyota,6,litre,2.51,0.24,10.45833,0.19999999999999998
Renault Duster 110PS Diesel RxZ Plus,Delhi,2012,130000,Diesel,Manual,First,5.0,3.75,19.64,1461.0,108.45,Renault,8,litre,2.51,0.24,10.45833,0.12780040733197554
Hyundai Santro Xing GLS,Chennai,2010,115000,Petrol,Manual,Second,5.0,1.5,17.92,1086.0,62.1,Hyundai,10,litre,2.1,0.22,9.545455,0.1171875
Hyundai Verna 1.6 SX VTVT,Pune,2013,41500,Petrol,Manual,Second,5.0,5.0,17.01,1591.0,121.3,Hyundai,7,litre,2.1,0.22,9.545455,0.12345679012345678
BMW X1 sDrive 20d Exclusive,Pune,2014,54385,Diesel,Automatic,Second,5.0,17.0,15.06,1995.0,177.0,BMW,6,litre,2.51,0.24,10.45833,0.16666666666666666
Honda Civic 2006-2010 1.8 V AT,Kochi,2011,56361,Petrol,Automatic,First,5.0,4.38,12.9,1799.0,130.0,Honda,9,litre,2.1,0.22,9.545455,0.16279069767441862
Audi A6 35 TFSI Matrix,Delhi,2018,22000,Petrol,Automatic,First,5.0,41.5,15.26,1798.0,187.74,Audi,2,litre,2.1,0.22,9.545455,0.13761467889908258
Maruti Wagon R LXI BS IV,Kolkata,2017,8000,Petrol,Manual,First,5.0,3.0,20.51,998.0,67.04,Maruti,3,litre,2.1,0.22,9.545455,0.10238907849829351
Maruti Vitara Brezza ZDi Plus Dual Tone,Coimbatore,2018,28741,Diesel,Manual,First,5.0,11.0,24.3,1248.0,88.5,Maruti,2,litre,2.51,0.24,10.45833,0.10329218106995884
Land Rover Discovery 3 TDV6 Diesel Automatic,Pune,2012,117236,Diesel,Automatic,Second,7.0,14.0,11.8,2720.0,190.0,Land,8,litre,2.51,0.24,10.45833,0.21271186440677964
Maruti Dzire New,Pune,2016,30500,Diesel,Automatic,First,5.0,7.65,26.59,1248.0,74.0,Maruti,4,litre,2.51,0.24,10.45833,0.09439638962015795
Hyundai Verna VTVT 1.6 SX,Kolkata,2018,5000,Petrol,Manual,First,5.0,8.7,17.0,1591.0,121.3,Hyundai,2,litre,2.1,0.22,9.545455,0.12352941176470589
Maruti Ertiga ZDI Plus,Hyderabad,2016,42000,Diesel,Manual,First,7.0,9.9,25.47,1248.0,88.5,Maruti,4,litre,2.51,0.24,10.45833,0.09854731056144483
Hyundai Accent GLE,Mumbai,2010,32773,Petrol,Manual,First,5.0,2.05,13.2,1495.0,94.0,Hyundai,10,litre,2.1,0.22,9.545455,0.15909090909090912
Hyundai i20 1.2 Sportz,Kolkata,2016,19008,Petrol,Manual,First,5.0,5.25,17.0,1197.0,80.0,Hyundai,4,litre,2.1,0.22,9.545455,0.12352941176470589
Hyundai Verna VTVT 1.6 SX,Kochi,2012,32542,Petrol,Manual,First,5.0,5.77,17.0,1591.0,121.3,Hyundai,8,litre,2.1,0.22,9.545455,0.12352941176470589
Maruti Alto LX,Hyderabad,2010,94753,Petrol,Manual,First,5.0,1.95,19.7,796.0,46.3,Maruti,10,litre,2.1,0.22,9.545455,0.10659898477157362
Mahindra Scorpio VLX,Ahmedabad,2011,70000,Diesel,Manual,Second,8.0,7.45,12.05,2179.0,120.0,Mahindra,9,litre,2.51,0.24,10.45833,0.20829875518672197
Maruti Wagon R LXI,Delhi,2012,68347,Petrol,Manual,First,5.0,2.6,18.9,998.0,67.1,Maruti,8,litre,2.1,0.22,9.545455,0.11111111111111112
Hyundai i20 1.2 Sportz,Ahmedabad,2011,72000,Petrol,Manual,Second,5.0,3.25,17.0,1197.0,80.0,Hyundai,9,litre,2.1,0.22,9.545455,0.12352941176470589
Maruti Ritz VDi,Hyderabad,2010,75014,Diesel,Manual,First,5.0,3.85,21.1,1248.0,73.9,Maruti,10,litre,2.51,0.24,10.45833,0.11895734597156396
Renault Koleos 2.0 Diesel,Delhi,2013,65000,Diesel,Automatic,Second,5.0,7.5,13.73,1995.0,148.0,Renault,7,litre,2.51,0.24,10.45833,0.18281136198106335
BMW 3 Series 320d,Kochi,2012,55598,Diesel,Automatic,First,5.0,11.5,22.69,1995.0,190.0,BMW,8,litre,2.51,0.24,10.45833,0.11062141912736886
Honda Brio V MT,Pune,2013,50000,Petrol,Manual,First,5.0,3.25,19.4,1198.0,86.8,Honda,7,litre,2.1,0.22,9.545455,0.10824742268041239
Hyundai Sonata GOLD,Chennai,2003,44200,Petrol,Manual,Second,5.0,1.5,11.7,1997.0,134.0,Hyundai,17,litre,2.1,0.22,9.545455,0.17948717948717952
Maruti Swift Dzire VDi,Jaipur,2014,65000,Diesel,Manual,First,5.0,5.31,19.3,1248.0,73.9,Maruti,6,litre,2.51,0.24,10.45833,0.13005181347150258
Mahindra XUV500 W8 4WD,Hyderabad,2013,49000,Diesel,Manual,First,7.0,9.0,16.0,2179.0,140.0,Mahindra,7,litre,2.51,0.24,10.45833,0.156875
Hyundai i10 Sportz 1.1L,Kolkata,2016,7200,Petrol,Manual,First,5.0,3.59,19.81,1086.0,68.05,Hyundai,4,litre,2.1,0.22,9.545455,0.1060070671378092
Maruti Ciaz ZXi Plus,Kochi,2016,43152,Petrol,Manual,First,5.0,7.35,20.73,1373.0,91.1,Maruti,4,litre,2.1,0.22,9.545455,0.10130246020260492
Toyota Innova 2.5 V Diesel 8-seater,Pune,2013,112000,Diesel,Manual,First,8.0,12.0,12.8,2494.0,102.0,Toyota,7,litre,2.51,0.24,10.45833,0.19609374999999998
Hyundai Grand i10 Sportz,Coimbatore,2017,23540,Petrol,Manual,First,5.0,6.02,18.9,1197.0,82.0,Hyundai,3,litre,2.1,0.22,9.545455,0.11111111111111112
Chevrolet Optra Magnum 2.0 LS BSIII,Coimbatore,2008,82160,Diesel,Manual,First,5.0,2.57,16.52,1991.0,123.7,Chevrolet,12,litre,2.51,0.24,10.45833,0.15193704600484262
Mahindra Ssangyong Rexton RX5,Pune,2013,57000,Diesel,Manual,First,7.0,12.45,12.83,2696.0,162.0,Mahindra,7,litre,2.51,0.24,10.45833,0.19563522992985188
Mahindra XUV500 W8 2WD,Coimbatore,2015,39335,Diesel,Manual,First,7.0,12.63,15.1,2179.0,140.0,Mahindra,5,litre,2.51,0.24,10.45833,0.1662251655629139
Honda City i VTEC SV,Bangalore,2014,62000,Petrol,Manual,Second,5.0,7.75,17.4,1497.0,117.3,Honda,6,litre,2.1,0.22,9.545455,0.12068965517241381
Ford Ecosport 1.5 DV5 MT Titanium,Delhi,2014,60000,Diesel,Manual,First,5.0,5.5,22.7,1498.0,89.84,Ford,6,litre,2.51,0.24,10.45833,0.11057268722466959
Hyundai i20 Sportz 1.2,Kolkata,2015,35000,Petrol,Manual,First,5.0,4.43,18.6,1197.0,81.83,Hyundai,5,litre,2.1,0.22,9.545455,0.11290322580645161
Mercedes-Benz CLA 200 CDI Sport,Kochi,2016,32345,Diesel,Automatic,First,5.0,24.51,17.9,2143.0,136.0,Mercedes-Benz,4,litre,2.51,0.24,10.45833,0.14022346368715083
Hyundai EON Magna,Ahmedabad,2014,47000,Petrol,Manual,First,5.0,2.65,22.0,814.0,55.0,Hyundai,6,litre,2.1,0.22,9.545455,0.09545454545454546
Maruti Alto 800 2016-2019 CNG LXI,Delhi,2012,65537,CNG,Manual,Second,4.0,2.1,33.44,796.0,40.3,Maruti,8,kg,2.5625,0.18,14.23611,0.07662978468899521
Toyota Etios G Safety,Delhi,2011,36000,Petrol,Manual,First,5.0,3.2,17.6,1496.0,88.7,Toyota,9,litre,2.1,0.22,9.545455,0.11931818181818181
Maruti Swift Dzire Tour LDI,Chennai,2016,75000,Diesel,Manual,First,5.0,4.25,23.4,1248.0,74.0,Maruti,4,litre,2.51,0.24,10.45833,0.10726495726495726
Maruti Alto LXi,Kolkata,2008,38000,Petrol,Manual,First,5.0,1.1,19.7,796.0,46.3,Maruti,12,litre,2.1,0.22,9.545455,0.10659898477157362
Maruti Celerio ZXI,Chennai,2015,57818,Petrol,Manual,First,5.0,4.3,23.1,998.0,67.04,Maruti,5,litre,2.1,0.22,9.545455,0.09090909090909091
Ford Ecosport 1.5 DV5 MT Titanium Optional,Hyderabad,2015,45000,Diesel,Manual,First,5.0,8.9,22.7,1498.0,89.84,Ford,5,litre,2.51,0.24,10.45833,0.11057268722466959
Nissan Terrano XV 110 PS Limited Edition,Jaipur,2015,75055,Diesel,Manual,First,5.0,6.5,19.01,1461.0,108.5,Nissan,5,litre,2.51,0.24,10.45833,0.13203577064702784
Honda Accord VTi-L AT,Delhi,2009,65462,Petrol,Automatic,Third,5.0,3.5,11.1,2354.0,142.0,Honda,11,litre,2.1,0.22,9.545455,0.1891891891891892
Maruti Swift Ldi BSIII,Hyderabad,2008,76206,Diesel,Manual,First,5.0,4.25,17.8,1248.0,75.0,Maruti,12,litre,2.51,0.24,10.45833,0.14101123595505616
Mahindra XUV500 AT W10 FWD,Kochi,2018,25948,Diesel,Automatic,First,7.0,16.46,16.0,2179.0,140.0,Mahindra,2,litre,2.51,0.24,10.45833,0.156875
Honda Jazz 1.2 VX i VTEC,Mumbai,2016,28500,Petrol,Manual,First,5.0,5.95,18.7,1199.0,88.7,Honda,4,litre,2.1,0.22,9.545455,0.11229946524064172
Honda City i VTEC V,Mumbai,2015,28004,Petrol,Manual,First,5.0,7.1,17.8,1497.0,117.3,Honda,5,litre,2.1,0.22,9.545455,0.11797752808988764
Fiat Grande Punto 1.2 Dynamic,Kolkata,2011,25000,Petrol,Manual,Second,5.0,1.25,15.7,1172.0,67.0,Fiat,9,litre,2.1,0.22,9.545455,0.1337579617834395
Maruti Estilo LXI,Kolkata,2010,40000,Petrol,Manual,Second,5.0,2.5,19.5,1061.0,97.7,Maruti,10,litre,2.1,0.22,9.545455,0.1076923076923077
Maruti Ertiga ZXI,Pune,2013,82543,Petrol,Manual,First,7.0,5.5,16.02,1373.0,93.7,Maruti,7,litre,2.1,0.22,9.545455,0.1310861423220974
Nissan Micra XL,Chennai,2013,30000,Petrol,Manual,First,5.0,3.25,18.44,1198.0,75.0,Nissan,7,litre,2.1,0.22,9.545455,0.113882863340564
Honda City 1.5 V MT,Hyderabad,2010,27800,Petrol,Manual,First,5.0,5.0,17.0,1497.0,118.0,Honda,10,litre,2.1,0.22,9.545455,0.12352941176470589
Toyota Etios VX,Coimbatore,2016,33415,Petrol,Manual,First,5.0,6.58,16.78,1496.0,88.73,Toyota,4,litre,2.1,0.22,9.545455,0.12514898688915374
BMW 3 Series 320d Luxury Line,Mumbai,2013,38000,Diesel,Automatic,First,5.0,19.5,18.88,1995.0,184.0,BMW,7,litre,2.51,0.24,10.45833,0.1329449152542373
Honda Jazz 1.2 SV i VTEC,Kochi,2017,41981,Petrol,Manual,First,5.0,6.14,18.7,1199.0,88.7,Honda,3,litre,2.1,0.22,9.545455,0.11229946524064172
Maruti Dzire VDI,Jaipur,2013,77084,Diesel,Manual,First,5.0,4.95,28.4,1248.0,73.75,Maruti,7,litre,2.51,0.24,10.45833,0.08838028169014084
Skoda Rapid 1.6 TDI Elegance,Hyderabad,2013,71803,Diesel,Manual,First,5.0,5.75,20.5,1598.0,103.5,Skoda,7,litre,2.51,0.24,10.45833,0.12243902439024389
Mahindra XUV500 W6 2WD,Kolkata,2013,73314,Diesel,Manual,First,7.0,6.6,15.1,2179.0,140.0,Mahindra,7,litre,2.51,0.24,10.45833,0.1662251655629139
Hyundai Grand i10 AT Asta,Coimbatore,2015,69053,Petrol,Automatic,First,5.0,5.72,18.9,1197.0,82.0,Hyundai,5,litre,2.1,0.22,9.545455,0.11111111111111112
Honda City 1.5 V MT,Delhi,2009,79782,Petrol,Manual,Second,5.0,2.6,17.0,1497.0,118.0,Honda,11,litre,2.1,0.22,9.545455,0.12352941176470589
Toyota Innova 2.5 GX 7 STR,Hyderabad,2010,250000,Diesel,Manual,Second,7.0,6.5,12.8,2494.0,102.0,Toyota,10,litre,2.51,0.24,10.45833,0.19609374999999998
Mahindra XUV500 W8 2WD,Pune,2011,90000,Diesel,Manual,Second,7.0,6.1,15.1,2179.0,140.0,Mahindra,9,litre,2.51,0.24,10.45833,0.1662251655629139
Maruti Swift Dzire VDi,Hyderabad,2010,130000,Diesel,Manual,First,5.0,3.85,19.3,1248.0,73.9,Maruti,10,litre,2.51,0.24,10.45833,0.13005181347150258
Volkswagen Vento Petrol Highline,Pune,2013,65000,Petrol,Manual,Second,5.0,4.5,15.04,1598.0,103.6,Volkswagen,7,litre,2.1,0.22,9.545455,0.1396276595744681
Toyota Etios GD,Coimbatore,2013,46496,Diesel,Manual,First,5.0,5.3,23.59,1364.0,97.7,Toyota,7,litre,2.51,0.24,10.45833,0.10640101738024586
Audi A4 2.0 TDI,Bangalore,2013,76000,Diesel,Automatic,Second,5.0,18.25,16.55,1968.0,147.51,Audi,7,litre,2.51,0.24,10.45833,0.15166163141993955
Maruti Ertiga LXI,Ahmedabad,2012,28002,Petrol,Manual,First,7.0,5.75,16.02,1373.0,93.7,Maruti,8,litre,2.1,0.22,9.545455,0.1310861423220974
Toyota Corolla Altis 1.8 G CNG,Mumbai,2010,63000,CNG,Manual,Second,5.0,3.35,14.53,1798.0,138.0,Toyota,10,kg,2.5625,0.18,14.23611,0.17635925671025465
Maruti 800 AC,Jaipur,2010,70000,Petrol,Manual,Second,4.0,0.9,16.1,796.0,37.0,Maruti,10,litre,2.1,0.22,9.545455,0.13043478260869565
Honda City 1.5 V MT,Hyderabad,2011,66276,Petrol,Manual,First,5.0,5.5,17.0,1497.0,118.0,Honda,9,litre,2.1,0.22,9.545455,0.12352941176470589
Maruti Swift Dzire VXI,Kolkata,2014,45000,Petrol,Manual,First,5.0,3.99,19.1,1197.0,85.8,Maruti,6,litre,2.1,0.22,9.545455,0.10994764397905758
Toyota Camry Hybrid,Delhi,2014,67000,Petrol,Automatic,First,5.0,18.75,19.16,2494.0,158.2,Toyota,6,litre,2.1,0.22,9.545455,0.10960334029227557
Hyundai Grand i10 CRDi Sportz,Kolkata,2014,43068,Diesel,Manual,First,5.0,3.5,24.0,1120.0,70.0,Hyundai,6,litre,2.51,0.24,10.45833,0.10458333333333332
Toyota Innova Crysta 2.8 GX AT 8S,Chennai,2016,40000,Diesel,Automatic,First,8.0,16.45,11.36,2755.0,171.5,Toyota,4,litre,2.51,0.24,10.45833,0.2209507042253521
Hyundai i10 Magna,Coimbatore,2011,50436,Petrol,Manual,First,5.0,3.65,20.36,1197.0,78.9,Hyundai,9,litre,2.1,0.22,9.545455,0.1031434184675835
Hyundai Grand i10 AT Asta,Bangalore,2014,21000,Petrol,Automatic,First,5.0,5.4,18.9,1197.0,82.0,Hyundai,6,litre,2.1,0.22,9.545455,0.11111111111111112
Maruti Baleno Alpha Diesel,Mumbai,2018,2000,Diesel,Manual,First,5.0,8.7,27.39,1248.0,74.0,Maruti,2,litre,2.51,0.24,10.45833,0.09163928441036874
Skoda Superb Style 1.8 TSI AT,Mumbai,2016,14500,Petrol,Automatic,First,5.0,20.75,14.67,1798.0,177.46,Skoda,4,litre,2.1,0.22,9.545455,0.14314928425357873
Mercedes-Benz New C-Class 220 CDI AT,Hyderabad,2010,68782,Diesel,Automatic,First,5.0,12.5,14.84,2143.0,170.0,Mercedes-Benz,10,litre,2.51,0.24,10.45833,0.1691374663072776
Maruti Ritz VDi,Kolkata,2011,35888,Diesel,Manual,First,5.0,1.89,21.1,1248.0,73.9,Maruti,9,litre,2.51,0.24,10.45833,0.11895734597156396
Maruti Swift Dzire Tour LDI,Kolkata,2015,168205,Diesel,Manual,First,5.0,4.0,23.4,1248.0,74.0,Maruti,5,litre,2.51,0.24,10.45833,0.10726495726495726
Honda Civic 2010-2013 1.8 V MT,Mumbai,2012,47000,Petrol,Manual,First,5.0,3.95,14.8,1799.0,130.2,Honda,8,litre,2.1,0.22,9.545455,0.14189189189189189
Maruti Ertiga SHVS VDI,Hyderabad,2015,93700,Diesel,Manual,First,7.0,7.85,24.52,1248.0,88.5,Maruti,5,litre,2.51,0.24,10.45833,0.10236541598694943
Hyundai Elantra CRDi SX,Kolkata,2014,45000,Diesel,Manual,First,5.0,7.0,22.7,1582.0,126.24,Hyundai,6,litre,2.51,0.24,10.45833,0.11057268722466959
Toyota Fortuner 4x2 AT,Hyderabad,2016,55547,Diesel,Automatic,First,7.0,24.99,12.55,2982.0,168.5,Toyota,4,litre,2.51,0.24,10.45833,0.19999999999999998
Volkswagen Polo GT TSI,Delhi,2013,69000,Petrol,Automatic,First,5.0,4.5,17.21,1197.0,103.6,Volkswagen,7,litre,2.1,0.22,9.545455,0.12202208018593841
Skoda Octavia Classic 1.9 TDI MT,Pune,2005,88000,Diesel,Manual,Third,5.0,1.25,18.7,1896.0,66.0,Skoda,15,litre,2.51,0.24,10.45833,0.13422459893048128
Volkswagen Polo 1.5 TDI Trendline,Delhi,2014,32400,Diesel,Manual,First,5.0,3.95,20.14,1498.0,88.8,Volkswagen,6,litre,2.51,0.24,10.45833,0.12462760675273087
Hyundai Santro Xing GL Plus,Pune,2012,79000,Petrol,Manual,Second,5.0,1.6,17.92,1086.0,62.1,Hyundai,8,litre,2.1,0.22,9.545455,0.1171875
Hyundai Accent GLE,Hyderabad,2004,110000,Petrol,Manual,First,5.0,0.6,13.2,1495.0,94.0,Hyundai,16,litre,2.1,0.22,9.545455,0.15909090909090912
Hyundai EON D Lite Plus,Coimbatore,2014,45407,Petrol,Manual,Second,5.0,3.39,21.1,814.0,55.2,Hyundai,6,litre,2.1,0.22,9.545455,0.0995260663507109
Toyota Innova 2.5 V Diesel 7-seater,Hyderabad,2011,136490,Diesel,Manual,First,7.0,9.8,12.8,2494.0,102.0,Toyota,9,litre,2.51,0.24,10.45833,0.19609374999999998
Maruti Ignis 1.3 Zeta,Mumbai,2017,19000,Diesel,Manual,First,5.0,5.91,26.8,1248.0,74.0,Maruti,3,litre,2.51,0.24,10.45833,0.09365671641791044
Maruti Ciaz Alpha,Mumbai,2017,19416,Petrol,Manual,First,5.0,8.25,21.56,1462.0,103.25,Maruti,3,litre,2.1,0.22,9.545455,0.09740259740259741
Maruti Swift Dzire VXi,Mumbai,2012,15500,Petrol,Manual,First,5.0,3.75,17.5,1298.0,85.8,Maruti,8,litre,2.1,0.22,9.545455,0.12000000000000001
Honda City i VTEC CVT VX,Hyderabad,2017,12538,Petrol,Automatic,First,5.0,12.5,18.0,1497.0,117.3,Honda,3,litre,2.1,0.22,9.545455,0.11666666666666667
Maruti Swift VDI BSIV W ABS,Bangalore,2015,62588,Diesel,Manual,First,5.0,5.95,17.8,1248.0,97.7,Maruti,5,litre,2.51,0.24,10.45833,0.14101123595505616
Honda Brio S MT,Delhi,2015,44328,Petrol,Manual,First,5.0,3.8,19.4,1198.0,86.8,Honda,5,litre,2.1,0.22,9.545455,0.10824742268041239
Toyota Etios Liva GD,Delhi,2014,63000,Diesel,Manual,First,5.0,4.35,23.59,1364.0,67.04,Toyota,6,litre,2.51,0.24,10.45833,0.10640101738024586
Volvo XC60 D5,Hyderabad,2015,100000,Diesel,Automatic,First,5.0,32.5,13.5,2400.0,215.0,Volvo,5,litre,2.51,0.24,10.45833,0.1859259259259259
Tata Indigo CS eGVX,Kolkata,2015,103000,Petrol,Manual,First,5.0,3.0,15.64,1193.0,64.08,Tata,5,litre,2.1,0.22,9.545455,0.13427109974424553
Toyota Innova Crysta 2.8 ZX AT,Pune,2016,50296,Diesel,Automatic,Second,7.0,19.0,11.36,2755.0,171.5,Toyota,4,litre,2.51,0.24,10.45833,0.2209507042253521
Volkswagen Vento Diesel Highline,Pune,2013,95500,Diesel,Manual,First,5.0,5.0,20.54,1598.0,103.6,Volkswagen,7,litre,2.51,0.24,10.45833,0.12220058422590067
Ford Ecosport 1.5 DV5 MT Titanium,Pune,2014,72100,Diesel,Manual,First,5.0,5.45,22.7,1498.0,89.84,Ford,6,litre,2.51,0.24,10.45833,0.11057268722466959
Maruti Wagon R VXI,Mumbai,2010,19119,Petrol,Manual,First,5.0,2.7,18.9,998.0,67.1,Maruti,10,litre,2.1,0.22,9.545455,0.11111111111111112
Mercedes-Benz S-Class 320 L,Mumbai,2006,30000,Petrol,Manual,First,5.0,10.75,13.0,2987.0,210.0,Mercedes-Benz,14,litre,2.1,0.22,9.545455,0.16153846153846155
Volkswagen Polo 1.5 TDI Highline,Hyderabad,2015,75600,Diesel,Manual,First,5.0,5.8,20.14,1498.0,88.8,Volkswagen,5,litre,2.51,0.24,10.45833,0.12462760675273087
Tata Indica GLS BS IV,Pune,2007,137000,Petrol,Manual,Second,5.0,0.95,15.3,1193.0,65.3,Tata,13,litre,2.1,0.22,9.545455,0.13725490196078433
Maruti 800 Std BSIII,Jaipur,2002,53500,Petrol,Manual,Second,4.0,0.63,16.1,796.0,37.0,Maruti,18,litre,2.1,0.22,9.545455,0.13043478260869565
Jeep Compass 2.0 Longitude,Kochi,2018,26101,Diesel,Manual,First,5.0,17.55,17.1,1956.0,170.0,Jeep,2,litre,2.51,0.24,10.45833,0.14678362573099413
Maruti Alto K10 LXI Optional,Pune,2016,7000,Petrol,Manual,First,5.0,3.0,24.07,998.0,67.1,Maruti,4,litre,2.1,0.22,9.545455,0.08724553385957624
Skoda Octavia Elegance 2.0 TDI AT,Bangalore,2013,50000,Diesel,Automatic,First,5.0,15.0,19.3,1968.0,141.0,Skoda,7,litre,2.51,0.24,10.45833,0.13005181347150258
Maruti Swift Dzire VDI Optional,Hyderabad,2016,30000,Diesel,Manual,First,5.0,6.0,26.59,1248.0,74.0,Maruti,4,litre,2.51,0.24,10.45833,0.09439638962015795
Maruti Ciaz VDi Plus SHVS,Mumbai,2016,38151,Diesel,Manual,First,5.0,7.65,28.09,1248.0,88.5,Maruti,4,litre,2.51,0.24,10.45833,0.08935564257742969
Mercedes-Benz New C-Class C 220 CDI CLASSIC,Jaipur,2009,116000,Diesel,Manual,Second,5.0,8.5,15.8,2148.0,170.0,Mercedes-Benz,11,litre,2.51,0.24,10.45833,0.15886075949367087
Ford Figo Diesel ZXI,Kolkata,2013,22000,Diesel,Manual,First,5.0,2.25,20.0,1399.0,68.0,Ford,7,litre,2.51,0.24,10.45833,0.1255
Toyota Corolla Altis VL,Delhi,2010,60000,Petrol,Automatic,Second,5.0,4.65,14.53,1798.0,138.1,Toyota,10,litre,2.1,0.22,9.545455,0.1445285615966965
Maruti SX4 S Cross DDiS 320 Zeta,Mumbai,2016,38000,Diesel,Manual,First,5.0,7.85,22.7,1598.0,118.0,Maruti,4,litre,2.51,0.24,10.45833,0.11057268722466959
Ford Figo Petrol ZXI,Coimbatore,2011,51928,Petrol,Manual,First,5.0,3.46,15.6,1196.0,70.0,Ford,9,litre,2.1,0.22,9.545455,0.13461538461538464
Honda Jazz Exclusive CVT,Mumbai,2018,3000,Petrol,Automatic,First,5.0,8.25,19.0,1199.0,88.7,Honda,2,litre,2.1,0.22,9.545455,0.1105263157894737
Maruti Zen LXi - BS III,Pune,2006,67196,Petrol,Manual,First,5.0,1.25,17.3,993.0,60.0,Maruti,14,litre,2.1,0.22,9.545455,0.12138728323699421
Toyota Fortuner 3.0 Diesel,Bangalore,2012,100000,Diesel,Manual,Third,7.0,16.0,11.5,2982.0,171.0,Toyota,8,litre,2.51,0.24,10.45833,0.21826086956521737
Maruti Ciaz ZDi Plus,Jaipur,2015,65218,Diesel,Manual,First,5.0,7.4,26.21,1248.0,88.5,Maruti,5,litre,2.51,0.24,10.45833,0.09576497520030522
Renault KWID RXT,Kochi,2016,53886,Petrol,Manual,First,5.0,3.07,25.17,799.0,53.3,Renault,4,litre,2.1,0.22,9.545455,0.08343265792610251
Hyundai i10 Magna AT,Coimbatore,2011,50058,Petrol,Automatic,First,5.0,3.84,19.2,1197.0,80.0,Hyundai,9,litre,2.1,0.22,9.545455,0.10937500000000001
Maruti Celerio ZXI AT Optional,Pune,2016,64000,Petrol,Automatic,First,5.0,4.2,23.1,998.0,67.04,Maruti,4,litre,2.1,0.22,9.545455,0.09090909090909091
Hyundai Creta 1.4 E Plus Diesel,Kochi,2018,41641,Diesel,Manual,First,5.0,10.82,21.38,1396.0,88.7,Hyundai,2,litre,2.51,0.24,10.45833,0.11739943872778297
Honda Jazz 1.5 SV i DTEC,Hyderabad,2016,44345,Diesel,Manual,First,5.0,6.1,27.3,1498.0,98.6,Honda,4,litre,2.51,0.24,10.45833,0.09194139194139193
Honda City 1.5 S MT,Kolkata,2011,45501,Petrol,Manual,First,5.0,3.1,17.0,1497.0,118.0,Honda,9,litre,2.1,0.22,9.545455,0.12352941176470589
Mitsubishi Lancer 1.5 SFXi,Chennai,2001,104000,Petrol,Manual,Third,5.0,1.0,13.7,1468.0,85.8,Mitsubishi,19,litre,2.1,0.22,9.545455,0.15328467153284672
Nissan Sunny XE P,Coimbatore,2012,50297,Petrol,Manual,First,5.0,4.69,16.95,1498.0,97.6,Nissan,8,litre,2.1,0.22,9.545455,0.12389380530973453
Honda Accord 2.4 AT,Mumbai,2011,87000,Petrol,Automatic,First,5.0,5.4,11.7,2354.0,177.6,Honda,9,litre,2.1,0.22,9.545455,0.17948717948717952
Mahindra XUV500 W8 2WD,Mumbai,2016,120000,Diesel,Manual,First,7.0,12.0,15.1,2179.0,140.0,Mahindra,4,litre,2.51,0.24,10.45833,0.1662251655629139
Hyundai i20 1.2 Magna Executive,Mumbai,2018,17000,Petrol,Manual,First,5.0,6.5,18.6,1197.0,81.83,Hyundai,2,litre,2.1,0.22,9.545455,0.11290322580645161
Nissan Micra Diesel XL,Chennai,2014,100000,Diesel,Manual,First,5.0,3.0,23.08,1461.0,63.1,Nissan,6,litre,2.51,0.24,10.45833,0.10875216637781629
Maruti Ciaz AT ZXi,Kochi,2015,50979,Petrol,Automatic,First,5.0,6.9,19.12,1373.0,91.1,Maruti,5,litre,2.1,0.22,9.545455,0.1098326359832636
Volkswagen Vento Diesel Trendline,Chennai,2011,41000,Diesel,Manual,First,5.0,4.0,20.54,1598.0,103.6,Volkswagen,9,litre,2.51,0.24,10.45833,0.12220058422590067
Hyundai i20 Asta,Chennai,2011,24000,Petrol,Manual,First,5.0,4.25,17.0,1197.0,80.0,Hyundai,9,litre,2.1,0.22,9.545455,0.12352941176470589
Toyota Corolla Altis G,Hyderabad,2008,44738,Petrol,Manual,First,5.0,5.1,14.53,1798.0,138.1,Toyota,12,litre,2.1,0.22,9.545455,0.1445285615966965
Honda City i DTEC VX,Kolkata,2014,37298,Diesel,Manual,First,5.0,4.9,25.1,1498.0,98.6,Honda,6,litre,2.51,0.24,10.45833,0.09999999999999999
Maruti Swift VXI BSIV,Pune,2014,42000,Petrol,Manual,Second,5.0,3.6,20.4,1197.0,81.8,Maruti,6,litre,2.1,0.22,9.545455,0.10294117647058824
Mercedes-Benz E-Class 2009-2013 E250 CDI Elegance,Pune,2016,45000,Diesel,Automatic,First,5.0,34.0,14.21,2143.0,203.0,Mercedes-Benz,4,litre,2.51,0.24,10.45833,0.17663617171006332
Toyota Innova 2.5 G (Diesel) 7 Seater,Mumbai,2015,102000,Diesel,Manual,First,7.0,8.25,12.99,2494.0,100.6,Toyota,5,litre,2.51,0.24,10.45833,0.193225558121632
Maruti Swift Lxi BSIII,Pune,2011,70000,Petrol,Manual,First,5.0,1.3,16.1,1298.0,88.2,Maruti,9,litre,2.1,0.22,9.545455,0.13043478260869565
Mercedes-Benz New C-Class C 220d Avantgarde Edition C,Coimbatore,2018,27467,Diesel,Automatic,First,5.0,39.05,19.27,2143.0,167.62,Mercedes-Benz,2,litre,2.51,0.24,10.45833,0.1302542812662169
Hyundai Grand i10 Asta,Kolkata,2015,15305,Petrol,Manual,First,5.0,3.75,18.9,1197.0,82.0,Hyundai,5,litre,2.1,0.22,9.545455,0.11111111111111112
Maruti Wagon R LXI BS IV,Mumbai,2010,70000,Petrol,Manual,First,5.0,2.1,18.9,998.0,67.1,Maruti,10,litre,2.1,0.22,9.545455,0.11111111111111112
Ford EcoSport 1.5 TDCi Titanium,Hyderabad,2016,36778,Diesel,Manual,First,5.0,8.8,22.77,1498.0,98.59,Ford,4,litre,2.51,0.24,10.45833,0.11023276240667544
Volkswagen Polo 1.2 MPI Comfortline,Coimbatore,2015,25845,Petrol,Manual,First,5.0,5.84,16.47,1198.0,74.0,Volkswagen,5,litre,2.1,0.22,9.545455,0.12750455373406194
Hyundai Verna 1.6 VTVT AT SX,Kochi,2018,33858,Petrol,Automatic,First,5.0,9.03,17.01,1591.0,121.3,Hyundai,2,litre,2.1,0.22,9.545455,0.12345679012345678
Renault KWID AMT RXL,Ahmedabad,2017,12000,Petrol,Automatic,Second,5.0,3.25,24.04,999.0,67.0,Renault,3,litre,2.1,0.22,9.545455,0.08735440931780367
Honda Brio S Option AT,Coimbatore,2013,33709,Petrol,Automatic,First,5.0,4.9,16.5,1198.0,86.8,Honda,7,litre,2.1,0.22,9.545455,0.1272727272727273
Ford Figo Aspire 1.2 Ti-VCT Titanium,Kochi,2018,32709,Petrol,Manual,First,5.0,6.46,18.16,1196.0,86.8,Ford,2,litre,2.1,0.22,9.545455,0.1156387665198238
Toyota Fortuner 3.0 Diesel,Bangalore,2014,72000,Diesel,Manual,Second,7.0,18.5,11.5,2982.0,171.0,Toyota,6,litre,2.51,0.24,10.45833,0.21826086956521737
Tata Indigo eCS eLX BS IV,Ahmedabad,2013,31000,Diesel,Manual,First,5.0,2.7,25.0,1396.0,69.01,Tata,7,litre,2.51,0.24,10.45833,0.10039999999999999
Ford Figo 2015-2019 1.5D Ambiente MT,Chennai,2016,70000,Diesel,Manual,First,5.0,4.6,25.83,1498.0,99.0,Ford,4,litre,2.51,0.24,10.45833,0.09717382888114595
Maruti Swift Dzire VDI,Jaipur,2014,61000,Diesel,Manual,First,5.0,5.35,23.4,1248.0,74.0,Maruti,6,litre,2.51,0.24,10.45833,0.10726495726495726
Nissan Micra Diesel XV Primo,Pune,2011,72000,Diesel,Manual,First,5.0,2.3,23.08,1461.0,63.1,Nissan,9,litre,2.51,0.24,10.45833,0.10875216637781629
Skoda Octavia Style Plus 2.0 TDI AT,Delhi,2016,49000,Diesel,Automatic,First,5.0,15.45,19.3,1968.0,141.0,Skoda,4,litre,2.51,0.24,10.45833,0.13005181347150258
Volkswagen Jetta 2013-2015 2.0L TDI Highline AT,Hyderabad,2014,42939,Diesel,Automatic,First,5.0,12.49,16.96,1968.0,138.03,Volkswagen,6,litre,2.51,0.24,10.45833,0.1479952830188679
Audi Q7 35 TDI Quattro Technology,Coimbatore,2016,32545,Diesel,Automatic,First,7.0,48.76,12.07,2967.0,241.4,Audi,4,litre,2.51,0.24,10.45833,0.20795360397680196
Hyundai i20 1.2 Sportz,Pune,2011,54000,Petrol,Manual,First,5.0,3.2,17.0,1197.0,80.0,Hyundai,9,litre,2.1,0.22,9.545455,0.12352941176470589
BMW 3 Series 320d Corporate Edition,Delhi,2012,76000,Diesel,Automatic,First,4.0,8.75,16.07,1995.0,181.0,BMW,8,litre,2.51,0.24,10.45833,0.1561916614810205
Hyundai i20 Active 1.4 SX Dual Tone,Kolkata,2015,27000,Diesel,Manual,First,5.0,5.99,21.19,1396.0,88.73,Hyundai,5,litre,2.51,0.24,10.45833,0.11845210004719206
Mahindra Scorpio 2.6 DX,Chennai,2005,120000,Diesel,Manual,Second,8.0,2.9,12.7,2609.0,116.6,Mahindra,15,litre,2.51,0.24,10.45833,0.19763779527559056
Audi A4 3.2 FSI Tiptronic Quattro,Hyderabad,2012,125000,Petrol,Automatic,First,5.0,18.0,10.5,3197.0,97.7,Audi,8,litre,2.1,0.22,9.545455,0.2
Ford Figo Diesel EXI,Kolkata,2011,37000,Diesel,Manual,First,5.0,1.8,20.0,1399.0,68.05,Ford,9,litre,2.51,0.24,10.45833,0.1255
Honda Accord 2.4 Inspire M/T,Mumbai,2012,42000,Petrol,Manual,First,5.0,6.25,9.8,2354.0,180.0,Honda,8,litre,2.1,0.22,9.545455,0.21428571428571427
Hyundai i20 Sportz 1.4 CRDi,Bangalore,2013,60000,Diesel,Manual,First,5.0,5.45,21.9,1396.0,88.76,Hyundai,7,litre,2.51,0.24,10.45833,0.11461187214611872
Jaguar XF 2.2 Litre Luxury,Mumbai,2018,3000,Diesel,Automatic,First,5.0,52.5,16.36,2179.0,187.7,Jaguar,2,litre,2.51,0.24,10.45833,0.15342298288508557
Hyundai Verna 1.6 SX VTVT (O) AT,Mumbai,2013,44000,Petrol,Automatic,First,5.0,5.6,17.1,1591.0,121.4,Hyundai,7,litre,2.1,0.22,9.545455,0.12280701754385964
Honda City i VTEC VX Option,Kolkata,2014,37000,Petrol,Manual,First,5.0,6.45,17.4,1497.0,117.3,Honda,6,litre,2.1,0.22,9.545455,0.12068965517241381
Hyundai i20 Asta Optional with Sunroof 1.2,Mumbai,2012,50000,Petrol,Manual,First,5.0,3.7,18.5,1197.0,82.85,Hyundai,8,litre,2.1,0.22,9.545455,0.11351351351351352
Honda Brio S MT,Chennai,2013,58581,Petrol,Manual,First,5.0,3.49,19.4,1198.0,86.8,Honda,7,litre,2.1,0.22,9.545455,0.10824742268041239
Hyundai i20 Sportz 1.4 CRDi,Kolkata,2013,25500,Diesel,Manual,First,5.0,3.55,21.9,1396.0,88.76,Hyundai,7,litre,2.51,0.24,10.45833,0.11461187214611872
Maruti Grand Vitara 2.4 MT,Mumbai,2017,25000,Petrol,Manual,First,5.0,9.0,10.4,2393.0,163.5,Maruti,3,litre,2.1,0.22,9.545455,0.20192307692307693
Maruti A-Star Vxi,Hyderabad,2011,53766,Petrol,Manual,First,5.0,2.7,19.0,998.0,66.1,Maruti,9,litre,2.1,0.22,9.545455,0.1105263157894737
Fiat Punto 1.3 Emotion,Pune,2011,45271,Diesel,Manual,First,5.0,2.6,20.3,1493.0,97.7,Fiat,9,litre,2.51,0.24,10.45833,0.12364532019704431
Maruti Alto LXi,Chennai,2006,68000,Petrol,Manual,First,5.0,1.5,19.7,796.0,46.3,Maruti,14,litre,2.1,0.22,9.545455,0.10659898477157362
Mahindra XUV500 W10 2WD,Jaipur,2017,40000,Diesel,Manual,First,7.0,15.9,16.0,2179.0,140.0,Mahindra,3,litre,2.51,0.24,10.45833,0.156875
Maruti Swift RS VDI,Hyderabad,2013,73212,Diesel,Manual,First,5.0,5.2,22.9,1248.0,74.0,Maruti,7,litre,2.51,0.24,10.45833,0.10960698689956332
BMW X1 sDrive20d,Mumbai,2014,69000,Diesel,Automatic,First,5.0,16.25,17.05,1995.0,184.0,BMW,6,litre,2.51,0.24,10.45833,0.14721407624633429
Volkswagen Passat 2.0 PD DSG,Mumbai,2007,61932,Diesel,Automatic,Second,5.0,3.31,14.3,1968.0,140.0,Volkswagen,13,litre,2.51,0.24,10.45833,0.1755244755244755
BMW X3 xDrive20d,Bangalore,2012,52000,Diesel,Automatic,First,5.0,24.0,16.09,1995.0,184.0,BMW,8,litre,2.51,0.24,10.45833,0.15599751398384087
Maruti Ritz VXi,Kolkata,2011,150000,Petrol,Manual,First,5.0,2.5,18.5,1197.0,85.8,Maruti,9,litre,2.1,0.22,9.545455,0.11351351351351352
Hyundai i20 Sportz 1.4 CRDi,Jaipur,2013,70933,Diesel,Manual,Second,5.0,3.9,21.9,1396.0,88.76,Hyundai,7,litre,2.51,0.24,10.45833,0.11461187214611872
Maruti Swift VDI BSIV,Kolkata,2013,115195,Diesel,Manual,First,5.0,3.85,25.2,1248.0,74.0,Maruti,7,litre,2.51,0.24,10.45833,0.0996031746031746
Mercedes-Benz New C-Class 200 Kompressor,Delhi,2011,62148,Petrol,Manual,First,5.0,8.8,11.7,1796.0,178.0,Mercedes-Benz,9,litre,2.1,0.22,9.545455,0.17948717948717952
Toyota Corolla Altis 1.8 GL,Chennai,2009,32000,Petrol,Manual,Second,5.0,4.95,14.28,1798.0,138.03,Toyota,11,litre,2.1,0.22,9.545455,0.14705882352941177
Hyundai Verna 1.6 SX CRDi (O),Kolkata,2014,58000,Diesel,Manual,First,5.0,5.75,22.32,1582.0,126.32,Hyundai,6,litre,2.51,0.24,10.45833,0.11245519713261648
Renault Duster 110PS Diesel RxZ,Kochi,2014,68598,Diesel,Manual,First,5.0,6.17,19.01,1461.0,108.45,Renault,6,litre,2.51,0.24,10.45833,0.13203577064702784
Maruti Swift Ldi BSIII,Chennai,2010,84072,Diesel,Manual,First,5.0,3.45,17.8,1248.0,75.0,Maruti,10,litre,2.51,0.24,10.45833,0.14101123595505616
Maruti Alto K10 VXI,Jaipur,2016,51264,Petrol,Manual,First,5.0,3.2,24.07,998.0,67.1,Maruti,4,litre,2.1,0.22,9.545455,0.08724553385957624
Hyundai Creta 1.6 SX Plus Petrol Automatic,Coimbatore,2017,21363,Petrol,Automatic,First,5.0,13.49,13.0,1591.0,121.3,Hyundai,3,litre,2.1,0.22,9.545455,0.16153846153846155
Mercedes-Benz CLA 200 CGI Sport,Delhi,2016,40000,Petrol,Automatic,First,5.0,24.5,15.04,1991.0,183.0,Mercedes-Benz,4,litre,2.1,0.22,9.545455,0.1396276595744681
Honda CR-V 2.4 4WD AT,Kolkata,2015,35000,Petrol,Automatic,First,5.0,14.7,10.1,2354.0,152.0,Honda,5,litre,2.1,0.22,9.545455,0.20792079207920794
Ford Ecosport 1.5 DV5 MT Trend,Hyderabad,2014,55000,Diesel,Manual,First,5.0,6.0,22.7,1498.0,89.84,Ford,6,litre,2.51,0.24,10.45833,0.11057268722466959
Mercedes-Benz E-Class 2015-2017 E250 CDI Avantgarde,Coimbatore,2016,43252,Diesel,Automatic,First,5.0,34.18,13.0,2143.0,204.0,Mercedes-Benz,4,litre,2.51,0.24,10.45833,0.19307692307692306
Hyundai Grand i10 CRDi Magna,Delhi,2014,42000,Diesel,Manual,First,5.0,3.5,24.0,1120.0,70.0,Hyundai,6,litre,2.51,0.24,10.45833,0.10458333333333332
Ford Fiesta 1.4 Duratec ZXI,Hyderabad,2006,69000,Petrol,Manual,First,5.0,2.15,16.6,1388.0,68.0,Ford,14,litre,2.1,0.22,9.545455,0.12650602409638553
Hyundai Creta 1.6 SX Automatic Diesel,Kolkata,2018,14000,Diesel,Automatic,First,5.0,11.25,17.6,1582.0,126.2,Hyundai,2,litre,2.51,0.24,10.45833,0.14261363636363633
Maruti A-Star Lxi,Delhi,2010,70000,Petrol,Manual,First,5.0,2.0,19.0,998.0,66.1,Maruti,10,litre,2.1,0.22,9.545455,0.1105263157894737
Maruti Ritz LDi,Kochi,2015,35314,Diesel,Manual,First,5.0,4.27,23.2,1248.0,73.94,Maruti,5,litre,2.51,0.24,10.45833,0.10818965517241379
Honda City i VTEC SV,Kochi,2017,38691,Petrol,Manual,First,5.0,7.68,17.8,1497.0,117.3,Honda,3,litre,2.1,0.22,9.545455,0.11797752808988764
Toyota Innova 2.5 GX (Diesel) 7 Seater,Coimbatore,2017,72717,Diesel,Manual,First,7.0,14.52,12.99,2494.0,100.6,Toyota,3,litre,2.51,0.24,10.45833,0.193225558121632
Mercedes-Benz R-Class R350 4Matic Long,Mumbai,2011,82000,Petrol,Automatic,Second,7.0,16.85,11.8,3498.0,272.0,Mercedes-Benz,9,litre,2.1,0.22,9.545455,0.17796610169491525
Skoda Rapid 1.5 TDI Elegance,Mumbai,2015,44000,Diesel,Manual,First,5.0,5.75,21.14,1498.0,103.52,Skoda,5,litre,2.51,0.24,10.45833,0.11873226111636706
Ford Ecosport 1.5 Ti VCT MT Titanium,Mumbai,2017,27000,Petrol,Manual,First,5.0,8.3,15.8,1499.0,110.0,Ford,3,litre,2.1,0.22,9.545455,0.13291139240506328
Maruti Celerio VXI AT,Chennai,2014,18500,Petrol,Automatic,First,5.0,3.95,23.1,998.0,67.04,Maruti,6,litre,2.1,0.22,9.545455,0.09090909090909091
Volkswagen Vento Petrol Highline,Mumbai,2014,45000,Petrol,Manual,First,5.0,4.8,15.04,1598.0,103.6,Volkswagen,6,litre,2.1,0.22,9.545455,0.1396276595744681
Volvo XC60 D5,Ahmedabad,2011,173000,Diesel,Automatic,First,5.0,12.0,13.5,2400.0,215.0,Volvo,9,litre,2.51,0.24,10.45833,0.1859259259259259
Toyota Etios Cross 1.4 GD,Ahmedabad,2017,42000,Diesel,Manual,First,5.0,6.25,23.59,1364.0,67.04,Toyota,3,litre,2.51,0.24,10.45833,0.10640101738024586
Tata Indica Vista TDI LX,Jaipur,2012,90000,Diesel,Manual,First,5.0,2.5,19.4,1405.0,70.0,Tata,8,litre,2.51,0.24,10.45833,0.12938144329896908
Honda City i VTEC CVT VX,Pune,2014,82329,Petrol,Automatic,First,5.0,7.5,18.0,1497.0,117.3,Honda,6,litre,2.1,0.22,9.545455,0.11666666666666667
Honda City 1.5 V MT,Delhi,2010,80302,Petrol,Manual,First,5.0,3.5,17.0,1497.0,118.0,Honda,10,litre,2.1,0.22,9.545455,0.12352941176470589
Skoda Octavia Rider Classic 1.9 TDI,Hyderabad,2005,105000,Diesel,Manual,First,5.0,1.99,18.7,1896.0,66.0,Skoda,15,litre,2.51,0.24,10.45833,0.13422459893048128
Toyota Corolla 1.8 J,Kolkata,2009,60000,Petrol,Manual,First,5.0,2.25,14.53,1798.0,138.0,Toyota,11,litre,2.1,0.22,9.545455,0.1445285615966965
Toyota Etios G,Delhi,2014,70000,Petrol,Manual,First,5.0,3.25,16.78,1496.0,88.73,Toyota,6,litre,2.1,0.22,9.545455,0.12514898688915374
BMW X1 sDrive20d,Bangalore,2016,45000,Diesel,Automatic,First,5.0,28.5,17.05,1995.0,184.0,BMW,4,litre,2.51,0.24,10.45833,0.14721407624633429
Honda City ZX CVT,Kolkata,2006,44000,Petrol,Automatic,First,5.0,1.5,16.4,1497.0,78.0,Honda,14,litre,2.1,0.22,9.545455,0.12804878048780488
Hyundai i20 Sportz 1.4 CRDi,Delhi,2017,25500,Diesel,Manual,First,5.0,7.0,22.54,1396.0,88.73,Hyundai,3,litre,2.51,0.24,10.45833,0.11135758651286601
Mercedes-Benz E-Class E350 CDI,Delhi,2014,68000,Diesel,Automatic,First,5.0,27.5,13.0,2987.0,261.5,Mercedes-Benz,6,litre,2.51,0.24,10.45833,0.19307692307692306
Hyundai Creta 1.6 CRDi SX Option,Ahmedabad,2015,61786,Diesel,Manual,First,5.0,10.5,19.67,1582.0,126.2,Hyundai,5,litre,2.51,0.24,10.45833,0.1276054905948144
Audi Q3 2012-2015 2.0 TDI Quattro Premium Plus,Jaipur,2014,65000,Diesel,Automatic,Second,5.0,21.5,15.73,1968.0,174.33,Audi,6,litre,2.51,0.24,10.45833,0.15956770502225046
Land Rover Discovery Sport TD4 HSE,Delhi,2016,77000,Diesel,Automatic,First,5.0,35.0,12.63,2179.0,147.5,Land,4,litre,2.51,0.24,10.45833,0.19873317498020582
Skoda Rapid 1.5 TDI AT Elegance Plus,Hyderabad,2015,34000,Diesel,Automatic,First,5.0,7.99,21.66,1498.0,103.52,Skoda,5,litre,2.51,0.24,10.45833,0.11588180978762695
Maruti Celerio VXI AT,Coimbatore,2015,59751,Petrol,Automatic,First,5.0,4.88,23.1,998.0,67.04,Maruti,5,litre,2.1,0.22,9.545455,0.09090909090909091
Audi RS5 Coupe,Mumbai,2013,23312,Petrol,Automatic,First,4.0,40.5,11.05,2894.0,444.0,Audi,7,litre,2.1,0.22,9.545455,0.19004524886877827
Maruti Ciaz ZXi Plus,Mumbai,2015,30000,Petrol,Manual,First,5.0,6.55,20.73,1373.0,91.1,Maruti,5,litre,2.1,0.22,9.545455,0.10130246020260492
Audi Q5 2.0 TDI Premium Plus,Coimbatore,2015,60146,Diesel,Automatic,First,5.0,29.64,14.16,1968.0,174.3,Audi,5,litre,2.51,0.24,10.45833,0.1772598870056497
Ford Figo Diesel Titanium,Coimbatore,2013,44731,Diesel,Manual,Second,5.0,4.34,20.0,1399.0,68.0,Ford,7,litre,2.51,0.24,10.45833,0.1255
Ford Ecosport 1.0 Ecoboost Titanium,Kochi,2014,43316,Petrol,Manual,First,5.0,6.22,18.88,999.0,123.37,Ford,6,litre,2.1,0.22,9.545455,0.11122881355932204
Honda City 1.5 S MT,Delhi,2009,92000,Petrol,Manual,Second,5.0,2.25,17.0,1497.0,118.0,Honda,11,litre,2.1,0.22,9.545455,0.12352941176470589
Jaguar XF 2.2 Litre Luxury,Hyderabad,2015,50000,Diesel,Automatic,First,5.0,38.0,16.36,2179.0,187.7,Jaguar,5,litre,2.51,0.24,10.45833,0.15342298288508557
Maruti Swift VXI BSIV,Mumbai,2008,69000,Petrol,Manual,Second,5.0,2.15,20.4,1197.0,81.8,Maruti,12,litre,2.1,0.22,9.545455,0.10294117647058824
BMW 5 Series 520d Luxury Line,Coimbatore,2014,60280,Diesel,Automatic,First,5.0,22.45,22.48,1995.0,190.0,BMW,6,litre,2.51,0.24,10.45833,0.11165480427046262
Mercedes-Benz B Class B200 CDI,Coimbatore,2017,48161,Diesel,Automatic,First,5.0,20.87,15.0,2143.0,107.3,Mercedes-Benz,3,litre,2.51,0.24,10.45833,0.1673333333333333
Honda Brio S MT,Mumbai,2013,41000,Petrol,Manual,First,5.0,3.1,19.4,1198.0,86.8,Honda,7,litre,2.1,0.22,9.545455,0.10824742268041239
Hyundai i20 Sportz 1.2,Mumbai,2016,6000,Petrol,Manual,First,5.0,5.95,18.6,1197.0,81.83,Hyundai,4,litre,2.1,0.22,9.545455,0.11290322580645161
Tata Indica V2 DLG TC,Mumbai,2006,133000,Diesel,Manual,Second,5.0,0.86,16.8,1405.0,68.0,Tata,14,litre,2.51,0.24,10.45833,0.14940476190476187
Toyota Fortuner 3.0 Diesel,Delhi,2010,76000,Diesel,Manual,First,7.0,9.25,11.5,2982.0,171.0,Toyota,10,litre,2.51,0.24,10.45833,0.21826086956521737
Hyundai i10 Sportz 1.1L,Mumbai,2011,15590,Petrol,Manual,First,5.0,2.25,19.81,1086.0,68.05,Hyundai,9,litre,2.1,0.22,9.545455,0.1060070671378092
Hyundai i20 1.2 Sportz Option,Kochi,2016,69681,Petrol,Manual,First,5.0,6.13,17.0,1197.0,80.0,Hyundai,4,litre,2.1,0.22,9.545455,0.12352941176470589
Maruti Baleno LXI - BSIII,Kochi,2006,70362,Petrol,Manual,Second,5.0,1.81,15.4,1590.0,97.7,Maruti,14,litre,2.1,0.22,9.545455,0.13636363636363635
Honda Amaze S AT i-Vtech,Pune,2014,49112,Petrol,Automatic,Second,5.0,3.79,15.5,1198.0,86.7,Honda,6,litre,2.1,0.22,9.545455,0.13548387096774195
Land Rover Range Rover 3.0 Diesel LWB Vogue,Hyderabad,2017,25000,Diesel,Automatic,First,5.0,160.0,13.33,2993.0,255.0,Land,3,litre,2.51,0.24,10.45833,0.18829707426856712
Toyota Etios Liva GD,Mumbai,2011,74000,Diesel,Manual,First,5.0,3.6,23.59,1364.0,97.7,Toyota,9,litre,2.51,0.24,10.45833,0.10640101738024586
Hyundai i10 Sportz 1.2 AT,Pune,2013,15200,Petrol,Automatic,Second,5.0,3.85,16.95,1197.0,78.9,Hyundai,7,litre,2.1,0.22,9.545455,0.12389380530973453
Volkswagen Polo Diesel Trendline 1.2L,Hyderabad,2013,86300,Diesel,Manual,First,5.0,4.5,22.07,1199.0,73.9,Volkswagen,7,litre,2.51,0.24,10.45833,0.11372904395106478
Maruti Baleno RS Petrol,Coimbatore,2018,26731,Petrol,Manual,First,5.0,8.61,21.1,998.0,100.0,Maruti,2,litre,2.1,0.22,9.545455,0.0995260663507109
Hyundai i20 Sportz 1.4 CRDi,Ahmedabad,2016,74000,Diesel,Manual,First,5.0,6.5,21.9,1396.0,88.76,Hyundai,4,litre,2.51,0.24,10.45833,0.11461187214611872
Toyota Corolla H4,Chennai,2005,83929,Petrol,Automatic,First,5.0,2.6,11.3,1794.0,125.0,Toyota,15,litre,2.1,0.22,9.545455,0.18584070796460175
Toyota Innova 2.5 VX (Diesel) 7 Seater,Pune,2015,65000,Diesel,Manual,First,7.0,15.0,12.99,2494.0,100.6,Toyota,5,litre,2.51,0.24,10.45833,0.193225558121632
Maruti Celerio VXI AT Optional,Pune,2017,20000,Petrol,Automatic,First,5.0,4.7,23.1,998.0,67.04,Maruti,3,litre,2.1,0.22,9.545455,0.09090909090909091
Skoda Octavia Elegance 2.0 TDI AT,Hyderabad,2015,122086,Diesel,Automatic,First,5.0,12.99,19.3,1968.0,141.0,Skoda,5,litre,2.51,0.24,10.45833,0.13005181347150258
Honda Mobilio S i VTEC,Kochi,2018,35442,Petrol,Manual,First,7.0,7.32,17.3,1497.0,117.3,Honda,2,litre,2.1,0.22,9.545455,0.12138728323699421
Hyundai Verna 1.6 CRDi SX,Delhi,2015,62542,Diesel,Manual,Second,5.0,6.5,23.9,1582.0,126.2,Hyundai,5,litre,2.51,0.24,10.45833,0.10502092050209205
Honda City 1.5 S MT,Coimbatore,2012,26671,Petrol,Manual,Second,5.0,5.67,17.0,1497.0,118.0,Honda,8,litre,2.1,0.22,9.545455,0.12352941176470589
Ford Classic 1.4 Duratorq Titanium,Chennai,2014,83500,Diesel,Manual,Second,5.0,3.0,19.68,1399.0,67.0,Ford,6,litre,2.51,0.24,10.45833,0.12754065040650406
Maruti Ciaz ZDi,Delhi,2015,46166,Diesel,Manual,Second,5.0,5.5,26.21,1248.0,88.5,Maruti,5,litre,2.51,0.24,10.45833,0.09576497520030522
Maruti Wagon R VXI BS IV,Pune,2015,25200,Petrol,Manual,First,5.0,3.35,18.9,998.0,67.1,Maruti,5,litre,2.1,0.22,9.545455,0.11111111111111112
Audi A4 3.0 TDI Quattro,Coimbatore,2015,35463,Diesel,Automatic,First,5.0,25.02,14.94,2967.0,241.4,Audi,5,litre,2.51,0.24,10.45833,0.16800535475234268
Toyota Camry Hybrid 2.5,Coimbatore,2017,23249,Petrol,Automatic,First,5.0,26.11,19.16,2487.0,175.67,Toyota,3,litre,2.1,0.22,9.545455,0.10960334029227557
Hyundai i20 Asta 1.2,Coimbatore,2016,40310,Petrol,Manual,First,5.0,7.09,18.6,1197.0,81.83,Hyundai,4,litre,2.1,0.22,9.545455,0.11290322580645161
Maruti SX4 Green Vxi (CNG),Delhi,2012,82069,CNG,Manual,First,5.0,2.65,21.4,1586.0,103.3,Maruti,8,kg,2.5625,0.18,14.23611,0.11974299065420561
Hyundai Grand i10 1.2 Kappa Asta,Delhi,2018,10000,Petrol,Manual,First,5.0,6.5,18.9,1197.0,81.86,Hyundai,2,litre,2.1,0.22,9.545455,0.11111111111111112
Volkswagen Polo Diesel Trendline 1.2L,Chennai,2012,94000,Diesel,Manual,First,5.0,4.5,22.07,1199.0,73.9,Volkswagen,8,litre,2.51,0.24,10.45833,0.11372904395106478
BMW X5 xDrive 30d M Sport,Chennai,2016,45000,Diesel,Automatic,First,5.0,57.0,15.97,2993.0,258.0,BMW,4,litre,2.51,0.24,10.45833,0.15716969317470256
Volkswagen Polo Petrol Comfortline 1.2L,Kochi,2012,52818,Petrol,Manual,First,5.0,3.82,16.47,1198.0,73.9,Volkswagen,8,litre,2.1,0.22,9.545455,0.12750455373406194
Renault Duster 85PS Diesel RxE,Jaipur,2013,61238,Diesel,Manual,First,5.0,5.25,20.45,1461.0,83.8,Renault,7,litre,2.51,0.24,10.45833,0.12273838630806845
Skoda Superb Style 1.8 TSI AT,Coimbatore,2016,54253,Petrol,Automatic,First,5.0,16.81,14.67,1798.0,177.46,Skoda,4,litre,2.1,0.22,9.545455,0.14314928425357873
Audi Q5 2.0 TDI,Delhi,2013,71000,Diesel,Automatic,First,5.0,21.5,14.16,1968.0,174.3,Audi,7,litre,2.51,0.24,10.45833,0.1772598870056497
Maruti Baleno Delta 1.3,Hyderabad,2017,20000,Diesel,Manual,First,5.0,8.5,27.39,1248.0,74.0,Maruti,3,litre,2.51,0.24,10.45833,0.09163928441036874
Volkswagen Polo Petrol Comfortline 1.2L,Delhi,2013,75000,Petrol,Manual,First,5.0,3.25,16.47,1198.0,73.9,Volkswagen,7,litre,2.1,0.22,9.545455,0.12750455373406194
Mitsubishi Pajero Sport 4X4 AT,Coimbatore,2019,11827,Diesel,Automatic,First,6.0,27.11,13.5,2477.0,175.56,Mitsubishi,1,litre,2.51,0.24,10.45833,0.1859259259259259
Maruti Ciaz VXi Plus,Mumbai,2015,51579,Petrol,Manual,First,5.0,5.95,20.73,1373.0,91.1,Maruti,5,litre,2.1,0.22,9.545455,0.10130246020260492
Renault Duster 85PS Diesel RxL Option,Kochi,2015,65178,Diesel,Manual,First,5.0,6.79,19.87,1461.0,83.8,Renault,5,litre,2.51,0.24,10.45833,0.1263210870659285
Hyundai EON D Lite Plus Option,Mumbai,2016,25350,Petrol,Manual,First,5.0,2.55,21.1,814.0,55.2,Hyundai,4,litre,2.1,0.22,9.545455,0.0995260663507109
Honda CR-V 2.4 MT,Pune,2008,92000,Petrol,Manual,Second,5.0,3.7,10.8,2354.0,152.0,Honda,12,litre,2.1,0.22,9.545455,0.19444444444444445
Hyundai Verna 1.6 SX VTVT,Bangalore,2014,45000,Petrol,Manual,Second,5.0,6.75,17.01,1591.0,121.3,Hyundai,6,litre,2.1,0.22,9.545455,0.12345679012345678
Toyota Corolla Altis JS MT,Kolkata,2015,46000,Petrol,Manual,First,5.0,6.95,14.28,1798.0,138.03,Toyota,5,litre,2.1,0.22,9.545455,0.14705882352941177
Maruti SX4 ZXI MT BSIV,Kochi,2011,79940,Petrol,Manual,First,5.0,2.78,15.5,1586.0,103.3,Maruti,9,litre,2.1,0.22,9.545455,0.13548387096774195
Volkswagen Polo Petrol Comfortline 1.2L,Coimbatore,2016,28851,Petrol,Manual,First,5.0,6.18,16.47,1198.0,73.9,Volkswagen,4,litre,2.1,0.22,9.545455,0.12750455373406194
Audi Q5 30 TDI quattro Premium Plus,Bangalore,2015,63000,Diesel,Automatic,First,5.0,36.0,14.16,1968.0,174.3,Audi,5,litre,2.51,0.24,10.45833,0.1772598870056497
Honda City 1.5 V MT,Coimbatore,2012,77283,Petrol,Manual,First,5.0,5.81,17.0,1497.0,118.0,Honda,8,litre,2.1,0.22,9.545455,0.12352941176470589
Maruti Wagon R VXI,Pune,2014,38958,Petrol,Manual,First,5.0,3.41,22.5,998.0,67.04,Maruti,6,litre,2.1,0.22,9.545455,0.09333333333333334
Mitsubishi Pajero Sport 4X4 AT,Bangalore,2018,8900,Diesel,Automatic,First,6.0,26.5,13.5,2477.0,175.56,Mitsubishi,2,litre,2.51,0.24,10.45833,0.1859259259259259
Skoda Octavia Elegance 1.8 TSI AT,Hyderabad,2015,38000,Petrol,Automatic,First,5.0,16.0,14.7,1798.0,177.5,Skoda,5,litre,2.1,0.22,9.545455,0.14285714285714288
Hyundai Creta 1.6 CRDi SX Option,Kochi,2017,44887,Diesel,Manual,First,5.0,12.13,19.67,1582.0,126.2,Hyundai,3,litre,2.51,0.24,10.45833,0.1276054905948144
Maruti Alto LXi BSIII,Hyderabad,2009,85000,Petrol,Manual,Second,5.0,1.8,19.7,796.0,46.3,Maruti,11,litre,2.1,0.22,9.545455,0.10659898477157362
Honda City V MT,Pune,2013,100000,Petrol,Manual,First,5.0,6.25,16.8,1497.0,116.3,Honda,7,litre,2.1,0.22,9.545455,0.125
Datsun redi-GO S,Chennai,2016,26239,Petrol,Manual,First,5.0,2.75,22.7,799.0,53.0,Datsun,4,litre,2.1,0.22,9.545455,0.09251101321585904
Skoda Yeti Ambition 4WD,Pune,2011,97000,Diesel,Manual,First,5.0,6.0,17.67,1968.0,138.08,Skoda,9,litre,2.51,0.24,10.45833,0.14204867006225239
Mercedes-Benz B Class B180,Delhi,2013,28000,Petrol,Automatic,First,5.0,11.56,14.8,1595.0,120.7,Mercedes-Benz,7,litre,2.1,0.22,9.545455,0.14189189189189189
Volkswagen Polo GT TSI,Mumbai,2014,20364,Petrol,Automatic,Second,5.0,5.2,17.21,1197.0,103.6,Volkswagen,6,litre,2.1,0.22,9.545455,0.12202208018593841
Ford EcoSport 1.5 TDCi Titanium,Coimbatore,2014,64637,Diesel,Manual,First,5.0,7.52,22.77,1498.0,98.59,Ford,6,litre,2.51,0.24,10.45833,0.11023276240667544
Hyundai Creta 1.6 SX Plus Dual Tone Petrol,Coimbatore,2017,15731,Petrol,Manual,First,5.0,12.49,15.29,1591.0,121.3,Hyundai,3,litre,2.1,0.22,9.545455,0.13734466971877046
Toyota Fortuner 2.8 2WD MT,Coimbatore,2019,56251,Diesel,Manual,First,7.0,35.82,14.24,2755.0,174.5,Toyota,1,litre,2.51,0.24,10.45833,0.1762640449438202
Maruti Swift Dzire ZXI,Chennai,2017,28000,Petrol,Manual,First,5.0,6.25,20.85,1197.0,83.14,Maruti,3,litre,2.1,0.22,9.545455,0.10071942446043165
Hyundai i20 1.2 Asta with AVN,Coimbatore,2015,20045,Petrol,Manual,First,5.0,6.22,17.0,1197.0,80.0,Hyundai,5,litre,2.1,0.22,9.545455,0.12352941176470589
Honda BR-V i-VTEC S MT,Bangalore,2016,34004,Petrol,Manual,First,7.0,8.02,15.4,1497.0,117.3,Honda,4,litre,2.1,0.22,9.545455,0.13636363636363635
Maruti Celerio ZXI,Mumbai,2014,21000,Petrol,Manual,First,5.0,3.75,23.1,998.0,67.04,Maruti,6,litre,2.1,0.22,9.545455,0.09090909090909091
Mercedes-Benz E-Class 2009-2013 E350 Petrol,Mumbai,2009,68001,Petrol,Automatic,Second,5.0,11.75,10.93,3498.0,272.0,Mercedes-Benz,11,litre,2.1,0.22,9.545455,0.19213174748398903
Hyundai i10 Magna 1.2 iTech SE,Kolkata,2012,31000,Petrol,Manual,First,5.0,2.25,20.36,1197.0,78.9,Hyundai,8,litre,2.1,0.22,9.545455,0.1031434184675835
Toyota Etios Liva V,Mumbai,2013,8950,Petrol,Manual,First,5.0,3.55,17.71,1197.0,78.9,Toyota,7,litre,2.1,0.22,9.545455,0.11857707509881422
Mercedes-Benz E-Class 2015-2017 E250 Edition E,Coimbatore,2017,43477,Diesel,Automatic,First,5.0,38.15,15.0,2143.0,204.0,Mercedes-Benz,3,litre,2.51,0.24,10.45833,0.1673333333333333
Hyundai EON D Lite Plus,Ahmedabad,2015,20000,Petrol,Manual,First,5.0,2.66,21.1,814.0,55.2,Hyundai,5,litre,2.1,0.22,9.545455,0.0995260663507109
Maruti Wagon R CNG LXI,Mumbai,2014,47200,CNG,Manual,First,5.0,2.85,33.54,998.0,67.04,Maruti,6,kg,2.5625,0.18,14.23611,0.07640131186642815
Honda City 1.5 S MT,Bangalore,2011,60000,Petrol,Manual,First,5.0,4.95,17.0,1497.0,118.0,Honda,9,litre,2.1,0.22,9.545455,0.12352941176470589
Mercedes-Benz S-Class 280 AT,Chennai,2003,111000,Petrol,Automatic,First,5.0,6.5,13.0,2987.0,210.0,Mercedes-Benz,17,litre,2.1,0.22,9.545455,0.16153846153846155
Tata Indigo CS eVX,Pune,2016,52000,Diesel,Manual,Second,5.0,2.4,25.0,1396.0,69.01,Tata,4,litre,2.51,0.24,10.45833,0.10039999999999999
Hyundai Creta 1.6 VTVT S,Pune,2016,26000,Petrol,Manual,First,5.0,12.5,15.29,1591.0,121.3,Hyundai,4,litre,2.1,0.22,9.545455,0.13734466971877046
Maruti Wagon R LXI BS IV,Pune,2013,32425,Petrol,Manual,First,5.0,3.0,20.51,998.0,67.04,Maruti,7,litre,2.1,0.22,9.545455,0.10238907849829351
Maruti Dzire VDI,Kochi,2017,54758,Diesel,Manual,First,5.0,6.67,28.4,1248.0,73.75,Maruti,3,litre,2.51,0.24,10.45833,0.08838028169014084
Ford Ikon 1.3 Flair,Coimbatore,2008,59833,Petrol,Manual,Fourth & Above,5.0,1.97,13.8,1299.0,70.0,Ford,12,litre,2.1,0.22,9.545455,0.15217391304347827
Volkswagen Polo Petrol Comfortline 1.2L,Kolkata,2013,30000,Petrol,Manual,First,5.0,2.8,16.47,1198.0,73.9,Volkswagen,7,litre,2.1,0.22,9.545455,0.12750455373406194
Hyundai i10 Magna 1.2,Jaipur,2011,40496,Petrol,Manual,First,5.0,2.65,20.36,1197.0,78.9,Hyundai,9,litre,2.1,0.22,9.545455,0.1031434184675835
Chevrolet Enjoy 1.3 TCDi LTZ 8,Chennai,2014,45000,Diesel,Manual,First,8.0,4.75,18.2,1248.0,73.74,Chevrolet,6,litre,2.51,0.24,10.45833,0.1379120879120879
Land Rover Range Rover 3.0 D,Mumbai,2003,75000,Diesel,Automatic,Second,5.0,16.11,0.0,1493.0,97.7,Land,17,litre,2.51,0.24,10.45833,0.12352941176470589
Mercedes-Benz E-Class 200 Kompressor Elegance,Bangalore,2011,34000,Petrol,Automatic,Second,5.0,19.0,10.5,1796.0,157.7,Mercedes-Benz,9,litre,2.1,0.22,9.545455,0.2
Maruti Swift Vdi BSIII,Bangalore,2012,62000,Diesel,Manual,First,5.0,4.5,17.8,1248.0,75.0,Maruti,8,litre,2.51,0.24,10.45833,0.14101123595505616
Mahindra XUV500 W8 4WD,Hyderabad,2012,123600,Diesel,Manual,First,7.0,8.25,15.1,2179.0,140.0,Mahindra,8,litre,2.51,0.24,10.45833,0.1662251655629139
Toyota Etios Liva G,Pune,2014,80102,Petrol,Manual,First,5.0,3.5,17.71,1197.0,78.9,Toyota,6,litre,2.1,0.22,9.545455,0.11857707509881422
Mahindra XUV500 W8 4WD,Pune,2013,55000,Diesel,Manual,First,7.0,8.5,15.1,2179.0,140.0,Mahindra,7,litre,2.51,0.24,10.45833,0.1662251655629139
Hyundai Creta 1.6 VTVT S,Hyderabad,2015,48200,Petrol,Manual,First,5.0,9.0,15.29,1591.0,121.3,Hyundai,5,litre,2.1,0.22,9.545455,0.13734466971877046
Honda City i DTEC SV,Hyderabad,2014,90000,Diesel,Manual,First,5.0,6.75,26.0,1498.0,98.6,Honda,6,litre,2.51,0.24,10.45833,0.09653846153846153
Maruti Swift Dzire VDi,Hyderabad,2014,123900,Diesel,Manual,First,5.0,5.4,19.3,1248.0,73.9,Maruti,6,litre,2.51,0.24,10.45833,0.13005181347150258
Maruti Wagon R LXI BS IV,Delhi,2015,13008,Petrol,Manual,First,5.0,3.5,20.51,998.0,67.04,Maruti,5,litre,2.1,0.22,9.545455,0.10238907849829351
Hyundai EON Era Plus,Hyderabad,2012,60500,Petrol,Manual,First,5.0,2.6,21.1,814.0,55.2,Hyundai,8,litre,2.1,0.22,9.545455,0.0995260663507109
Toyota Innova Crysta 2.8 ZX AT,Bangalore,2017,53841,Diesel,Automatic,First,7.0,20.5,11.36,2755.0,171.5,Toyota,3,litre,2.51,0.24,10.45833,0.2209507042253521
Hyundai Creta 1.6 SX Option,Kochi,2017,47183,Petrol,Manual,Second,5.0,11.31,15.8,1591.0,121.3,Hyundai,3,litre,2.1,0.22,9.545455,0.13291139240506328
Maruti Wagon R VXI Plus,Kolkata,2018,10000,Petrol,Manual,First,5.0,4.5,20.51,998.0,67.04,Maruti,2,litre,2.1,0.22,9.545455,0.10238907849829351
Mercedes-Benz GL-Class 350 CDI Blue Efficiency,Chennai,2015,45000,Diesel,Automatic,First,7.0,56.0,11.3,2987.0,254.8,Mercedes-Benz,5,litre,2.51,0.24,10.45833,0.2221238938053097
Maruti Celerio VXI,Kochi,2017,3923,Petrol,Manual,First,5.0,5.2,23.1,998.0,67.04,Maruti,3,litre,2.1,0.22,9.545455,0.09090909090909091
Mahindra Scorpio SLE BSIV,Delhi,2011,85000,Diesel,Manual,First,8.0,5.25,12.05,2179.0,120.0,Mahindra,9,litre,2.51,0.24,10.45833,0.20829875518672197
Datsun redi-GO T Option,Kochi,2018,6279,Petrol,Manual,First,5.0,3.6,22.7,799.0,53.64,Datsun,2,litre,2.1,0.22,9.545455,0.09251101321585904
Fiat Grande Punto EVO 1.3 Active,Pune,2014,74500,Diesel,Manual,First,5.0,3.3,21.2,1248.0,75.0,Fiat,6,litre,2.51,0.24,10.45833,0.11839622641509433
Hyundai Elantra CRDi SX,Kolkata,2013,42000,Diesel,Manual,First,5.0,5.85,22.7,1582.0,126.24,Hyundai,7,litre,2.51,0.24,10.45833,0.11057268722466959
Maruti Swift Dzire LXI,Delhi,2014,56510,Petrol,Manual,First,5.0,3.9,19.1,1197.0,85.8,Maruti,6,litre,2.1,0.22,9.545455,0.10994764397905758
Audi A4 2.0 TDI Multitronic,Delhi,2009,88000,Diesel,Automatic,First,5.0,7.98,16.55,1968.0,140.0,Audi,11,litre,2.51,0.24,10.45833,0.15166163141993955
Honda Brio VX AT,Mumbai,2014,36631,Petrol,Automatic,First,5.0,4.3,16.5,1198.0,86.8,Honda,6,litre,2.1,0.22,9.545455,0.1272727272727273
Maruti Wagon R LXI BS IV,Kolkata,2011,34000,Petrol,Manual,First,5.0,2.25,18.9,998.0,67.1,Maruti,9,litre,2.1,0.22,9.545455,0.11111111111111112
Hyundai i10 Magna 1.1,Ahmedabad,2013,49000,Petrol,Manual,First,5.0,3.2,19.81,1086.0,68.05,Hyundai,7,litre,2.1,0.22,9.545455,0.1060070671378092
Hyundai Verna 1.6 SX,Hyderabad,2012,65254,Diesel,Manual,First,5.0,6.55,22.32,1582.0,126.32,Hyundai,8,litre,2.51,0.24,10.45833,0.11245519713261648
Hyundai Verna 1.6 SX,Bangalore,2014,95000,Diesel,Manual,Second,5.0,6.9,22.32,1582.0,126.32,Hyundai,6,litre,2.51,0.24,10.45833,0.11245519713261648
Maruti Ritz VDi,Chennai,2009,83000,Diesel,Manual,First,5.0,2.95,23.2,1248.0,73.94,Maruti,11,litre,2.51,0.24,10.45833,0.10818965517241379
Hyundai Creta 1.6 SX Option Diesel,Coimbatore,2017,101065,Diesel,Manual,First,5.0,11.45,20.5,1582.0,126.2,Hyundai,3,litre,2.51,0.24,10.45833,0.12243902439024389
Maruti Baleno Delta,Kochi,2017,15134,Petrol,Manual,First,5.0,6.37,21.4,1197.0,83.1,Maruti,3,litre,2.1,0.22,9.545455,0.09813084112149534
Hyundai Verna 1.6 CRDI,Jaipur,2011,72000,Diesel,Manual,First,5.0,5.0,22.32,1582.0,126.3,Hyundai,9,litre,2.51,0.24,10.45833,0.11245519713261648
Tata Indica Vista Quadrajet VX,Chennai,2012,120000,Diesel,Manual,Second,5.0,2.6,22.3,1248.0,74.0,Tata,8,litre,2.51,0.24,10.45833,0.11255605381165917
Hyundai i20 1.2 Magna,Kolkata,2010,45000,Petrol,Manual,First,5.0,1.9,18.5,1197.0,80.0,Hyundai,10,litre,2.1,0.22,9.545455,0.11351351351351352
Porsche Panamera Diesel,Kochi,2015,54996,Diesel,Automatic,First,4.0,60.95,17.85,2967.0,300.0,Porsche,5,litre,2.51,0.24,10.45833,0.1406162464985994
Maruti Eeco Smiles 5 Seater AC,Coimbatore,2017,22874,Petrol,Manual,First,5.0,4.44,15.1,1196.0,73.0,Maruti,3,litre,2.1,0.22,9.545455,0.13907284768211922
BMW 3 Series 320d Sport,Chennai,2012,58000,Diesel,Automatic,Second,5.0,15.3,22.69,1995.0,190.0,BMW,8,litre,2.51,0.24,10.45833,0.11062141912736886
Maruti Ertiga VDI,Chennai,2016,86000,Diesel,Manual,Second,7.0,8.2,25.47,1248.0,88.5,Maruti,4,litre,2.51,0.24,10.45833,0.09854731056144483
Hyundai Xcent 1.2 Kappa AT S Option,Ahmedabad,2014,69000,Petrol,Automatic,First,5.0,5.25,16.9,1197.0,81.86,Hyundai,6,litre,2.1,0.22,9.545455,0.12426035502958581
Volkswagen Vento 1.2 TSI Highline AT,Pune,2016,55001,Petrol,Automatic,Second,5.0,8.5,16.93,1197.0,103.2,Volkswagen,4,litre,2.1,0.22,9.545455,0.1240401653868872
Audi Q3 35 TDI Quattro Premium,Chennai,2015,28000,Diesel,Automatic,First,5.0,23.75,15.73,1968.0,174.33,Audi,5,litre,2.51,0.24,10.45833,0.15956770502225046
Hyundai i10 Magna 1.1,Delhi,2013,53213,Petrol,Manual,First,5.0,2.74,19.81,1086.0,68.05,Hyundai,7,litre,2.1,0.22,9.545455,0.1060070671378092
Volkswagen Jetta 2013-2015 2.0L TDI Highline AT,Coimbatore,2016,44340,Diesel,Automatic,First,5.0,13.83,16.96,1968.0,138.03,Volkswagen,4,litre,2.51,0.24,10.45833,0.1479952830188679
Maruti Baleno RS 1.0 Petrol,Mumbai,2017,16900,Petrol,Manual,First,5.0,6.99,21.1,998.0,100.0,Maruti,3,litre,2.1,0.22,9.545455,0.0995260663507109
Hyundai i10 Era,Jaipur,2009,57000,Petrol,Manual,First,5.0,2.25,19.81,1086.0,68.05,Hyundai,11,litre,2.1,0.22,9.545455,0.1060070671378092
Toyota Innova 2.5 G4 Diesel 8-seater,Hyderabad,2013,83165,Diesel,Manual,First,8.0,11.49,12.8,2494.0,102.0,Toyota,7,litre,2.51,0.24,10.45833,0.19609374999999998
Chevrolet Beat LT,Coimbatore,2012,24735,Petrol,Manual,Second,5.0,2.87,18.6,1199.0,79.4,Chevrolet,8,litre,2.1,0.22,9.545455,0.11290322580645161
Toyota Innova 2.5 G3,Kolkata,2005,65175,Diesel,Manual,First,8.0,3.25,12.8,2494.0,102.0,Toyota,15,litre,2.51,0.24,10.45833,0.19609374999999998
Honda Accord 2.4 Inspire M/T,Pune,2009,60000,Petrol,Manual,Second,5.0,3.5,9.8,2354.0,180.0,Honda,11,litre,2.1,0.22,9.545455,0.21428571428571427
Mahindra KUV 100 mFALCON D75 K4 Plus,Kochi,2017,60357,Diesel,Manual,First,6.0,4.49,25.32,1198.0,77.0,Mahindra,3,litre,2.51,0.24,10.45833,0.09913112164296997
Volkswagen Polo Diesel Trendline 1.2L,Jaipur,2011,77000,Diesel,Manual,First,5.0,2.9,22.07,1199.0,73.9,Volkswagen,9,litre,2.51,0.24,10.45833,0.11372904395106478
Toyota Innova 2.0 GX 8 STR,Coimbatore,2014,85301,Petrol,Manual,First,8.0,12.36,12.4,1998.0,132.0,Toyota,6,litre,2.1,0.22,9.545455,0.16935483870967744
Mahindra Scorpio VLX AT AIRBAG BSIV,Mumbai,2011,50000,Diesel,Automatic,First,8.0,6.0,11.79,2179.0,120.0,Mahindra,9,litre,2.51,0.24,10.45833,0.21289228159457166
BMW 7 Series 730Ld Sedan,Chennai,2010,58000,Diesel,Automatic,First,5.0,31.0,16.46,2993.0,258.0,BMW,10,litre,2.51,0.24,10.45833,0.1524908869987849
Honda City i-DTEC SV,Kolkata,2015,39000,Diesel,Manual,First,5.0,5.49,25.6,1498.0,98.6,Honda,5,litre,2.51,0.24,10.45833,0.09804687499999999
Volkswagen Polo Diesel Comfortline 1.2L,Coimbatore,2015,46190,Diesel,Manual,First,5.0,5.86,22.07,1199.0,73.9,Volkswagen,5,litre,2.51,0.24,10.45833,0.11372904395106478
Mahindra XUV500 W8 2WD,Mumbai,2015,83000,Diesel,Manual,First,7.0,9.0,16.0,2179.0,140.0,Mahindra,5,litre,2.51,0.24,10.45833,0.156875
Volkswagen Vento 1.6 Highline,Jaipur,2016,33000,Petrol,Manual,First,5.0,7.7,16.09,1598.0,103.5,Volkswagen,4,litre,2.1,0.22,9.545455,0.1305158483530143
Honda City i VTEC V,Coimbatore,2017,27279,Petrol,Manual,First,5.0,9.47,17.4,1497.0,117.3,Honda,3,litre,2.1,0.22,9.545455,0.12068965517241381
Audi Q5 2.0 TDI Premium Plus,Bangalore,2014,53900,Diesel,Automatic,First,5.0,29.0,14.16,1968.0,174.3,Audi,6,litre,2.51,0.24,10.45833,0.1772598870056497
Honda City 1.5 V AT Exclusive,Kochi,2012,63998,Petrol,Automatic,First,5.0,5.42,17.0,1497.0,118.0,Honda,8,litre,2.1,0.22,9.545455,0.12352941176470589
Maruti Swift VXI BSIV,Coimbatore,2016,57932,Petrol,Manual,First,5.0,6.39,20.4,1197.0,81.8,Maruti,4,litre,2.1,0.22,9.545455,0.10294117647058824
Maruti Alto 800 LXI,Jaipur,2015,25000,Petrol,Manual,First,5.0,2.75,22.74,796.0,47.3,Maruti,5,litre,2.1,0.22,9.545455,0.09234828496042218
Ford Figo Diesel Titanium,Chennai,2011,169000,Diesel,Manual,First,5.0,2.5,20.0,1399.0,68.0,Ford,9,litre,2.51,0.24,10.45833,0.1255
Hyundai Santro Xing GL Plus,Delhi,2012,53000,Petrol,Manual,First,5.0,2.35,17.92,1086.0,62.1,Hyundai,8,litre,2.1,0.22,9.545455,0.1171875
Maruti Wagon R VXI,Coimbatore,2015,43053,Petrol,Manual,First,5.0,4.65,18.9,998.0,67.1,Maruti,5,litre,2.1,0.22,9.545455,0.11111111111111112
Honda City i DTEC SV,Ahmedabad,2014,75000,Diesel,Manual,First,5.0,6.0,26.0,1498.0,98.6,Honda,6,litre,2.51,0.24,10.45833,0.09653846153846153
Honda City V MT AVN,Pune,2012,89000,Petrol,Manual,Second,5.0,3.5,16.8,1497.0,116.3,Honda,8,litre,2.1,0.22,9.545455,0.125
Honda City i DTEC VX,Hyderabad,2014,75578,Diesel,Manual,First,5.0,7.0,25.1,1498.0,98.6,Honda,6,litre,2.51,0.24,10.45833,0.09999999999999999
Hyundai Verna VTVT 1.6 SX,Bangalore,2014,46676,Petrol,Manual,First,5.0,7.75,17.0,1591.0,121.3,Hyundai,6,litre,2.1,0.22,9.545455,0.12352941176470589
Maruti Alto K10 LXI,Kochi,2014,51349,Petrol,Manual,First,5.0,2.93,24.07,998.0,67.1,Maruti,6,litre,2.1,0.22,9.545455,0.08724553385957624
Mercedes-Benz E-Class 2009-2013 E250 CDI Avantgarde,Kolkata,2014,34233,Diesel,Automatic,First,5.0,22.5,14.21,2143.0,203.0,Mercedes-Benz,6,litre,2.51,0.24,10.45833,0.17663617171006332
BMW X6 xDrive30d,Coimbatore,2014,39626,Diesel,Automatic,First,4.0,40.66,11.2,2993.0,241.0,BMW,6,litre,2.51,0.24,10.45833,0.22410714285714287
Maruti Wagon R LXI BSIII,Pune,2008,82500,Petrol,Manual,First,5.0,1.75,14.0,1061.0,64.0,Maruti,12,litre,2.1,0.22,9.545455,0.15
Renault Duster RXZ AWD,Hyderabad,2015,63000,Diesel,Manual,Second,5.0,8.2,19.72,1461.0,108.45,Renault,5,litre,2.51,0.24,10.45833,0.12728194726166328
Mahindra Scorpio VLX 2.2 mHawk Airbag BSIV,Delhi,2011,77001,Diesel,Manual,First,8.0,4.49,12.05,2179.0,120.0,Mahindra,9,litre,2.51,0.24,10.45833,0.20829875518672197
Ford Endeavour 3.2 Trend AT 4X4,Chennai,2016,43000,Diesel,Automatic,First,7.0,26.5,10.91,3198.0,197.2,Ford,4,litre,2.51,0.24,10.45833,0.23006416131989
Maruti Zen Estilo LXI BS IV,Hyderabad,2011,61111,Petrol,Manual,First,5.0,2.6,19.0,998.0,67.1,Maruti,9,litre,2.1,0.22,9.545455,0.1105263157894737
Hyundai Santro Xing XG,Bangalore,2005,79000,Petrol,Manual,Second,5.0,1.65,17.0,1493.0,97.7,Hyundai,15,litre,2.1,0.22,9.545455,0.12352941176470589
Hyundai i10 Asta,Kolkata,2011,43000,Petrol,Manual,First,5.0,2.49,20.36,1197.0,78.9,Hyundai,9,litre,2.1,0.22,9.545455,0.1031434184675835
Honda Brio VX AT,Hyderabad,2013,47000,Petrol,Automatic,First,5.0,5.4,16.5,1198.0,86.8,Honda,7,litre,2.1,0.22,9.545455,0.1272727272727273
Maruti Wagon R AMT VXI,Jaipur,2017,34000,Petrol,Automatic,First,5.0,4.35,20.51,998.0,67.0,Maruti,3,litre,2.1,0.22,9.545455,0.10238907849829351
Audi Q3 30 TDI Premium FWD,Coimbatore,2018,22060,Diesel,Automatic,First,5.0,32.73,18.51,1968.0,147.51,Audi,2,litre,2.51,0.24,10.45833,0.13560237709346298
Mercedes-Benz M-Class ML 350 4Matic,Chennai,2012,63000,Diesel,Automatic,First,5.0,26.0,0.0,2987.0,165.0,Mercedes-Benz,8,litre,2.51,0.24,10.45833,0.12352941176470589
Maruti Wagon R LXI,Jaipur,2011,80000,Petrol,Manual,First,5.0,2.5,18.9,998.0,67.1,Maruti,9,litre,2.1,0.22,9.545455,0.11111111111111112
Audi A4 35 TDI Premium Plus,Kochi,2015,13506,Diesel,Automatic,First,5.0,21.66,18.25,1968.0,187.74,Audi,5,litre,2.51,0.24,10.45833,0.13753424657534247
Renault KWID RXT Optional,Mumbai,2016,16000,Petrol,Manual,First,5.0,2.99,25.17,799.0,53.3,Renault,4,litre,2.1,0.22,9.545455,0.08343265792610251
Maruti Alto 800 2016-2019 VXI,Kolkata,2016,31006,Petrol,Manual,First,5.0,2.61,24.7,796.0,47.3,Maruti,4,litre,2.1,0.22,9.545455,0.08502024291497977
Toyota Innova 2.5 GX (Diesel) 8 Seater,Delhi,2013,91200,Diesel,Manual,First,8.0,8.25,12.99,2494.0,100.0,Toyota,7,litre,2.51,0.24,10.45833,0.193225558121632
Toyota Corolla Altis 2008-2013 1.8 VL AT,Pune,2015,43000,Petrol,Automatic,First,5.0,12.5,14.53,1794.0,138.1,Toyota,5,litre,2.1,0.22,9.545455,0.1445285615966965
Ford Figo 2015-2019 1.5D Titanium Plus MT,Hyderabad,2015,45000,Diesel,Manual,First,5.0,5.5,25.83,1498.0,99.0,Ford,5,litre,2.51,0.24,10.45833,0.09717382888114595
Honda Brio S MT,Coimbatore,2014,28637,Petrol,Manual,First,5.0,5.53,19.4,1198.0,86.8,Honda,6,litre,2.1,0.22,9.545455,0.10824742268041239
Ford Ikon 1.6 ZXI NXt,Pune,2004,69870,Petrol,Manual,Second,5.0,1.1,14.2,1597.0,92.0,Ford,16,litre,2.1,0.22,9.545455,0.147887323943662
Mahindra Scorpio 2009-2014 LX 2WD 7S,Mumbai,2014,84000,Diesel,Manual,First,7.0,6.85,12.05,2179.0,120.0,Mahindra,6,litre,2.51,0.24,10.45833,0.20829875518672197
Mercedes-Benz S-Class 320 L,Coimbatore,2007,84143,Petrol,Manual,First,5.0,17.09,13.0,2987.0,210.0,Mercedes-Benz,13,litre,2.1,0.22,9.545455,0.16153846153846155
Mahindra Scorpio SLE BSIV,Delhi,2012,77000,Diesel,Manual,Second,8.0,4.93,12.05,2179.0,120.0,Mahindra,8,litre,2.51,0.24,10.45833,0.20829875518672197
Land Rover Freelander 2 SE,Ahmedabad,2012,75000,Diesel,Automatic,Second,5.0,17.5,12.39,2179.0,147.51,Land,8,litre,2.51,0.24,10.45833,0.2025827280064568
Chevrolet Beat LS,Delhi,2011,76155,Petrol,Manual,First,5.0,1.95,18.6,1199.0,79.4,Chevrolet,9,litre,2.1,0.22,9.545455,0.11290322580645161
Maruti Swift ZDi,Bangalore,2014,98000,Diesel,Manual,First,5.0,6.1,22.9,1248.0,74.0,Maruti,6,litre,2.51,0.24,10.45833,0.10960698689956332
Toyota Corolla H2,Mumbai,2008,48233,Petrol,Manual,Second,5.0,1.8,13.4,1794.0,125.0,Toyota,12,litre,2.1,0.22,9.545455,0.15671641791044777
Audi Q5 3.0 TDI Quattro,Bangalore,2015,63000,Diesel,Automatic,First,5.0,34.5,13.22,2967.0,241.4,Audi,5,litre,2.51,0.24,10.45833,0.18986384266263234
Hyundai EON Era Plus,Coimbatore,2015,34063,Petrol,Manual,First,5.0,4.01,21.1,814.0,55.2,Hyundai,5,litre,2.1,0.22,9.545455,0.0995260663507109
Honda Amaze S Petrol,Kolkata,2013,32576,Petrol,Manual,First,5.0,3.15,19.5,1199.0,88.76,Honda,7,litre,2.1,0.22,9.545455,0.1076923076923077
Ford Figo Aspire 1.5 Ti-VCT Titanium,Mumbai,2015,28843,Petrol,Automatic,First,5.0,5.49,17.01,1499.0,110.5,Ford,5,litre,2.1,0.22,9.545455,0.12345679012345678
Renault Duster 110PS Diesel RxL AMT,Bangalore,2016,26000,Diesel,Automatic,Second,5.0,10.0,19.6,1461.0,108.45,Renault,4,litre,2.51,0.24,10.45833,0.1280612244897959
Honda City V AT,Kolkata,2013,39000,Petrol,Automatic,First,5.0,4.55,15.6,1497.0,116.3,Honda,7,litre,2.1,0.22,9.545455,0.13461538461538464
Maruti Alto LXi,Mumbai,2010,66000,Petrol,Manual,First,5.0,1.5,19.7,796.0,46.3,Maruti,10,litre,2.1,0.22,9.545455,0.10659898477157362
Hyundai i10 Magna 1.2,Kolkata,2011,38002,Petrol,Manual,First,5.0,2.15,20.36,1197.0,78.9,Hyundai,9,litre,2.1,0.22,9.545455,0.1031434184675835
Chevrolet Spark 1.0 LS,Chennai,2010,49000,Petrol,Manual,Second,5.0,1.4,18.0,995.0,62.0,Chevrolet,10,litre,2.1,0.22,9.545455,0.11666666666666667
Skoda Rapid 1.5 TDI Ambition Plus,Bangalore,2014,52000,Diesel,Manual,First,5.0,6.2,21.14,1498.0,103.6,Skoda,6,litre,2.51,0.24,10.45833,0.11873226111636706
Audi A6 2011-2015 2.0 TDI Premium Plus,Mumbai,2013,56500,Diesel,Automatic,First,5.0,19.8,17.68,1968.0,174.33,Audi,7,litre,2.51,0.24,10.45833,0.1419683257918552
Honda Jazz 1.2 V i VTEC,Mumbai,2015,20568,Petrol,Manual,First,5.0,5.6,18.7,1199.0,88.7,Honda,5,litre,2.1,0.22,9.545455,0.11229946524064172
Hyundai Creta 1.6 SX Plus Dual Tone Petrol,Mumbai,2015,26000,Petrol,Manual,First,5.0,9.5,15.29,1591.0,121.3,Hyundai,5,litre,2.1,0.22,9.545455,0.13734466971877046
Chevrolet Beat LS,Delhi,2012,56000,Petrol,Manual,First,5.0,2.21,18.6,1199.0,79.4,Chevrolet,8,litre,2.1,0.22,9.545455,0.11290322580645161
Datsun redi-GO T Option,Coimbatore,2017,27509,Petrol,Manual,First,5.0,3.31,22.7,799.0,53.64,Datsun,3,litre,2.1,0.22,9.545455,0.09251101321585904
Hyundai Xcent 1.2 Kappa S Option,Kochi,2016,36216,Petrol,Manual,First,5.0,5.44,19.1,1197.0,81.86,Hyundai,4,litre,2.1,0.22,9.545455,0.10994764397905758
Mercedes-Benz E-Class 230 E AT,Kolkata,2009,28888,Petrol,Automatic,First,5.0,7.56,10.0,2496.0,157.7,Mercedes-Benz,11,litre,2.1,0.22,9.545455,0.21000000000000002
Maruti Swift ZDi,Jaipur,2011,120000,Diesel,Manual,Second,5.0,3.2,22.9,1248.0,74.0,Maruti,9,litre,2.51,0.24,10.45833,0.10960698689956332
Maruti Celerio ZXI,Kochi,2018,31396,Petrol,Manual,First,5.0,5.53,23.1,998.0,67.04,Maruti,2,litre,2.1,0.22,9.545455,0.09090909090909091
Skoda Octavia Elegance 2.0 TDI AT,Hyderabad,2015,79000,Diesel,Automatic,First,5.0,17.0,19.3,1968.0,141.0,Skoda,5,litre,2.51,0.24,10.45833,0.13005181347150258
Honda City 1.5 V AT,Delhi,2010,62000,Petrol,Automatic,First,5.0,3.55,16.8,1497.0,118.0,Honda,10,litre,2.1,0.22,9.545455,0.125
Honda Accord V6 AT,Chennai,2006,120000,Petrol,Automatic,Second,5.0,2.65,9.0,2997.0,218.0,Honda,14,litre,2.1,0.22,9.545455,0.23333333333333334
Skoda Superb Style 1.8 TSI AT,Mumbai,2016,53000,Petrol,Automatic,First,5.0,17.85,14.67,1798.0,177.46,Skoda,4,litre,2.1,0.22,9.545455,0.14314928425357873
Toyota Innova 2.5 G (Diesel) 8 Seater,Coimbatore,2010,124313,Diesel,Manual,First,8.0,7.96,12.99,2494.0,100.6,Toyota,10,litre,2.51,0.24,10.45833,0.193225558121632
Maruti Celerio VXI AT,Pune,2015,26725,Petrol,Automatic,First,5.0,4.25,23.1,998.0,67.04,Maruti,5,litre,2.1,0.22,9.545455,0.09090909090909091
Maruti Ertiga VDI,Kolkata,2014,45617,Diesel,Manual,First,7.0,5.85,20.77,1248.0,88.76,Maruti,6,litre,2.51,0.24,10.45833,0.12084737602311024
Mercedes-Benz A Class A180 CDI,Mumbai,2013,37000,Diesel,Automatic,First,5.0,13.0,20.0,2143.0,107.3,Mercedes-Benz,7,litre,2.51,0.24,10.45833,0.1255
Mahindra Xylo E2,Kochi,2010,109147,Diesel,Manual,First,8.0,2.65,14.0,2498.0,112.0,Mahindra,10,litre,2.51,0.24,10.45833,0.17928571428571427
Honda Amaze E i-Dtech,Ahmedabad,2014,59000,Diesel,Manual,First,5.0,4.75,25.8,1498.0,98.6,Honda,6,litre,2.51,0.24,10.45833,0.09728682170542635
Renault KWID RXT,Pune,2015,28000,Petrol,Manual,First,5.0,2.65,25.17,799.0,53.3,Renault,5,litre,2.1,0.22,9.545455,0.08343265792610251
Renault KWID RXT,Pune,2017,4700,Petrol,Manual,First,5.0,3.0,25.17,799.0,53.3,Renault,3,litre,2.1,0.22,9.545455,0.08343265792610251
Audi Q7 3.0 TDI Quattro Premium Plus,Coimbatore,2014,72469,Diesel,Automatic,First,7.0,32.52,12.07,2967.0,241.4,Audi,6,litre,2.51,0.24,10.45833,0.20795360397680196
Hyundai Verna 1.6 SX CRDI (O) AT,Pune,2014,57539,Diesel,Automatic,First,5.0,7.75,22.32,1582.0,126.32,Hyundai,6,litre,2.51,0.24,10.45833,0.11245519713261648
Toyota Innova Crysta 2.8 ZX AT,Delhi,2016,42000,Diesel,Automatic,First,7.0,19.6,11.36,2755.0,171.5,Toyota,4,litre,2.51,0.24,10.45833,0.2209507042253521
Hyundai i20 Sportz Option,Delhi,2010,62489,Petrol,Manual,First,5.0,2.6,17.0,1197.0,80.0,Hyundai,10,litre,2.1,0.22,9.545455,0.12352941176470589
Volkswagen Polo Petrol Comfortline 1.2L,Mumbai,2013,51167,Petrol,Manual,First,5.0,3.76,16.47,1198.0,73.9,Volkswagen,7,litre,2.1,0.22,9.545455,0.12750455373406194
Volkswagen Vento Diesel Trendline,Chennai,2012,130000,Diesel,Manual,First,5.0,4.75,20.54,1598.0,103.6,Volkswagen,8,litre,2.51,0.24,10.45833,0.12220058422590067
Honda City ZX GXi,Mumbai,2007,63000,Petrol,Manual,Second,5.0,1.75,17.7,1497.0,78.0,Honda,13,litre,2.1,0.22,9.545455,0.11864406779661017
Hyundai Verna Transform Xxi ABS,Bangalore,2011,60000,Petrol,Manual,First,5.0,3.95,16.2,1599.0,103.2,Hyundai,9,litre,2.1,0.22,9.545455,0.12962962962962965
Hyundai Accent GLE,Pune,2005,123200,Petrol,Manual,Second,5.0,1.0,13.2,1495.0,94.0,Hyundai,15,litre,2.1,0.22,9.545455,0.15909090909090912
Skoda Laura Ambiente 2.0 TDI CR AT,Jaipur,2011,115692,Diesel,Automatic,First,5.0,4.5,20.0,1968.0,138.1,Skoda,9,litre,2.51,0.24,10.45833,0.1255
Mercedes-Benz E-Class 2009-2013 E 250 Elegance,Coimbatore,2011,87073,Petrol,Automatic,First,5.0,17.23,10.93,2497.0,204.0,Mercedes-Benz,9,litre,2.1,0.22,9.545455,0.19213174748398903
Hyundai i20 Sportz 1.2,Kochi,2015,40901,Petrol,Manual,First,5.0,5.76,18.6,1197.0,81.83,Hyundai,5,litre,2.1,0.22,9.545455,0.11290322580645161
Hyundai i10 Magna 1.2,Coimbatore,2013,36264,Petrol,Manual,First,5.0,4.32,20.36,1197.0,78.9,Hyundai,7,litre,2.1,0.22,9.545455,0.1031434184675835
Hyundai i10 Magna 1.1L,Delhi,2009,60000,Petrol,Manual,Second,5.0,1.9,19.81,1086.0,68.05,Hyundai,11,litre,2.1,0.22,9.545455,0.1060070671378092
Volkswagen Ameo 1.2 MPI Anniversary Edition,Pune,2018,20000,Petrol,Manual,First,5.0,5.5,17.0,1198.0,74.0,Volkswagen,2,litre,2.1,0.22,9.545455,0.12352941176470589
Toyota Camry 2.5 G,Mumbai,2014,68400,Petrol,Automatic,First,5.0,13.5,12.98,2494.0,178.4,Toyota,6,litre,2.1,0.22,9.545455,0.1617873651771957
Mahindra XUV500 W8 2WD,Bangalore,2013,71231,Diesel,Manual,Second,7.0,9.75,16.0,2179.0,140.0,Mahindra,7,litre,2.51,0.24,10.45833,0.156875
Skoda Superb Elegance 2.0 TDI CR AT,Hyderabad,2011,75000,Diesel,Automatic,First,5.0,9.44,17.2,1968.0,138.1,Skoda,9,litre,2.51,0.24,10.45833,0.14593023255813953
Maruti Wagon R VXI AMT,Mumbai,2018,1997,Petrol,Automatic,First,5.0,4.45,22.5,998.0,67.0,Maruti,2,litre,2.1,0.22,9.545455,0.09333333333333334
Maruti Vitara Brezza ZDi Plus Dual Tone,Pune,2016,47300,Diesel,Manual,First,5.0,8.85,24.3,1248.0,88.5,Maruti,4,litre,2.51,0.24,10.45833,0.10329218106995884
Hyundai Santro Xing GL,Delhi,2012,61449,Petrol,Manual,First,5.0,2.15,0.0,1086.0,62.0,Hyundai,8,litre,2.1,0.22,9.545455,0.12352941176470589
Volkswagen Vento Diesel Comfortline,Kochi,2013,47910,Diesel,Manual,First,5.0,4.89,20.54,1598.0,103.6,Volkswagen,7,litre,2.51,0.24,10.45833,0.12220058422590067
Volkswagen Polo 1.5 TDI Highline,Hyderabad,2015,62000,Diesel,Manual,First,5.0,6.25,20.14,1498.0,88.8,Volkswagen,5,litre,2.51,0.24,10.45833,0.12462760675273087
Maruti Swift ZDi,Chennai,2012,65060,Diesel,Manual,First,5.0,4.8,22.9,1248.0,74.0,Maruti,8,litre,2.51,0.24,10.45833,0.10960698689956332
Hyundai i10 Era 1.1,Jaipur,2008,82203,Petrol,Manual,First,5.0,1.8,19.81,1086.0,68.05,Hyundai,12,litre,2.1,0.22,9.545455,0.1060070671378092
Mahindra XUV500 W8 2WD,Kolkata,2013,44000,Diesel,Manual,First,7.0,7.25,16.0,2179.0,140.0,Mahindra,7,litre,2.51,0.24,10.45833,0.156875
Maruti Ertiga VDI,Coimbatore,2014,53817,Diesel,Manual,First,7.0,7.56,25.47,1248.0,88.5,Maruti,6,litre,2.51,0.24,10.45833,0.09854731056144483
Mahindra XUV500 W8 2WD,Kochi,2013,61591,Diesel,Manual,First,7.0,6.82,16.0,2179.0,140.0,Mahindra,7,litre,2.51,0.24,10.45833,0.156875
Tata Manza Aura Quadrajet BS IV,Jaipur,2011,86500,Diesel,Manual,Second,5.0,1.8,21.12,1248.0,88.8,Tata,9,litre,2.51,0.24,10.45833,0.11884469696969695
Mercedes-Benz E-Class 280 CDI,Pune,2009,100000,Diesel,Automatic,First,5.0,11.5,11.0,2987.0,198.5,Mercedes-Benz,11,litre,2.51,0.24,10.45833,0.22818181818181815
Maruti SX4 Zxi with Leather BSIII,Chennai,2010,87000,Petrol,Manual,First,5.0,2.8,15.6,1586.0,104.68,Maruti,10,litre,2.1,0.22,9.545455,0.13461538461538464
Maruti Wagon R AMT VXI,Hyderabad,2016,35000,Petrol,Automatic,First,5.0,5.5,20.51,998.0,67.0,Maruti,4,litre,2.1,0.22,9.545455,0.10238907849829351
Datsun GO NXT,Kolkata,2016,6000,Petrol,Manual,First,5.0,2.7,20.63,1198.0,67.06,Datsun,4,litre,2.1,0.22,9.545455,0.10179350460494427
Ford Figo Diesel ZXI,Jaipur,2014,59327,Diesel,Manual,First,5.0,3.25,20.0,1399.0,68.0,Ford,6,litre,2.51,0.24,10.45833,0.1255
Skoda Superb Elegance 2.0 TDI CR AT,Coimbatore,2014,81001,Diesel,Automatic,First,5.0,10.9,17.2,1968.0,138.1,Skoda,6,litre,2.51,0.24,10.45833,0.14593023255813953
Hyundai i20 1.2 Magna,Kochi,2014,44612,Petrol,Manual,First,5.0,4.07,18.5,1197.0,80.0,Hyundai,6,litre,2.1,0.22,9.545455,0.11351351351351352
Toyota Innova Crysta 2.8 ZX AT,Ahmedabad,2016,42388,Diesel,Automatic,First,7.0,18.0,11.36,2755.0,171.5,Toyota,4,litre,2.51,0.24,10.45833,0.2209507042253521
Honda Brio V MT,Mumbai,2012,54000,Petrol,Manual,First,5.0,2.95,19.4,1198.0,86.8,Honda,8,litre,2.1,0.22,9.545455,0.10824742268041239
Skoda Superb Elegance 2.0 TDI CR AT,Mumbai,2011,83010,Diesel,Automatic,First,5.0,7.5,17.2,1968.0,138.1,Skoda,9,litre,2.51,0.24,10.45833,0.14593023255813953
Mercedes-Benz E-Class 2015-2017 E250 CDI Avantgarde,Coimbatore,2016,65405,Diesel,Automatic,First,5.0,32.73,13.0,2143.0,204.0,Mercedes-Benz,4,litre,2.51,0.24,10.45833,0.19307692307692306
Toyota Fortuner 4x2 AT TRD Sportivo,Delhi,2015,36000,Diesel,Automatic,Second,7.0,21.5,12.55,2982.0,168.7,Toyota,5,litre,2.51,0.24,10.45833,0.19999999999999998
Maruti SX4 ZXI MT BSIV,Pune,2008,85000,Petrol,Manual,First,5.0,2.5,16.51,1586.0,103.2,Maruti,12,litre,2.1,0.22,9.545455,0.12719563900666261
Honda Jazz 1.5 V i DTEC,Ahmedabad,2016,35000,Diesel,Manual,First,5.0,5.5,27.3,1498.0,98.6,Honda,4,litre,2.51,0.24,10.45833,0.09194139194139193
Toyota Corolla Altis 2008-2013 1.8 VL AT,Mumbai,2012,54000,Petrol,Automatic,First,5.0,7.5,14.53,1794.0,138.1,Toyota,8,litre,2.1,0.22,9.545455,0.1445285615966965
Honda City ZX VTEC,Mumbai,2007,70000,Petrol,Manual,First,5.0,1.55,16.9,1497.0,100.0,Honda,13,litre,2.1,0.22,9.545455,0.12426035502958581
BMW X1 xDrive 20d M Sport,Kolkata,2017,27001,Diesel,Automatic,First,5.0,29.0,20.68,1995.0,190.0,BMW,3,litre,2.51,0.24,10.45833,0.1213733075435203
Maruti Swift DDiS VDI,Coimbatore,2019,41075,Diesel,Manual,First,5.0,8.4,28.4,1248.0,74.0,Maruti,1,litre,2.51,0.24,10.45833,0.08838028169014084
Mahindra KUV 100 mFALCON D75 K8,Hyderabad,2016,26000,Diesel,Manual,First,6.0,6.5,25.32,1198.0,77.0,Mahindra,4,litre,2.51,0.24,10.45833,0.09913112164296997
Honda Jazz Mode,Mumbai,2010,55000,Petrol,Manual,First,5.0,2.35,16.0,1198.0,90.0,Honda,10,litre,2.1,0.22,9.545455,0.13125
Maruti Swift ZXI,Mumbai,2016,19000,Petrol,Manual,First,5.0,5.55,20.4,1197.0,81.8,Maruti,4,litre,2.1,0.22,9.545455,0.10294117647058824
Hyundai Grand i10 Asta Option AT,Mumbai,2016,15000,Petrol,Automatic,First,5.0,5.35,18.9,1197.0,82.0,Hyundai,4,litre,2.1,0.22,9.545455,0.11111111111111112
Honda Amaze SX i-VTEC,Chennai,2016,37000,Petrol,Manual,First,5.0,5.25,17.8,1198.0,86.7,Honda,4,litre,2.1,0.22,9.545455,0.11797752808988764
Hyundai Grand i10 1.2 Kappa Sportz,Coimbatore,2017,38712,Petrol,Manual,First,5.0,5.87,18.9,1197.0,81.86,Hyundai,3,litre,2.1,0.22,9.545455,0.11111111111111112
Volkswagen Vento Diesel Comfortline,Kochi,2014,52400,Diesel,Manual,First,5.0,5.36,20.54,1598.0,103.6,Volkswagen,6,litre,2.51,0.24,10.45833,0.12220058422590067
Maruti Ciaz 1.3 S,Bangalore,2016,23988,Diesel,Manual,First,5.0,7.75,28.09,1248.0,88.5,Maruti,4,litre,2.51,0.24,10.45833,0.08935564257742969
Volkswagen Vento Petrol Highline AT,Kochi,2014,32283,Petrol,Automatic,Second,5.0,5.41,14.4,1598.0,103.6,Volkswagen,6,litre,2.1,0.22,9.545455,0.14583333333333334
Hyundai i20 1.2 Magna,Bangalore,2010,52000,Petrol,Manual,First,5.0,3.65,18.5,1197.0,80.0,Hyundai,10,litre,2.1,0.22,9.545455,0.11351351351351352
Honda Brio VX AT,Pune,2016,32000,Petrol,Automatic,First,5.0,5.25,16.5,1198.0,86.8,Honda,4,litre,2.1,0.22,9.545455,0.1272727272727273
Honda City i VTEC VX,Kolkata,2014,39000,Petrol,Manual,First,5.0,6.25,17.4,1497.0,117.3,Honda,6,litre,2.1,0.22,9.545455,0.12068965517241381
Tata Nano XT,Coimbatore,2017,14149,Petrol,Manual,First,4.0,3.47,23.9,624.0,37.48,Tata,3,litre,2.1,0.22,9.545455,0.08786610878661089
Mercedes-Benz S Class 2005 2013 S 350 L,Mumbai,2006,103000,Petrol,Automatic,First,5.0,8.85,10.13,3498.0,364.9,Mercedes-Benz,14,litre,2.1,0.22,9.545455,0.2073050345508391
Maruti Wagon R LXI BSIII,Pune,2004,82000,Petrol,Manual,First,5.0,0.85,14.0,1061.0,64.0,Maruti,16,litre,2.1,0.22,9.545455,0.15
Skoda Superb Elegance 1.8 TSI AT,Mumbai,2015,34000,Petrol,Automatic,First,5.0,13.65,13.7,1798.0,157.75,Skoda,5,litre,2.1,0.22,9.545455,0.15328467153284672
Audi Q7 35 TDI Quattro Technology,Coimbatore,2016,45180,Diesel,Automatic,First,7.0,50.22,12.07,2967.0,241.4,Audi,4,litre,2.51,0.24,10.45833,0.20795360397680196
Maruti Swift ZXI Plus,Ahmedabad,2018,2000,Petrol,Manual,First,5.0,7.75,22.0,1197.0,81.8,Maruti,2,litre,2.1,0.22,9.545455,0.09545454545454546
Toyota Innova 2.5 G4 Diesel 7-seater,Coimbatore,2011,82321,Diesel,Manual,First,7.0,10.05,12.8,2494.0,102.0,Toyota,9,litre,2.51,0.24,10.45833,0.19609374999999998
BMW 3 Series 320i Sedan,Kolkata,2011,7000,Petrol,Automatic,First,5.0,9.75,12.05,1995.0,154.0,BMW,9,litre,2.1,0.22,9.545455,0.17427385892116182
Mercedes-Benz GLA Class 200 CDI SPORT,Delhi,2015,27000,Diesel,Automatic,First,5.0,23.0,17.9,2143.0,136.0,Mercedes-Benz,5,litre,2.51,0.24,10.45833,0.14022346368715083
Toyota Innova Crysta 2.4 VX MT 8S,Coimbatore,2019,31271,Diesel,Manual,First,8.0,21.42,13.68,2393.0,147.8,Toyota,1,litre,2.51,0.24,10.45833,0.1834795321637427
Maruti Esteem LX BSII,Jaipur,2003,55000,Petrol,Manual,Third,5.0,0.7,15.9,1298.0,97.7,Maruti,17,litre,2.1,0.22,9.545455,0.1320754716981132
Maruti Swift VDI BSIV,Delhi,2014,24000,Diesel,Manual,First,5.0,5.21,25.2,1248.0,74.0,Maruti,6,litre,2.51,0.24,10.45833,0.0996031746031746
Toyota Innova 2.5 GX (Diesel) 7 Seater,Hyderabad,2009,147000,Diesel,Manual,First,7.0,7.5,12.99,2494.0,100.6,Toyota,11,litre,2.51,0.24,10.45833,0.193225558121632
Toyota Etios Liva GD,Delhi,2012,72351,Diesel,Manual,First,5.0,2.65,23.59,1364.0,97.7,Toyota,8,litre,2.51,0.24,10.45833,0.10640101738024586
Chevrolet Beat LT,Chennai,2010,115000,Petrol,Manual,First,5.0,1.75,18.6,1199.0,79.4,Chevrolet,10,litre,2.1,0.22,9.545455,0.11290322580645161
Ford Ikon 1.4 TDCi DuraTorq,Jaipur,2010,82000,Diesel,Manual,Second,5.0,1.0,13.8,1399.0,68.0,Ford,10,litre,2.51,0.24,10.45833,0.18188405797101448
Mercedes-Benz New C-Class C 220 CDI Avantgarde,Delhi,2016,20000,Diesel,Automatic,First,5.0,33.0,19.27,2143.0,170.0,Mercedes-Benz,4,litre,2.51,0.24,10.45833,0.1302542812662169
Toyota Etios G,Kolkata,2011,45560,Petrol,Manual,First,5.0,2.2,17.6,1496.0,88.73,Toyota,9,litre,2.1,0.22,9.545455,0.11931818181818181
Toyota Innova 2.5 GX (Diesel) 7 Seater BS IV,Kochi,2017,57539,Diesel,Manual,First,7.0,12.83,12.8,2494.0,102.0,Toyota,3,litre,2.51,0.24,10.45833,0.19609374999999998
BMW 6 Series Gran Coupe,Kochi,2018,20004,Diesel,Automatic,First,4.0,68.94,17.54,2993.0,313.0,BMW,2,litre,2.51,0.24,10.45833,0.14310148232611175
Skoda Rapid 1.5 TDI Ambition,Mumbai,2012,54500,Diesel,Manual,First,5.0,4.1,21.13,1498.0,108.4,Skoda,8,litre,2.51,0.24,10.45833,0.11878845243729294
Hyundai EON Magna,Jaipur,2016,27886,Petrol,Manual,First,5.0,2.85,22.0,814.0,55.0,Hyundai,4,litre,2.1,0.22,9.545455,0.09545454545454546
Honda CR-V 2.4L 4WD AT,Mumbai,2007,66000,Petrol,Automatic,First,5.0,3.7,11.1,2354.0,158.8,Honda,13,litre,2.1,0.22,9.545455,0.1891891891891892
Skoda Laura Elegance 2.0 TDI CR AT,Coimbatore,2013,72202,Diesel,Automatic,First,5.0,9.06,20.0,1968.0,138.1,Skoda,7,litre,2.51,0.24,10.45833,0.1255
Skoda Laura RS,Delhi,2011,70000,Petrol,Manual,Second,5.0,4.75,13.4,1798.0,157.8,Skoda,9,litre,2.1,0.22,9.545455,0.15671641791044777
Honda City i DTec S,Jaipur,2015,78233,Diesel,Manual,First,5.0,6.6,26.0,1498.0,98.6,Honda,5,litre,2.51,0.24,10.45833,0.09653846153846153
Tata New Safari 4X4 EX,Chennai,2007,120203,Diesel,Manual,Second,7.0,3.5,13.93,2179.0,138.0,Tata,13,litre,2.51,0.24,10.45833,0.18018664752333094
Maruti Zen Estilo LXI BS IV,Pune,2011,20575,Petrol,Manual,First,5.0,2.0,19.0,998.0,67.1,Maruti,9,litre,2.1,0.22,9.545455,0.1105263157894737
Honda Amaze S i-VTEC,Mumbai,2013,39879,Petrol,Manual,First,5.0,3.89,17.8,1198.0,86.7,Honda,7,litre,2.1,0.22,9.545455,0.11797752808988764
Renault KWID 1.0 RXL,Jaipur,2017,31056,Petrol,Manual,First,5.0,3.6,23.01,999.0,67.0,Renault,3,litre,2.1,0.22,9.545455,0.09126466753585398
Maruti Ciaz AT ZXi,Mumbai,2015,50940,Petrol,Automatic,First,5.0,6.95,19.12,1373.0,91.1,Maruti,5,litre,2.1,0.22,9.545455,0.1098326359832636
Hyundai i20 Asta Option 1.4 CRDi,Coimbatore,2016,99362,Diesel,Manual,First,5.0,7.03,22.54,1396.0,88.73,Hyundai,4,litre,2.51,0.24,10.45833,0.11135758651286601
Toyota Innova Crysta 2.4 ZX MT,Ahmedabad,2016,54000,Diesel,Manual,First,7.0,16.5,13.68,2393.0,147.8,Toyota,4,litre,2.51,0.24,10.45833,0.1834795321637427
Maruti Ciaz ZDi Plus SHVS,Coimbatore,2016,54268,Diesel,Manual,First,5.0,7.67,28.09,1248.0,88.5,Maruti,4,litre,2.51,0.24,10.45833,0.08935564257742969
Jaguar XF Diesel,Coimbatore,2012,94521,Diesel,Automatic,First,5.0,23.19,14.74,2993.0,270.9,Jaguar,8,litre,2.51,0.24,10.45833,0.17028493894165533
Hyundai Xcent 1.2 Kappa S,Kochi,2017,38932,Petrol,Manual,First,5.0,6.21,19.1,1197.0,82.0,Hyundai,3,litre,2.1,0.22,9.545455,0.10994764397905758
Porsche Cayenne Diesel,Coimbatore,2015,60395,Diesel,Automatic,First,5.0,45.82,16.12,2967.0,245.0,Porsche,5,litre,2.51,0.24,10.45833,0.15570719602977665
Hyundai Xcent 1.1 CRDi S,Mumbai,2016,29000,Diesel,Manual,First,5.0,5.95,24.4,1120.0,71.0,Hyundai,4,litre,2.51,0.24,10.45833,0.10286885245901639
Audi A4 2.0 TDI Multitronic,Delhi,2011,58000,Diesel,Automatic,First,5.0,11.0,16.55,1968.0,140.0,Audi,9,litre,2.51,0.24,10.45833,0.15166163141993955
Maruti Ciaz RS ZXi Plus,Coimbatore,2016,60913,Petrol,Manual,First,5.0,7.19,20.73,1373.0,91.1,Maruti,4,litre,2.1,0.22,9.545455,0.10130246020260492
Toyota Innova 2.5 G4 Diesel 8-seater,Delhi,2011,65000,Diesel,Manual,First,8.0,6.4,12.8,2494.0,102.0,Toyota,9,litre,2.51,0.24,10.45833,0.19609374999999998
Mercedes-Benz New C-Class 220 CDI MT,Chennai,2015,26000,Diesel,Manual,First,5.0,26.0,15.8,2148.0,170.0,Mercedes-Benz,5,litre,2.51,0.24,10.45833,0.15886075949367087
Hyundai i10 Sportz,Hyderabad,2016,19947,Petrol,Manual,First,5.0,4.5,20.36,1197.0,78.9,Hyundai,4,litre,2.1,0.22,9.545455,0.1031434184675835
Hyundai i10 Sportz 1.2 AT,Chennai,2011,70816,Petrol,Automatic,First,5.0,3.1,16.95,1197.0,78.9,Hyundai,9,litre,2.1,0.22,9.545455,0.12389380530973453
Maruti Baleno Zeta 1.3,Delhi,2015,54000,Diesel,Manual,First,5.0,5.95,27.39,1248.0,74.0,Maruti,5,litre,2.51,0.24,10.45833,0.09163928441036874
Maruti Zen Estilo 1.1 VXI BSIII,Delhi,2008,138000,Petrol,Manual,First,5.0,1.2,18.2,1061.0,64.0,Maruti,12,litre,2.1,0.22,9.545455,0.11538461538461539
BMW 7 Series 730Ld,Chennai,2014,35000,Diesel,Automatic,First,5.0,52.0,16.46,2993.0,258.0,BMW,6,litre,2.51,0.24,10.45833,0.1524908869987849
Audi Q7 4.2 TDI Quattro Technology,Bangalore,2015,50000,Diesel,Automatic,First,7.0,48.0,11.33,4134.0,335.2,Audi,5,litre,2.51,0.24,10.45833,0.22153574580759045
BMW X5 xDrive 30d,Hyderabad,2011,124652,Diesel,Automatic,First,5.0,21.99,11.7,2993.0,245.0,BMW,9,litre,2.51,0.24,10.45833,0.21452991452991452
Maruti Ritz LXI,Hyderabad,2013,80264,Petrol,Manual,First,5.0,4.3,21.1,1197.0,85.8,Maruti,7,litre,2.1,0.22,9.545455,0.0995260663507109
Nissan Sunny 2011-2014 Diesel XL,Pune,2013,125600,Diesel,Manual,First,5.0,3.75,21.64,1461.0,84.8,Nissan,7,litre,2.51,0.24,10.45833,0.11598890942698704
Toyota Corolla Altis 1.8 Limited Edition,Mumbai,2015,49000,Petrol,Manual,First,5.0,8.95,14.28,1798.0,138.03,Toyota,5,litre,2.1,0.22,9.545455,0.14705882352941177
Toyota Etios VXD,Pune,2012,111000,Diesel,Manual,First,5.0,4.75,23.59,1364.0,67.1,Toyota,8,litre,2.51,0.24,10.45833,0.10640101738024586
Toyota Corolla Altis GL MT,Coimbatore,2016,33690,Petrol,Manual,First,5.0,14.6,14.28,1798.0,138.03,Toyota,4,litre,2.1,0.22,9.545455,0.14705882352941177
Audi A6 2011-2015 2.0 TDI Premium Plus,Mumbai,2012,50000,Diesel,Automatic,First,5.0,17.5,17.68,1968.0,174.33,Audi,8,litre,2.51,0.24,10.45833,0.1419683257918552
Maruti Ertiga ZDI,Kolkata,2012,38092,Diesel,Manual,First,7.0,5.2,20.77,1248.0,88.8,Maruti,8,litre,2.51,0.24,10.45833,0.12084737602311024
Hyundai Grand i10 Sportz,Coimbatore,2017,47774,Petrol,Manual,First,5.0,6.04,18.9,1197.0,82.0,Hyundai,3,litre,2.1,0.22,9.545455,0.11111111111111112
Tata Indigo CS LX (TDI) BS III,Chennai,2009,167000,Diesel,Manual,Second,5.0,2.7,19.09,1396.0,69.0,Tata,11,litre,2.51,0.24,10.45833,0.13148245154531168
Maruti Swift Dzire AMT ZDI,Chennai,2019,65000,Diesel,Automatic,First,5.0,6.75,26.59,1248.0,74.0,Maruti,1,litre,2.51,0.24,10.45833,0.09439638962015795
Volkswagen Polo Petrol Highline 1.6L,Kolkata,2011,46000,Petrol,Manual,First,5.0,2.35,15.26,1598.0,103.5,Volkswagen,9,litre,2.1,0.22,9.545455,0.13761467889908258
Tata Tiago 1.2 Revotron XZ WO Alloy,Hyderabad,2017,16500,Petrol,Manual,First,5.0,5.0,23.84,1199.0,84.0,Tata,3,litre,2.1,0.22,9.545455,0.08808724832214765
Honda City i VTEC VX,Kolkata,2016,39000,Petrol,Manual,First,5.0,6.95,17.8,1497.0,117.3,Honda,4,litre,2.1,0.22,9.545455,0.11797752808988764
Honda Amaze V Petrol,Jaipur,2018,6000,Petrol,Manual,First,5.0,6.7,19.5,1199.0,86.76,Honda,2,litre,2.1,0.22,9.545455,0.1076923076923077
Audi A4 35 TDI Premium,Hyderabad,2015,60000,Diesel,Automatic,First,5.0,25.0,17.11,1968.0,174.33,Audi,5,litre,2.51,0.24,10.45833,0.146697837521917
Volkswagen Vento Petrol Highline AT,Chennai,2011,97320,Petrol,Automatic,First,5.0,3.75,14.4,1598.0,103.6,Volkswagen,9,litre,2.1,0.22,9.545455,0.14583333333333334
Volkswagen Vento Diesel Trendline,Chennai,2011,99807,Diesel,Manual,First,5.0,3.75,20.54,1598.0,103.6,Volkswagen,9,litre,2.51,0.24,10.45833,0.12220058422590067
Honda City 1.5 S MT,Pune,2013,46000,Petrol,Manual,First,5.0,5.1,17.0,1497.0,118.0,Honda,7,litre,2.1,0.22,9.545455,0.12352941176470589
Maruti Wagon R LXI,Mumbai,2010,12000,Petrol,Manual,First,5.0,2.45,22.5,998.0,67.04,Maruti,10,litre,2.1,0.22,9.545455,0.09333333333333334
Skoda Superb 2.8 V6 AT,Kolkata,2005,13002,Petrol,Automatic,First,5.0,3.25,9.3,2771.0,193.1,Skoda,15,litre,2.1,0.22,9.545455,0.22580645161290322
Honda City i DTEC SV,Kolkata,2014,26000,Diesel,Manual,First,5.0,5.5,26.0,1498.0,98.6,Honda,6,litre,2.51,0.24,10.45833,0.09653846153846153
Maruti Wagon R LXI CNG,Kochi,2014,68365,CNG,Manual,First,5.0,3.77,26.6,998.0,58.16,Maruti,6,kg,2.5625,0.18,14.23611,0.09633458646616541
Mercedes-Benz M-Class ML 350 4Matic,Coimbatore,2016,27833,Diesel,Automatic,First,5.0,49.24,0.0,2987.0,165.0,Mercedes-Benz,4,litre,2.51,0.24,10.45833,0.12352941176470589
Maruti Alto 800 LXI,Kochi,2016,51639,Petrol,Manual,First,5.0,3.04,22.74,796.0,47.3,Maruti,4,litre,2.1,0.22,9.545455,0.09234828496042218
Hyundai i20 Magna 1.2,Delhi,2015,21000,Petrol,Manual,First,5.0,4.9,18.6,1197.0,81.83,Hyundai,5,litre,2.1,0.22,9.545455,0.11290322580645161
Ford Ecosport 1.5 DV5 MT Trend,Bangalore,2013,90000,Diesel,Manual,First,5.0,6.25,22.7,1498.0,89.84,Ford,7,litre,2.51,0.24,10.45833,0.11057268722466959
BMW 3 Series GT 320d Luxury Line,Hyderabad,2015,36255,Diesel,Automatic,First,5.0,33.0,19.59,1995.0,184.0,BMW,5,litre,2.51,0.24,10.45833,0.12812659520163347
BMW X5 xDrive 30d,Chennai,2011,58000,Diesel,Automatic,Second,5.0,27.0,11.7,2993.0,245.0,BMW,9,litre,2.51,0.24,10.45833,0.21452991452991452
Honda Amaze S i-Vtech,Coimbatore,2014,48997,Petrol,Manual,Second,5.0,5.21,18.0,1198.0,86.7,Honda,6,litre,2.1,0.22,9.545455,0.11666666666666667
Ford EcoSport 1.5 Ti VCT MT Titanium,Mumbai,2014,31130,Petrol,Manual,First,5.0,5.75,15.85,1499.0,110.4,Ford,6,litre,2.1,0.22,9.545455,0.13249211356466878
Jaguar XF 3.0 Litre S Premium Luxury,Coimbatore,2012,75668,Diesel,Automatic,First,5.0,16.58,14.74,2993.0,270.9,Jaguar,8,litre,2.51,0.24,10.45833,0.17028493894165533
Toyota Corolla 1.8 J,Delhi,2015,12000,Petrol,Manual,First,5.0,11.0,14.53,1798.0,138.0,Toyota,5,litre,2.1,0.22,9.545455,0.1445285615966965
Hyundai i10 Sportz,Pune,2014,90000,Petrol,Manual,Second,5.0,2.8,20.36,1197.0,78.9,Hyundai,6,litre,2.1,0.22,9.545455,0.1031434184675835
Mercedes-Benz New C-Class C220 CDI Executive Edition,Kochi,2019,17320,Diesel,Automatic,First,5.0,37.99,15.8,2148.0,170.0,Mercedes-Benz,1,litre,2.51,0.24,10.45833,0.15886075949367087
Skoda Laura Ambiente 2.0 TDI CR MT,Delhi,2011,85000,Diesel,Manual,Second,5.0,3.65,20.0,1968.0,108.5,Skoda,9,litre,2.51,0.24,10.45833,0.1255
Ford Endeavour 4x2 XLT,Hyderabad,2007,130000,Diesel,Manual,First,7.0,6.0,13.1,2499.0,141.0,Ford,13,litre,2.51,0.24,10.45833,0.1916030534351145
Ford Figo Petrol EXI,Coimbatore,2013,60328,Petrol,Manual,First,5.0,4.54,15.6,1196.0,70.0,Ford,7,litre,2.1,0.22,9.545455,0.13461538461538464
Honda Amaze S i-Vtech,Kochi,2015,34327,Petrol,Manual,First,5.0,5.4,18.0,1198.0,86.7,Honda,5,litre,2.1,0.22,9.545455,0.11666666666666667
Tata Indica Vista TDI LS,Mumbai,2014,75000,Diesel,Manual,First,5.0,3.3,19.1,1405.0,70.0,Tata,6,litre,2.51,0.24,10.45833,0.131413612565445
Volvo XC60 D4 Summum,Hyderabad,2012,86000,Diesel,Automatic,Second,5.0,18.25,14.7,1985.0,163.0,Volvo,8,litre,2.51,0.24,10.45833,0.17074829931972788
Datsun Redi GO Sport,Bangalore,2017,12000,Petrol,Manual,First,5.0,3.1,22.7,799.0,53.0,Datsun,3,litre,2.1,0.22,9.545455,0.09251101321585904
Hyundai EON Era Plus,Kochi,2013,57759,Petrol,Manual,First,5.0,3.84,21.1,814.0,55.2,Hyundai,7,litre,2.1,0.22,9.545455,0.0995260663507109
Maruti Alto 800 VXI,Kolkata,2016,24300,Petrol,Manual,First,5.0,2.44,22.74,796.0,47.3,Maruti,4,litre,2.1,0.22,9.545455,0.09234828496042218
Volkswagen Polo Petrol Trendline 1.2L,Bangalore,2011,66000,Petrol,Manual,Second,5.0,3.6,16.47,1198.0,73.9,Volkswagen,9,litre,2.1,0.22,9.545455,0.12750455373406194
Hyundai i10 Asta,Mumbai,2015,75915,Petrol,Manual,First,5.0,3.9,20.36,1197.0,78.9,Hyundai,5,litre,2.1,0.22,9.545455,0.1031434184675835
Nissan Sunny 2011-2014 XL,Chennai,2013,107000,Petrol,Manual,Second,5.0,2.9,16.95,1498.0,97.7,Nissan,7,litre,2.1,0.22,9.545455,0.12389380530973453
Toyota Corolla Altis G,Chennai,2008,86000,Petrol,Manual,Second,5.0,3.5,14.53,1798.0,138.1,Toyota,12,litre,2.1,0.22,9.545455,0.1445285615966965
Hyundai Verna CRDi ABS,Chennai,2009,160000,Diesel,Manual,Second,5.0,3.5,18.1,1493.0,110.0,Hyundai,11,litre,2.51,0.24,10.45833,0.13867403314917126
Maruti Alto 800 2016-2019 LXI Optional,Jaipur,2019,3000,Petrol,Manual,First,5.0,3.5,24.7,796.0,47.3,Maruti,1,litre,2.1,0.22,9.545455,0.08502024291497977
Hyundai i20 Sportz 1.4 CRDi,Hyderabad,2015,72495,Diesel,Manual,First,5.0,7.0,21.9,1396.0,88.76,Hyundai,5,litre,2.51,0.24,10.45833,0.11461187214611872
Hyundai Verna 1.6 CRDi AT S,Chennai,2016,33000,Diesel,Automatic,First,5.0,8.7,19.08,1582.0,126.2,Hyundai,4,litre,2.51,0.24,10.45833,0.13155136268343814
Audi Q7 3.0 TDI Quattro Technology,Hyderabad,2014,60000,Diesel,Automatic,First,7.0,45.0,12.07,2967.0,241.4,Audi,6,litre,2.51,0.24,10.45833,0.20795360397680196
Tata Indica V2 eLS,Hyderabad,2016,80103,Diesel,Manual,First,5.0,1.8,25.0,1396.0,69.0,Tata,4,litre,2.51,0.24,10.45833,0.10039999999999999
Chevrolet Spark 1.0 LS,Kolkata,2007,42100,Petrol,Manual,First,5.0,0.99,18.0,995.0,62.0,Chevrolet,13,litre,2.1,0.22,9.545455,0.11666666666666667
Hyundai Grand i10 1.2 Kappa Magna,Kolkata,2018,4500,Petrol,Manual,First,5.0,4.8,18.9,1197.0,81.86,Hyundai,2,litre,2.1,0.22,9.545455,0.11111111111111112
Toyota Fortuner 4x4 MT TRD Sportivo,Mumbai,2014,97000,Diesel,Manual,First,7.0,17.95,12.55,2982.0,169.0,Toyota,6,litre,2.51,0.24,10.45833,0.19999999999999998
Mahindra E Verito D4,Chennai,2016,50000,Electric,Automatic,First,5.0,13.0,18.15,72.0,41.0,Mahindra,4,kWh,0.212,0.19,1.0,0.011680440771349863
Hyundai Grand i10 1.2 Kappa Asta,Kochi,2017,51223,Petrol,Manual,First,5.0,5.66,18.9,1197.0,81.86,Hyundai,3,litre,2.1,0.22,9.545455,0.11111111111111112
Honda City 1.5 S MT,Delhi,2009,64000,Petrol,Manual,First,5.0,3.1,17.0,1497.0,118.0,Honda,11,litre,2.1,0.22,9.545455,0.12352941176470589
Hyundai Elite i20 Petrol Asta,Kochi,2016,56911,Petrol,Manual,First,5.0,6.54,18.6,1197.0,81.86,Hyundai,4,litre,2.1,0.22,9.545455,0.11290322580645161
Toyota Innova 2.5 G4 Diesel 8-seater,Hyderabad,2015,147848,Diesel,Manual,First,8.0,13.2,12.8,2494.0,102.0,Toyota,5,litre,2.51,0.24,10.45833,0.19609374999999998
Ford Mustang V8,Kochi,2018,21290,Petrol,Automatic,First,4.0,56.8,13.0,4951.0,395.0,Ford,2,litre,2.1,0.22,9.545455,0.16153846153846155
Toyota Innova Crysta 2.8 GX AT,Kochi,2019,14076,Diesel,Automatic,First,7.0,19.4,11.36,2755.0,171.5,Toyota,1,litre,2.51,0.24,10.45833,0.2209507042253521
Maruti Zen Estilo 1.1 VXI BSIII,Ahmedabad,2007,75180,Petrol,Manual,First,5.0,1.65,18.2,1061.0,64.0,Maruti,13,litre,2.1,0.22,9.545455,0.11538461538461539
Maruti Swift ZDi,Jaipur,2013,92000,Diesel,Manual,Second,5.0,4.35,22.9,1248.0,74.0,Maruti,7,litre,2.51,0.24,10.45833,0.10960698689956332
Fiat Avventura MULTIJET Emotion,Hyderabad,2015,57266,Diesel,Manual,First,5.0,6.5,20.5,1248.0,91.72,Fiat,5,litre,2.51,0.24,10.45833,0.12243902439024389
Maruti Zen Estilo VXI BSIII,Delhi,2007,64000,Petrol,Manual,First,5.0,1.11,18.2,998.0,67.1,Maruti,13,litre,2.1,0.22,9.545455,0.11538461538461539
Renault Duster 85PS Diesel RxL,Mumbai,2013,41000,Diesel,Manual,First,5.0,5.5,19.87,1461.0,83.8,Renault,7,litre,2.51,0.24,10.45833,0.1263210870659285
Mitsubishi Pajero 2.8 SFX,Delhi,2012,45999,Diesel,Manual,First,6.0,11.0,10.5,2835.0,107.2,Mitsubishi,8,litre,2.51,0.24,10.45833,0.23904761904761904
Maruti Celerio VXI AT,Pune,2015,50000,Petrol,Automatic,First,5.0,3.9,23.1,998.0,67.04,Maruti,5,litre,2.1,0.22,9.545455,0.09090909090909091
Tata Indica V2 DLS BSIII,Pune,2013,70000,Diesel,Manual,First,5.0,1.8,17.88,1405.0,48.21,Tata,7,litre,2.51,0.24,10.45833,0.14038031319910513
Hyundai Elite i20 Petrol Asta,Kochi,2016,37540,Petrol,Manual,First,5.0,6.22,18.6,1197.0,81.86,Hyundai,4,litre,2.1,0.22,9.545455,0.11290322580645161
Maruti Celerio VXI AT,Hyderabad,2014,44000,Petrol,Automatic,First,5.0,4.3,23.1,998.0,67.04,Maruti,6,litre,2.1,0.22,9.545455,0.09090909090909091
Hyundai Grand i10 1.2 Kappa Asta,Hyderabad,2017,22500,Petrol,Manual,First,5.0,5.99,18.9,1197.0,81.86,Hyundai,3,litre,2.1,0.22,9.545455,0.11111111111111112
Hyundai i20 1.2 Magna Executive,Delhi,2017,17431,Petrol,Manual,First,5.0,6.0,18.6,1197.0,81.83,Hyundai,3,litre,2.1,0.22,9.545455,0.11290322580645161
Hyundai Verna 1.6 SX VTVT (O),Delhi,2014,61566,Petrol,Manual,First,5.0,5.85,17.1,1591.0,121.3,Hyundai,6,litre,2.1,0.22,9.545455,0.12280701754385964
Land Rover Freelander 2 SE,Kochi,2014,61730,Diesel,Automatic,First,5.0,19.94,12.39,2179.0,147.51,Land,6,litre,2.51,0.24,10.45833,0.2025827280064568
Maruti Swift VXI BSIII,Chennai,2009,68000,Petrol,Manual,First,5.0,2.9,16.1,1298.0,88.2,Maruti,11,litre,2.1,0.22,9.545455,0.13043478260869565
Honda Amaze SX i-VTEC,Mumbai,2014,29000,Petrol,Manual,First,5.0,4.25,18.0,1198.0,86.7,Honda,6,litre,2.1,0.22,9.545455,0.11666666666666667
Toyota Corolla Altis Diesel D4DG,Hyderabad,2010,156210,Diesel,Manual,First,5.0,5.99,21.43,1364.0,87.2,Toyota,10,litre,2.51,0.24,10.45833,0.11712552496500232
Honda Amaze S Diesel,Kolkata,2013,46500,Diesel,Manual,First,5.0,3.3,27.4,1498.0,98.6,Honda,7,litre,2.51,0.24,10.45833,0.09160583941605839
Audi A6 3.0 TDI quattro,Coimbatore,2009,52830,Diesel,Automatic,Second,5.0,8.08,16.77,2967.0,241.38,Audi,11,litre,2.51,0.24,10.45833,0.14967203339296362
Maruti Wagon R VXI,Jaipur,2017,39867,Petrol,Manual,First,5.0,4.5,22.5,998.0,67.04,Maruti,3,litre,2.1,0.22,9.545455,0.09333333333333334
Honda Mobilio E i DTEC,Hyderabad,2014,58972,Diesel,Manual,First,7.0,6.5,24.2,1498.0,98.6,Honda,6,litre,2.51,0.24,10.45833,0.1037190082644628
Honda CR-V 2.4 4WD AT,Bangalore,2006,66000,Petrol,Automatic,Second,5.0,3.9,10.1,2354.0,152.0,Honda,14,litre,2.1,0.22,9.545455,0.20792079207920794
Hyundai Verna 1.6 SX VTVT (O),Delhi,2013,52000,Petrol,Manual,First,5.0,5.25,17.1,1591.0,121.3,Hyundai,7,litre,2.1,0.22,9.545455,0.12280701754385964
Hyundai Santa Fe 4x4 AT,Bangalore,2014,58000,Diesel,Automatic,First,7.0,17.0,11.72,2199.0,194.3,Hyundai,6,litre,2.51,0.24,10.45833,0.21416382252559724
Hyundai i10 Sportz AT,Ahmedabad,2012,58000,Petrol,Automatic,First,5.0,3.5,16.95,1197.0,78.9,Hyundai,8,litre,2.1,0.22,9.545455,0.12389380530973453
Ford Fusion Plus 1.4 TDCi Diesel,Hyderabad,2008,75000,Diesel,Manual,Second,5.0,3.0,17.7,1399.0,68.0,Ford,12,litre,2.51,0.24,10.45833,0.14180790960451978
Hyundai i10 Sportz,Coimbatore,2015,41008,Petrol,Manual,Second,5.0,4.87,20.36,1197.0,78.9,Hyundai,5,litre,2.1,0.22,9.545455,0.1031434184675835
Hyundai Xcent 1.1 CRDi SX Option,Jaipur,2014,65000,Diesel,Manual,First,5.0,6.0,24.4,1120.0,71.0,Hyundai,6,litre,2.51,0.24,10.45833,0.10286885245901639
Skoda Superb Style 2.0 TDI AT,Mumbai,2015,19000,Diesel,Automatic,First,5.0,15.5,18.19,1968.0,174.5,Skoda,5,litre,2.51,0.24,10.45833,0.13798790544255082
Ford Fiesta 1.4 Duratec EXI,Pune,2008,74000,Petrol,Manual,Second,5.0,1.6,16.6,1388.0,68.0,Ford,12,litre,2.1,0.22,9.545455,0.12650602409638553
Maruti Baleno Zeta Automatic,Pune,2017,33000,Petrol,Automatic,First,5.0,7.25,21.4,1197.0,83.1,Maruti,3,litre,2.1,0.22,9.545455,0.09813084112149534
Skoda Laura 1.9 TDI MT Ambiente,Mumbai,2010,95000,Diesel,Manual,Second,5.0,3.25,17.0,1896.0,105.0,Skoda,10,litre,2.51,0.24,10.45833,0.1476470588235294
Volkswagen Vento 1.5 TDI Comfortline,Kolkata,2012,34000,Diesel,Manual,First,5.0,3.4,20.64,1498.0,108.5,Volkswagen,8,litre,2.51,0.24,10.45833,0.12160852713178293
Audi Q7 3.0 TDI Quattro Technology,Coimbatore,2014,102865,Diesel,Automatic,First,7.0,30.5,12.07,2967.0,241.4,Audi,6,litre,2.51,0.24,10.45833,0.20795360397680196
Hyundai Verna VTVT 1.6 SX Option,Kochi,2016,52378,Petrol,Manual,First,5.0,7.97,17.0,1591.0,121.3,Hyundai,4,litre,2.1,0.22,9.545455,0.12352941176470589
Mercedes-Benz New C-Class 220 CDI AT,Delhi,2012,38000,Diesel,Automatic,First,5.0,13.51,14.84,2143.0,170.0,Mercedes-Benz,8,litre,2.51,0.24,10.45833,0.1691374663072776
Honda Amaze S i-Dtech,Kochi,2015,60334,Diesel,Manual,First,5.0,5.43,25.8,1498.0,98.6,Honda,5,litre,2.51,0.24,10.45833,0.09728682170542635
Ford Fiesta 1.4 Duratec EXI Limited Edition,Chennai,2010,107000,Petrol,Manual,First,5.0,2.6,16.6,1388.0,68.0,Ford,10,litre,2.1,0.22,9.545455,0.12650602409638553
Hyundai i20 Magna Optional 1.2,Bangalore,2013,445000,Petrol,Manual,First,5.0,4.45,18.5,1197.0,82.9,Hyundai,7,litre,2.1,0.22,9.545455,0.11351351351351352
Maruti Alto 800 LXI,Kolkata,2017,2196,Petrol,Manual,First,5.0,2.75,22.74,796.0,47.3,Maruti,3,litre,2.1,0.22,9.545455,0.09234828496042218
BMW 5 Series 530i Sedan,Kolkata,2010,24000,Petrol,Automatic,First,5.0,8.75,10.6,2996.0,258.0,BMW,10,litre,2.1,0.22,9.545455,0.19811320754716982
Fiat Grande Punto 1.4 Emotion,Coimbatore,2015,44846,Petrol,Manual,Second,5.0,5.41,14.6,1368.0,88.7,Fiat,5,litre,2.1,0.22,9.545455,0.14383561643835618
Maruti Dzire AMT ZDI Plus,Kochi,2018,64035,Diesel,Automatic,First,5.0,8.55,28.4,1248.0,73.75,Maruti,2,litre,2.51,0.24,10.45833,0.08838028169014084
Mahindra XUV500 W6 2WD,Mumbai,2014,45600,Diesel,Manual,First,7.0,8.25,15.1,2179.0,140.0,Mahindra,6,litre,2.51,0.24,10.45833,0.1662251655629139
Volvo XC90 2007-2015 D5 AT AWD,Kochi,2014,102001,Diesel,Automatic,First,7.0,23.58,11.1,2400.0,200.0,Volvo,6,litre,2.51,0.24,10.45833,0.22612612612612612
Hyundai i10 Sportz 1.2,Coimbatore,2014,47439,Petrol,Manual,First,5.0,4.49,20.36,1197.0,78.9,Hyundai,6,litre,2.1,0.22,9.545455,0.1031434184675835
Toyota Fortuner 3.0 Diesel,Hyderabad,2010,193254,Diesel,Manual,First,7.0,12.99,11.5,2982.0,171.0,Toyota,10,litre,2.51,0.24,10.45833,0.21826086956521737
Tata Nano XTA,Bangalore,2016,29000,Petrol,Automatic,First,4.0,2.8,21.9,624.0,37.48,Tata,4,litre,2.1,0.22,9.545455,0.09589041095890412
Renault Lodgy 110PS RxZ 8 Seater,Coimbatore,2016,51681,Diesel,Manual,First,8.0,8.43,19.98,1461.0,108.5,Renault,4,litre,2.51,0.24,10.45833,0.12562562562562563
Audi Q7 3.0 TDI Quattro Premium Plus,Hyderabad,2015,50000,Diesel,Automatic,First,7.0,47.5,12.07,2967.0,241.4,Audi,5,litre,2.51,0.24,10.45833,0.20795360397680196
Honda City i VTEC CVT VX,Mumbai,2016,42666,Petrol,Automatic,First,5.0,8.95,18.0,1497.0,117.3,Honda,4,litre,2.1,0.22,9.545455,0.11666666666666667
Renault Duster 110PS Diesel RxL,Jaipur,2013,65000,Diesel,Manual,Second,5.0,5.5,19.01,1461.0,108.45,Renault,7,litre,2.51,0.24,10.45833,0.13203577064702784
Honda Amaze S i-VTEC,Jaipur,2014,18776,Petrol,Manual,First,5.0,4.75,17.8,1198.0,86.7,Honda,6,litre,2.1,0.22,9.545455,0.11797752808988764
Honda Amaze S i-Vtech,Jaipur,2016,6714,Petrol,Manual,First,5.0,4.75,18.0,1198.0,86.7,Honda,4,litre,2.1,0.22,9.545455,0.11666666666666667
BMW 3 Series 320i,Pune,2009,40000,Petrol,Automatic,Second,5.0,9.5,12.05,1995.0,154.0,BMW,11,litre,2.1,0.22,9.545455,0.17427385892116182
Maruti Ritz LDi,Coimbatore,2011,88539,Diesel,Manual,First,5.0,3.77,23.2,1248.0,73.94,Maruti,9,litre,2.51,0.24,10.45833,0.10818965517241379
Honda City 1.5 S MT,Delhi,2012,65055,Petrol,Manual,Second,5.0,4.25,17.0,1497.0,118.0,Honda,8,litre,2.1,0.22,9.545455,0.12352941176470589
BMW 3 Series 320d Sport Line,Mumbai,2014,23000,Diesel,Automatic,First,5.0,19.9,18.88,1995.0,184.0,BMW,6,litre,2.51,0.24,10.45833,0.1329449152542373
Volkswagen Jetta 2007-2011 1.9 TDI Trendline,Chennai,2009,60000,Diesel,Manual,First,5.0,4.0,15.0,1896.0,105.0,Volkswagen,11,litre,2.51,0.24,10.45833,0.1673333333333333
Maruti Swift Dzire LXI,Kochi,2013,59350,Petrol,Manual,First,5.0,4.16,19.1,1197.0,85.8,Maruti,7,litre,2.1,0.22,9.545455,0.10994764397905758
Jaguar XF 2.2 Litre Executive,Bangalore,2015,19000,Diesel,Automatic,Second,5.0,38.0,16.36,2179.0,187.7,Jaguar,5,litre,2.51,0.24,10.45833,0.15342298288508557
Hyundai Xcent 1.2 Kappa AT SX Option,Kochi,2016,45560,Petrol,Automatic,First,5.0,6.34,16.9,1197.0,82.0,Hyundai,4,litre,2.1,0.22,9.545455,0.12426035502958581
Toyota Innova 2.5 G (Diesel) 7 Seater BS IV,Pune,2009,118000,Diesel,Manual,First,8.0,4.5,12.8,2494.0,102.0,Toyota,11,litre,2.51,0.24,10.45833,0.19609374999999998
Maruti Eeco 7 Seater Standard,Chennai,2016,55000,Petrol,Manual,First,7.0,3.75,15.1,1196.0,73.0,Maruti,4,litre,2.1,0.22,9.545455,0.13907284768211922
Audi A4 New 2.0 TDI Multitronic,Delhi,2012,60000,Diesel,Automatic,Second,5.0,10.2,15.2,1968.0,140.8,Audi,8,litre,2.51,0.24,10.45833,0.1651315789473684
Toyota Innova 2.5 G (Diesel) 7 Seater BS IV,Chennai,2007,145000,Diesel,Manual,First,8.0,5.0,12.8,2494.0,102.0,Toyota,13,litre,2.51,0.24,10.45833,0.19609374999999998
Maruti Grand Vitara MT,Mumbai,2008,46810,Petrol,Manual,First,5.0,3.95,9.8,1995.0,163.5,Maruti,12,litre,2.1,0.22,9.545455,0.21428571428571427
Volkswagen Vento 1.5 TDI Highline,Coimbatore,2016,62767,Diesel,Manual,First,5.0,9.75,20.34,1498.0,103.2,Volkswagen,4,litre,2.51,0.24,10.45833,0.12340216322517207
Hyundai Elite i20 Petrol Asta,Kochi,2018,18553,Petrol,Manual,First,5.0,7.93,18.6,1197.0,81.86,Hyundai,2,litre,2.1,0.22,9.545455,0.11290322580645161
Ford Fiesta Classic 1.4 Duratorq CLXI,Hyderabad,2011,143143,Diesel,Manual,First,5.0,2.1,17.8,1399.0,67.0,Ford,9,litre,2.51,0.24,10.45833,0.14101123595505616
Mitsubishi Pajero Sport 4X4,Coimbatore,2015,53497,Diesel,Manual,First,7.0,16.42,13.5,2477.0,175.56,Mitsubishi,5,litre,2.51,0.24,10.45833,0.1859259259259259
Hyundai Santa Fe 4X4,Bangalore,2011,148000,Diesel,Manual,Second,7.0,8.9,14.66,2199.0,194.3,Hyundai,9,litre,2.51,0.24,10.45833,0.17121418826739426
Mahindra XUV500 W8 2WD,Pune,2012,95000,Diesel,Manual,First,7.0,7.21,15.1,2179.0,140.0,Mahindra,8,litre,2.51,0.24,10.45833,0.1662251655629139
Toyota Innova 2.5 V Diesel 8-seater,Chennai,2015,100000,Diesel,Manual,First,8.0,13.5,12.8,2494.0,102.0,Toyota,5,litre,2.51,0.24,10.45833,0.19609374999999998
Mercedes-Benz GLE 350d,Chennai,2016,29000,Diesel,Automatic,First,5.0,65.0,11.57,2987.0,254.79,Mercedes-Benz,4,litre,2.51,0.24,10.45833,0.21694036300777872
Mahindra Scorpio 2009-2014 SLE 7S BSIV,Bangalore,2014,87000,Diesel,Manual,First,7.0,7.4,12.05,2179.0,120.0,Mahindra,6,litre,2.51,0.24,10.45833,0.20829875518672197
Honda City 1.5 S AT,Kochi,2014,56838,Petrol,Automatic,First,5.0,5.15,16.8,1497.0,118.0,Honda,6,litre,2.1,0.22,9.545455,0.125
Mercedes-Benz GL-Class 2007 2012 350 CDI Luxury,Pune,2013,100000,Diesel,Automatic,First,7.0,32.0,12.0,2987.0,224.0,Mercedes-Benz,7,litre,2.51,0.24,10.45833,0.20916666666666664
Honda City 1.5 S MT,Kolkata,2011,125000,Petrol,Manual,First,5.0,3.25,17.0,1497.0,118.0,Honda,9,litre,2.1,0.22,9.545455,0.12352941176470589
Maruti Wagon R VXI AMT,Kolkata,2017,17000,Petrol,Automatic,First,5.0,3.95,22.5,998.0,67.0,Maruti,3,litre,2.1,0.22,9.545455,0.09333333333333334
Tata Indigo eCS GLE BSIII,Pune,2013,70000,Petrol,Manual,Second,5.0,1.5,15.4,1193.0,65.0,Tata,7,litre,2.1,0.22,9.545455,0.13636363636363635
Hyundai i20 2015-2017 1.2 Asta with AVN,Pune,2010,50000,Petrol,Manual,Second,5.0,3.0,17.0,1197.0,80.0,Hyundai,10,litre,2.1,0.22,9.545455,0.12352941176470589
Honda Jazz Active,Kolkata,2010,39800,Petrol,Manual,First,5.0,1.99,16.0,1198.0,90.0,Honda,10,litre,2.1,0.22,9.545455,0.13125
Maruti A-Star Lxi,Kolkata,2010,60000,Petrol,Manual,First,5.0,1.35,19.0,998.0,66.1,Maruti,10,litre,2.1,0.22,9.545455,0.1105263157894737
BMW 3 Series 320d Highline,Hyderabad,2009,58000,Diesel,Automatic,First,5.0,13.5,16.07,1995.0,181.0,BMW,11,litre,2.51,0.24,10.45833,0.1561916614810205
Skoda Yeti Elegance,Hyderabad,2010,110009,Diesel,Manual,First,5.0,6.99,17.67,1968.0,138.08,Skoda,10,litre,2.51,0.24,10.45833,0.14204867006225239
Nissan Terrano XV Premium 110 PS,Hyderabad,2013,85000,Diesel,Manual,First,5.0,8.5,19.01,1461.0,108.5,Nissan,7,litre,2.51,0.24,10.45833,0.13203577064702784
Volkswagen Polo Diesel Comfortline 1.2L,Pune,2010,84000,Diesel,Manual,Second,5.0,2.89,22.07,1199.0,73.9,Volkswagen,10,litre,2.51,0.24,10.45833,0.11372904395106478
BMW 3 Series 320d,Mumbai,2011,51000,Diesel,Automatic,First,5.0,10.5,22.69,1995.0,190.0,BMW,9,litre,2.51,0.24,10.45833,0.11062141912736886
Nissan Sunny 2011-2014 XL,Kochi,2013,68880,Petrol,Manual,First,5.0,3.97,16.95,1498.0,97.7,Nissan,7,litre,2.1,0.22,9.545455,0.12389380530973453
Maruti Alto K10 VXI AGS,Chennai,2017,5500,Petrol,Automatic,First,5.0,4.25,24.07,998.0,67.1,Maruti,3,litre,2.1,0.22,9.545455,0.08724553385957624
Maruti Ritz ZXI,Coimbatore,2016,40052,Petrol,Manual,First,5.0,6.17,21.1,1197.0,85.8,Maruti,4,litre,2.1,0.22,9.545455,0.0995260663507109
Audi Q5 30 TDI quattro Premium Plus,Coimbatore,2016,47293,Diesel,Automatic,First,5.0,38.72,14.16,1968.0,174.3,Audi,4,litre,2.51,0.24,10.45833,0.1772598870056497
Hyundai Verna CRDi SX,Hyderabad,2013,79663,Diesel,Manual,First,5.0,6.5,16.8,1493.0,110.0,Hyundai,7,litre,2.51,0.24,10.45833,0.14940476190476187
Honda Amaze S i-Dtech,Jaipur,2013,63000,Diesel,Manual,Second,5.0,4.25,25.8,1498.0,98.6,Honda,7,litre,2.51,0.24,10.45833,0.09728682170542635
Honda City i DTEC SV,Kolkata,2014,45000,Diesel,Manual,First,5.0,4.75,26.0,1498.0,98.6,Honda,6,litre,2.51,0.24,10.45833,0.09653846153846153
Toyota Fortuner TRD Sportivo 2.8 2WD AT,Kochi,2014,56501,Diesel,Automatic,First,7.0,17.71,12.9,2755.0,174.5,Toyota,6,litre,2.51,0.24,10.45833,0.1945736434108527
Volkswagen Vento 1.5 TDI Highline,Jaipur,2015,58000,Diesel,Manual,First,5.0,5.85,20.34,1498.0,103.2,Volkswagen,5,litre,2.51,0.24,10.45833,0.12340216322517207
BMW 5 Series 520d Luxury Line,Coimbatore,2011,51602,Diesel,Automatic,First,5.0,17.27,22.48,1995.0,190.0,BMW,9,litre,2.51,0.24,10.45833,0.11165480427046262
BMW 3 Series 320d Sedan,Hyderabad,2007,74199,Diesel,Automatic,First,5.0,9.25,16.07,1995.0,181.0,BMW,13,litre,2.51,0.24,10.45833,0.1561916614810205
Hyundai Creta 1.6 SX Plus Petrol Automatic,Ahmedabad,2017,25000,Petrol,Automatic,First,5.0,12.75,13.0,1591.0,121.3,Hyundai,3,litre,2.1,0.22,9.545455,0.16153846153846155
BMW 3 Series Luxury Line,Pune,2016,70000,Diesel,Automatic,Second,5.0,27.0,21.76,1995.0,190.0,BMW,4,litre,2.51,0.24,10.45833,0.11534926470588233
Mercedes-Benz New C-Class C 220 CDI BE Avantgare,Bangalore,2013,25000,Diesel,Automatic,Second,5.0,21.0,14.84,2143.0,167.62,Mercedes-Benz,7,litre,2.51,0.24,10.45833,0.1691374663072776
Maruti Swift Dzire VDI,Hyderabad,2017,22000,Diesel,Manual,First,5.0,7.95,26.59,1248.0,74.0,Maruti,3,litre,2.51,0.24,10.45833,0.09439638962015795
Maruti Celerio ZXI,Hyderabad,2015,47020,Petrol,Manual,Second,5.0,4.5,23.1,998.0,67.04,Maruti,5,litre,2.1,0.22,9.545455,0.09090909090909091
BMW 3 Series 320d GT Luxury Line,Mumbai,2017,8000,Diesel,Automatic,First,5.0,33.75,19.59,1995.0,187.74,BMW,3,litre,2.51,0.24,10.45833,0.12812659520163347
Audi Q7 4.2 TDI Quattro Technology,Delhi,2010,73000,Diesel,Automatic,First,7.0,17.51,11.33,4134.0,335.2,Audi,10,litre,2.51,0.24,10.45833,0.22153574580759045
Honda Jazz V,Kochi,2017,36973,Petrol,Manual,First,5.0,6.8,18.2,1199.0,88.7,Honda,3,litre,2.1,0.22,9.545455,0.11538461538461539
Tata Nano Cx BSIV,Coimbatore,2014,42083,Petrol,Manual,First,4.0,1.68,25.4,624.0,37.48,Tata,6,litre,2.1,0.22,9.545455,0.08267716535433071
Maruti Alto 800 2016-2019 LXI,Chennai,2016,61000,Petrol,Manual,First,5.0,2.9,24.7,796.0,47.3,Maruti,4,litre,2.1,0.22,9.545455,0.08502024291497977
Maruti Wagon R VXI,Mumbai,2014,43628,Petrol,Manual,First,5.0,3.16,22.5,998.0,67.04,Maruti,6,litre,2.1,0.22,9.545455,0.09333333333333334
Hyundai Xcent 1.1 CRDi Base,Jaipur,2014,60000,Diesel,Manual,First,5.0,3.9,24.4,1120.0,71.0,Hyundai,6,litre,2.51,0.24,10.45833,0.10286885245901639
Chevrolet Beat LT,Delhi,2010,54000,Petrol,Manual,Second,5.0,1.95,17.8,1199.0,76.8,Chevrolet,10,litre,2.1,0.22,9.545455,0.11797752808988764
Jaguar XF 2.2 Litre Luxury,Kochi,2015,27001,Diesel,Automatic,First,5.0,26.52,16.36,2179.0,187.7,Jaguar,5,litre,2.51,0.24,10.45833,0.15342298288508557
Volkswagen Passat Diesel Highline 2.0 TDI,Chennai,2010,52000,Diesel,Automatic,First,5.0,9.0,18.33,1968.0,167.7,Volkswagen,10,litre,2.51,0.24,10.45833,0.13693398799781778
Hyundai i20 Asta 1.4 CRDi,Hyderabad,2012,80000,Diesel,Manual,First,5.0,4.5,21.27,1396.0,88.76,Hyundai,8,litre,2.51,0.24,10.45833,0.11800658204043253
Mitsubishi Pajero 2.8 SFX,Chennai,2008,160000,Diesel,Manual,First,6.0,8.75,10.5,2835.0,107.2,Mitsubishi,12,litre,2.51,0.24,10.45833,0.23904761904761904
Maruti Vitara Brezza ZDi Plus AMT Dual Tone,Chennai,2018,3300,Diesel,Automatic,First,5.0,11.5,24.3,1248.0,88.5,Maruti,2,litre,2.51,0.24,10.45833,0.10329218106995884
Maruti Alto K10 LXI,Delhi,2016,35027,Petrol,Manual,First,5.0,3.0,24.07,998.0,67.1,Maruti,4,litre,2.1,0.22,9.545455,0.08724553385957624
Hyundai EON Magna Plus,Coimbatore,2015,26568,Petrol,Manual,First,5.0,3.79,21.1,814.0,55.2,Hyundai,5,litre,2.1,0.22,9.545455,0.0995260663507109
Maruti Ciaz VDi Plus SHVS,Ahmedabad,2015,59000,Diesel,Manual,First,5.0,6.0,28.09,1248.0,88.5,Maruti,5,litre,2.51,0.24,10.45833,0.08935564257742969
Hyundai Creta 1.6 CRDi SX Option,Bangalore,2016,51000,Diesel,Manual,First,5.0,13.25,19.67,1582.0,126.2,Hyundai,4,litre,2.51,0.24,10.45833,0.1276054905948144
Skoda Superb Ambition 2.0 TDI CR AT,Delhi,2012,56400,Diesel,Automatic,First,5.0,8.0,17.2,1968.0,138.1,Skoda,8,litre,2.51,0.24,10.45833,0.14593023255813953
Volkswagen Polo 1.5 TDI Highline,Hyderabad,2015,80000,Diesel,Manual,First,5.0,5.8,20.14,1498.0,88.8,Volkswagen,5,litre,2.51,0.24,10.45833,0.12462760675273087
BMW 5 Series 520d Sedan,Delhi,2012,72000,Diesel,Automatic,Third,5.0,13.85,18.48,1493.0,97.7,BMW,8,litre,2.51,0.24,10.45833,0.13582251082251082
Toyota Innova 2.5 VX (Diesel) 7 Seater,Hyderabad,2013,107000,Diesel,Manual,Second,7.0,13.5,12.99,2494.0,100.6,Toyota,7,litre,2.51,0.24,10.45833,0.193225558121632
Mercedes-Benz E-Class 2009-2013 E250 CDI Elegance,Pune,2014,100000,Diesel,Automatic,First,5.0,25.0,14.21,2143.0,203.0,Mercedes-Benz,6,litre,2.51,0.24,10.45833,0.17663617171006332
Volkswagen Polo 1.5 TDI Highline,Kochi,2016,59998,Diesel,Manual,First,5.0,5.49,20.14,1498.0,88.8,Volkswagen,4,litre,2.51,0.24,10.45833,0.12462760675273087
Audi Q3 2.0 TDI,Hyderabad,2013,105000,Diesel,Automatic,First,5.0,19.0,17.32,1968.0,150.0,Audi,7,litre,2.51,0.24,10.45833,0.144919168591224
Hyundai i20 1.2 Magna,Kolkata,2011,36000,Petrol,Manual,First,5.0,2.5,18.5,1197.0,80.0,Hyundai,9,litre,2.1,0.22,9.545455,0.11351351351351352
Hyundai i10 Sportz 1.1L,Kolkata,2015,24350,Petrol,Manual,Second,5.0,3.0,19.81,1086.0,68.05,Hyundai,5,litre,2.1,0.22,9.545455,0.1060070671378092
Tata Tigor 1.05 Revotorq XT,Kochi,2018,28973,Diesel,Manual,First,5.0,6.64,24.7,1047.0,69.0,Tata,2,litre,2.51,0.24,10.45833,0.10161943319838056
Hyundai EON Era,Kochi,2017,8243,Petrol,Manual,First,5.0,3.21,21.1,814.0,55.2,Hyundai,3,litre,2.1,0.22,9.545455,0.0995260663507109
Hyundai Santro Xing GLS,Chennai,2009,136642,Petrol,Manual,Second,5.0,1.55,17.92,1086.0,62.1,Hyundai,11,litre,2.1,0.22,9.545455,0.1171875
Hyundai Santro Xing GLS,Hyderabad,2011,60000,Petrol,Manual,First,5.0,2.59,17.92,1086.0,62.1,Hyundai,9,litre,2.1,0.22,9.545455,0.1171875
Mahindra Scorpio SLX,Chennai,2008,100000,Diesel,Manual,Second,8.0,4.0,12.7,2609.0,120.0,Mahindra,12,litre,2.51,0.24,10.45833,0.19763779527559056
Honda City i-VTEC S,Jaipur,2010,48689,Petrol,Manual,First,5.0,3.87,17.4,1497.0,117.3,Honda,10,litre,2.1,0.22,9.545455,0.12068965517241381
Maruti Vitara Brezza ZDi,Bangalore,2017,45000,Diesel,Manual,First,5.0,9.75,24.3,1248.0,88.5,Maruti,3,litre,2.51,0.24,10.45833,0.10329218106995884
Audi A4 35 TDI Technology Edition,Kochi,2019,38163,Diesel,Automatic,First,5.0,32.91,17.11,1968.0,174.33,Audi,1,litre,2.51,0.24,10.45833,0.146697837521917
Mercedes-Benz E-Class 2009-2013 E250 CDI Elegance,Chennai,2011,43800,Diesel,Automatic,Second,5.0,16.75,14.21,2143.0,203.0,Mercedes-Benz,9,litre,2.51,0.24,10.45833,0.17663617171006332
Honda Civic 2006-2010 1.8 MT Sport,Jaipur,2007,92000,Petrol,Manual,First,5.0,1.9,13.5,1799.0,130.0,Honda,13,litre,2.1,0.22,9.545455,0.15555555555555556
Hyundai i20 Magna 1.2,Kochi,2017,14064,Petrol,Manual,First,5.0,6.59,18.6,1197.0,81.83,Hyundai,3,litre,2.1,0.22,9.545455,0.11290322580645161
Audi Q3 35 TDI Quattro Premium Plus,Coimbatore,2017,42366,Diesel,Automatic,First,5.0,31.93,15.73,1968.0,174.33,Audi,3,litre,2.51,0.24,10.45833,0.15956770502225046
Honda City i DTEC VX,Jaipur,2014,76551,Diesel,Manual,First,5.0,7.25,25.1,1498.0,98.6,Honda,6,litre,2.51,0.24,10.45833,0.09999999999999999
Hyundai i10 Era 1.1 iTech SE,Pune,2008,72672,Petrol,Manual,First,5.0,1.9,19.81,1086.0,68.05,Hyundai,12,litre,2.1,0.22,9.545455,0.1060070671378092
Maruti Swift VDI BSIV,Kolkata,2015,45000,Diesel,Manual,First,5.0,3.55,25.2,1248.0,74.0,Maruti,5,litre,2.51,0.24,10.45833,0.0996031746031746
Ford Endeavour 3.0L 4X4 AT,Hyderabad,2012,91696,Diesel,Automatic,First,7.0,9.25,11.4,2953.0,153.86,Ford,8,litre,2.51,0.24,10.45833,0.2201754385964912
Ford Ikon 1.3 Flair,Kochi,2009,66484,Petrol,Manual,First,5.0,1.65,13.8,1299.0,70.0,Ford,11,litre,2.1,0.22,9.545455,0.15217391304347827
BMW X1 sDrive 20d xLine,Coimbatore,2019,15456,Diesel,Automatic,First,5.0,36.64,20.68,1995.0,190.0,BMW,1,litre,2.51,0.24,10.45833,0.1213733075435203
Mercedes-Benz E-Class 2009-2013 E250 CDI Classic,Mumbai,2011,55000,Diesel,Automatic,Second,5.0,16.0,14.21,2143.0,203.0,Mercedes-Benz,9,litre,2.51,0.24,10.45833,0.17663617171006332
Maruti Eeco 5 STR With AC Plus HTR CNG,Kochi,2019,21112,CNG,Manual,First,5.0,5.38,15.1,1196.0,73.0,Maruti,1,kg,2.5625,0.18,14.23611,0.1697019867549669
Honda Jazz Select Edition,Pune,2011,98000,Petrol,Manual,First,5.0,3.15,16.7,1493.0,97.7,Honda,9,litre,2.1,0.22,9.545455,0.125748502994012
Honda Amaze S i-Dtech,Ahmedabad,2014,61297,Diesel,Manual,First,5.0,4.35,25.8,1498.0,98.6,Honda,6,litre,2.51,0.24,10.45833,0.09728682170542635
Maruti Zen LXi - BS III,Hyderabad,2006,80000,Petrol,Manual,Second,5.0,1.2,17.3,993.0,60.0,Maruti,14,litre,2.1,0.22,9.545455,0.12138728323699421
Hyundai i20 Magna,Jaipur,2013,59000,Petrol,Manual,Second,5.0,4.1,18.5,1197.0,80.0,Hyundai,7,litre,2.1,0.22,9.545455,0.11351351351351352
BMW X5 3.0d,Chennai,2009,150000,Diesel,Automatic,First,5.0,18.75,11.0,2993.0,235.0,BMW,11,litre,2.51,0.24,10.45833,0.22818181818181815
Hyundai Creta 1.6 CRDi SX Option,Coimbatore,2017,60083,Diesel,Manual,First,5.0,13.78,19.67,1582.0,126.2,Hyundai,3,litre,2.51,0.24,10.45833,0.1276054905948144
Maruti Swift Dzire LDI,Kolkata,2016,85450,Diesel,Manual,First,5.0,4.0,26.59,1248.0,74.0,Maruti,4,litre,2.51,0.24,10.45833,0.09439638962015795
Maruti Swift VDI,Jaipur,2013,88000,Diesel,Manual,First,5.0,4.33,22.9,1248.0,74.0,Maruti,7,litre,2.51,0.24,10.45833,0.10960698689956332
Hyundai Grand i10 1.2 CRDi Asta,Kochi,2015,81828,Diesel,Manual,First,5.0,5.43,24.0,1186.0,73.97,Hyundai,5,litre,2.51,0.24,10.45833,0.10458333333333332
Ford Figo Aspire 1.2 Ti-VCT Trend,Mumbai,2016,18000,Petrol,Manual,First,5.0,4.9,18.16,1196.0,86.8,Ford,4,litre,2.1,0.22,9.545455,0.1156387665198238
BMW X5 X5 M,Chennai,2017,15000,Diesel,Automatic,First,5.0,70.0,15.97,2993.0,258.0,BMW,3,litre,2.51,0.24,10.45833,0.15716969317470256
Mercedes-Benz New C-Class C 220 CDI Celebration Edition,Kolkata,2016,34000,Diesel,Automatic,First,5.0,25.5,11.78,2143.0,167.62,Mercedes-Benz,4,litre,2.51,0.24,10.45833,0.2130730050933786
Hyundai Grand i10 AT Asta,Ahmedabad,2015,46000,Petrol,Automatic,First,5.0,5.1,18.9,1197.0,82.0,Hyundai,5,litre,2.1,0.22,9.545455,0.11111111111111112
Hyundai Verna 1.6 SX CRDi (O),Hyderabad,2013,48158,Diesel,Manual,First,5.0,6.7,22.32,1582.0,126.32,Hyundai,7,litre,2.51,0.24,10.45833,0.11245519713261648
BMW 5 Series 525d Sedan,Hyderabad,2013,93000,Diesel,Automatic,First,5.0,26.5,16.73,2993.0,218.0,BMW,7,litre,2.51,0.24,10.45833,0.15002988643156007
Nissan Micra Diesel XV Premium,Ahmedabad,2013,71007,Diesel,Manual,First,5.0,3.9,23.08,1461.0,63.1,Nissan,7,litre,2.51,0.24,10.45833,0.10875216637781629
Maruti SX4 ZXI MT BSIV,Pune,2010,63067,Petrol,Manual,Second,5.0,2.7,15.5,1586.0,103.3,Maruti,10,litre,2.1,0.22,9.545455,0.13548387096774195
Tata Manza Aura Quadrajet BS IV,Hyderabad,2011,70259,Diesel,Manual,First,5.0,2.95,21.12,1248.0,88.8,Tata,9,litre,2.51,0.24,10.45833,0.11884469696969695
Audi A4 2.0 TDI Multitronic,Ahmedabad,2015,13000,Diesel,Automatic,First,5.0,23.0,16.55,1968.0,140.0,Audi,5,litre,2.51,0.24,10.45833,0.15166163141993955
Maruti Swift Ldi BSIV,Pune,2009,140000,Diesel,Manual,Second,5.0,2.49,17.8,1248.0,75.0,Maruti,11,litre,2.51,0.24,10.45833,0.14101123595505616
Maruti Swift LDI Optional,Jaipur,2015,130000,Diesel,Manual,First,5.0,4.5,25.2,1248.0,74.0,Maruti,5,litre,2.51,0.24,10.45833,0.0996031746031746
Toyota Corolla Altis Diesel D4DJ,Delhi,2011,89401,Diesel,Manual,First,5.0,4.5,21.43,1364.0,87.2,Toyota,9,litre,2.51,0.24,10.45833,0.11712552496500232
Honda Jazz 1.5 VX i DTEC,Hyderabad,2015,67000,Diesel,Manual,First,5.0,6.9,27.3,1498.0,98.6,Honda,5,litre,2.51,0.24,10.45833,0.09194139194139193
BMW 6 Series 650i Coupe,Kochi,2010,65329,Petrol,Automatic,First,4.0,20.72,7.94,4395.0,450.0,BMW,10,litre,2.1,0.22,9.545455,0.26448362720403024
Skoda Fabia 1.2 Petrol Active,Jaipur,2010,72000,Petrol,Manual,First,5.0,2.21,16.25,1198.0,73.9,Skoda,10,litre,2.1,0.22,9.545455,0.12923076923076923
Fiat Siena 1.2 ELX,Jaipur,2001,70000,Petrol,Manual,Third,5.0,0.55,0.0,1242.0,97.7,Fiat,19,litre,2.1,0.22,9.545455,0.12352941176470589
Land Rover Freelander 2 HSE,Mumbai,2011,82000,Diesel,Automatic,Second,5.0,13.9,12.35,2179.0,187.74,Land,9,litre,2.51,0.24,10.45833,0.20323886639676111
Ford Fiesta 1.6 ZXi Duratec,Pune,2010,85000,Petrol,Manual,First,5.0,1.46,15.3,1596.0,101.0,Ford,10,litre,2.1,0.22,9.545455,0.13725490196078433
Hyundai Verna SX CRDi AT,Pune,2012,83000,Diesel,Automatic,First,5.0,6.0,19.08,1582.0,126.32,Hyundai,8,litre,2.51,0.24,10.45833,0.13155136268343814
Renault KWID 1.0 RXT Optional,Jaipur,2016,26000,Petrol,Manual,First,5.0,3.0,21.7,999.0,67.0,Renault,4,litre,2.1,0.22,9.545455,0.09677419354838711
Tata Indica Vista Quadrajet 90 ZX Plus,Delhi,2012,27000,Diesel,Manual,First,5.0,3.5,22.3,1248.0,88.8,Tata,8,litre,2.51,0.24,10.45833,0.11255605381165917
Hyundai i20 Active 1.4 SX,Kochi,2018,37746,Diesel,Manual,First,5.0,7.59,21.19,1396.0,88.73,Hyundai,2,litre,2.51,0.24,10.45833,0.11845210004719206
Maruti SX4 Zxi BSIII,Mumbai,2009,63274,Petrol,Manual,Second,5.0,1.99,15.0,1586.0,104.68,Maruti,11,litre,2.1,0.22,9.545455,0.14
Renault KWID RXT,Hyderabad,2016,25000,Petrol,Manual,First,5.0,3.8,25.17,799.0,53.3,Renault,4,litre,2.1,0.22,9.545455,0.08343265792610251
Mahindra Xylo E4 ABS BS III,Bangalore,2013,197000,Diesel,Manual,First,7.0,4.0,11.68,2498.0,112.0,Mahindra,7,litre,2.51,0.24,10.45833,0.2148972602739726
Hyundai EON D Lite Plus,Bangalore,2013,45010,Petrol,Manual,Second,5.0,2.95,21.1,814.0,55.2,Hyundai,7,litre,2.1,0.22,9.545455,0.0995260663507109
Honda Amaze VX i-DTEC,Delhi,2013,75348,Diesel,Manual,First,5.0,3.75,25.8,1498.0,98.6,Honda,7,litre,2.51,0.24,10.45833,0.09728682170542635
Volkswagen Polo Diesel Highline 1.2L,Kolkata,2010,90110,Diesel,Manual,First,5.0,2.5,22.07,1199.0,73.9,Volkswagen,10,litre,2.51,0.24,10.45833,0.11372904395106478
Honda City 1.5 V MT,Pune,2011,102013,Petrol,Manual,First,5.0,3.75,17.0,1497.0,118.0,Honda,9,litre,2.1,0.22,9.545455,0.12352941176470589
Toyota Fortuner 4x2 AT,Pune,2015,36000,Diesel,Automatic,First,7.0,22.0,12.55,2982.0,168.5,Toyota,5,litre,2.51,0.24,10.45833,0.19999999999999998
Honda Amaze E i-Vtech,Kochi,2017,37578,Petrol,Manual,First,5.0,6.14,18.0,1198.0,86.7,Honda,3,litre,2.1,0.22,9.545455,0.11666666666666667
BMW 1 Series 118d Base,Pune,2015,46001,Diesel,Automatic,First,5.0,16.0,20.58,1995.0,143.0,BMW,5,litre,2.51,0.24,10.45833,0.12196307094266277
Maruti Celerio VXI AT,Hyderabad,2014,46559,Petrol,Automatic,First,5.0,3.75,23.1,998.0,67.04,Maruti,6,litre,2.1,0.22,9.545455,0.09090909090909091
Toyota Innova 2.5 GX (Diesel) 8 Seater,Mumbai,2015,48000,Diesel,Manual,First,8.0,11.75,12.99,2494.0,100.6,Toyota,5,litre,2.51,0.24,10.45833,0.193225558121632
Jaguar XF 2.2 Litre Luxury,Pune,2013,46000,Diesel,Automatic,Second,5.0,24.0,16.36,2179.0,187.7,Jaguar,7,litre,2.51,0.24,10.45833,0.15342298288508557
Honda WRV i-VTEC VX,Hyderabad,2017,15000,Petrol,Manual,First,5.0,8.9,17.5,1199.0,88.7,Honda,3,litre,2.1,0.22,9.545455,0.12000000000000001
BMW X1 sDrive20d,Chennai,2012,85000,Diesel,Automatic,Third,5.0,10.0,17.05,1995.0,184.0,BMW,8,litre,2.51,0.24,10.45833,0.14721407624633429
Skoda Rapid 1.6 MPI AT Elegance,Mumbai,2014,32000,Petrol,Automatic,First,5.0,5.55,14.3,1598.0,103.5,Skoda,6,litre,2.1,0.22,9.545455,0.14685314685314685
Volkswagen Vento 1.6 Comfortline,Kochi,2012,60818,Petrol,Manual,First,5.0,3.59,16.09,1598.0,103.5,Volkswagen,8,litre,2.1,0.22,9.545455,0.1305158483530143
Ford EcoSport 1.5 TDCi Trend Plus BE,Coimbatore,2019,35188,Diesel,Manual,First,5.0,11.13,22.77,1498.0,98.59,Ford,1,litre,2.51,0.24,10.45833,0.11023276240667544
Mahindra XUV500 W6 2WD,Jaipur,2012,110000,Diesel,Manual,First,7.0,7.2,15.1,2179.0,140.0,Mahindra,8,litre,2.51,0.24,10.45833,0.1662251655629139
Ford Fiesta Classic 1.4 Duratorq LXI,Mumbai,2014,61000,Diesel,Manual,First,5.0,2.98,18.6,1388.0,67.0,Ford,6,litre,2.51,0.24,10.45833,0.13494623655913976
Hyundai Santro Xing GLS,Pune,2010,75000,Petrol,Manual,Second,5.0,1.7,17.92,1086.0,62.1,Hyundai,10,litre,2.1,0.22,9.545455,0.1171875
Mercedes-Benz GL-Class 2007 2012 350 CDI Luxury,Delhi,2015,55000,Diesel,Automatic,First,7.0,52.0,12.0,2987.0,224.0,Mercedes-Benz,5,litre,2.51,0.24,10.45833,0.20916666666666664
Maruti Alto LXi BSII,Pune,2003,69966,Petrol,Manual,First,5.0,0.95,19.7,796.0,46.3,Maruti,17,litre,2.1,0.22,9.545455,0.10659898477157362
Honda City i VTEC VX Option,Mumbai,2016,42000,Petrol,Manual,First,5.0,9.25,17.8,1497.0,117.3,Honda,4,litre,2.1,0.22,9.545455,0.11797752808988764
Hyundai Santa Fe 2WD AT,Bangalore,2014,48000,Diesel,Automatic,First,7.0,16.25,13.01,2199.0,194.3,Hyundai,6,litre,2.51,0.24,10.45833,0.1929285165257494
Mercedes-Benz GLA Class 200 CDI SPORT,Kolkata,2015,35000,Diesel,Automatic,First,5.0,20.99,17.9,2143.0,136.0,Mercedes-Benz,5,litre,2.51,0.24,10.45833,0.14022346368715083
Toyota Innova 2.5 G4 Diesel 8-seater,Chennai,2005,128000,Diesel,Manual,Second,8.0,4.25,12.8,2494.0,102.0,Toyota,15,litre,2.51,0.24,10.45833,0.19609374999999998
BMW 3 Series 320d Sedan,Bangalore,2008,78000,Diesel,Automatic,Second,5.0,7.2,16.07,1995.0,181.0,BMW,12,litre,2.51,0.24,10.45833,0.1561916614810205
Maruti Swift ZXI,Hyderabad,2011,53080,Petrol,Manual,First,5.0,4.4,18.6,1197.0,85.8,Maruti,9,litre,2.1,0.22,9.545455,0.11290322580645161
Volkswagen Vento Petrol Highline,Pune,2011,66000,Petrol,Manual,Second,5.0,4.25,15.04,1598.0,103.6,Volkswagen,9,litre,2.1,0.22,9.545455,0.1396276595744681
Maruti Ertiga VXI,Ahmedabad,2012,25000,Petrol,Manual,First,7.0,5.35,16.02,1373.0,93.7,Maruti,8,litre,2.1,0.22,9.545455,0.1310861423220974
Hyundai Grand i10 AT Asta,Coimbatore,2016,36139,Petrol,Automatic,Second,5.0,6.3,18.9,1197.0,82.0,Hyundai,4,litre,2.1,0.22,9.545455,0.11111111111111112
Hyundai Creta 1.6 CRDi SX,Delhi,2017,44000,Diesel,Manual,First,5.0,12.5,19.67,1582.0,126.2,Hyundai,3,litre,2.51,0.24,10.45833,0.1276054905948144
Audi A6 3.0 TDI quattro,Ahmedabad,2008,50000,Diesel,Automatic,Second,5.0,7.5,16.77,2967.0,241.38,Audi,12,litre,2.51,0.24,10.45833,0.14967203339296362
Mahindra XUV500 W8 1.99 mHawk,Delhi,2016,81177,Diesel,Manual,First,7.0,11.25,16.0,1997.0,140.0,Mahindra,4,litre,2.51,0.24,10.45833,0.156875
Ford EcoSport 1.5 Ti VCT AT Titanium BE,Mumbai,2016,26000,Petrol,Automatic,First,5.0,7.65,16.05,1499.0,110.4,Ford,4,litre,2.1,0.22,9.545455,0.1308411214953271
Hyundai Xcent 1.1 CRDi Base,Mumbai,2016,100000,Diesel,Manual,First,5.0,4.5,24.4,1120.0,71.0,Hyundai,4,litre,2.51,0.24,10.45833,0.10286885245901639
Volkswagen Vento 1.5 TDI Comfortline AT,Hyderabad,2014,75000,Diesel,Automatic,First,5.0,7.5,21.21,1498.0,103.2,Volkswagen,6,litre,2.51,0.24,10.45833,0.11834040546911832
Mercedes-Benz S-Class 280 AT,Kochi,2004,119859,Petrol,Automatic,First,5.0,7.1,13.0,2987.0,210.0,Mercedes-Benz,16,litre,2.1,0.22,9.545455,0.16153846153846155
Hyundai i10 Magna,Mumbai,2010,55980,Petrol,Manual,First,5.0,2.25,20.36,1197.0,78.9,Hyundai,10,litre,2.1,0.22,9.545455,0.1031434184675835
Audi A4 35 TDI Technology Edition,Hyderabad,2015,30000,Diesel,Automatic,First,5.0,27.0,17.11,1968.0,174.33,Audi,5,litre,2.51,0.24,10.45833,0.146697837521917
Hyundai i20 Sportz 1.4 CRDi,Pune,2012,49700,Diesel,Manual,Second,5.0,4.18,21.9,1396.0,88.76,Hyundai,8,litre,2.51,0.24,10.45833,0.11461187214611872
Hyundai Verna 1.4 EX,Chennai,2013,79000,Diesel,Manual,First,5.0,6.5,23.5,1396.0,88.7,Hyundai,7,litre,2.51,0.24,10.45833,0.10680851063829787
Honda City 1.5 V MT,Delhi,2010,65100,Petrol,Manual,First,5.0,3.15,17.0,1497.0,118.0,Honda,10,litre,2.1,0.22,9.545455,0.12352941176470589
Maruti Ertiga VDI,Pune,2016,54161,Diesel,Manual,First,7.0,7.64,25.47,1248.0,88.5,Maruti,4,litre,2.51,0.24,10.45833,0.09854731056144483
Maruti Alto LXi BSII,Hyderabad,2011,28619,Petrol,Manual,First,5.0,2.4,19.7,796.0,46.3,Maruti,9,litre,2.1,0.22,9.545455,0.10659898477157362
Maruti Wagon R AMT VXI,Mumbai,2016,9000,Petrol,Automatic,First,5.0,4.25,20.51,998.0,67.0,Maruti,4,litre,2.1,0.22,9.545455,0.10238907849829351
Hyundai Verna 1.6 CRDi AT SX,Kochi,2016,42876,Diesel,Automatic,First,5.0,9.31,19.08,1582.0,126.2,Hyundai,4,litre,2.51,0.24,10.45833,0.13155136268343814
Maruti Alto LXi BSIII,Bangalore,2011,64000,Petrol,Manual,First,5.0,2.39,19.7,796.0,46.3,Maruti,9,litre,2.1,0.22,9.545455,0.10659898477157362
Volkswagen Vento 1.6 Comfortline,Kochi,2018,20488,Petrol,Manual,Second,5.0,7.64,16.09,1598.0,103.5,Volkswagen,2,litre,2.1,0.22,9.545455,0.1305158483530143
Maruti Baleno Zeta 1.2,Delhi,2016,21000,Petrol,Manual,First,5.0,6.21,21.4,1197.0,83.1,Maruti,4,litre,2.1,0.22,9.545455,0.09813084112149534
Land Rover Freelander 2 TD4 SE,Jaipur,2012,119203,Diesel,Automatic,First,5.0,16.5,0.0,2179.0,115.0,Land,8,litre,2.51,0.24,10.45833,0.12352941176470589
Honda CR-V 2.0L 2WD AT,Kochi,2011,55987,Petrol,Automatic,First,5.0,8.22,13.7,1997.0,153.86,Honda,9,litre,2.1,0.22,9.545455,0.15328467153284672
Toyota Fortuner 2.8 2WD MT,Coimbatore,2017,72668,Diesel,Manual,First,7.0,28.85,14.24,2755.0,174.5,Toyota,3,litre,2.51,0.24,10.45833,0.1762640449438202
Honda City V AT,Mumbai,2015,32000,Petrol,Automatic,First,5.0,8.5,15.6,1497.0,116.3,Honda,5,litre,2.1,0.22,9.545455,0.13461538461538464
Mercedes-Benz SLK-Class 55 AMG,Bangalore,2014,3000,Petrol,Automatic,Second,2.0,90.0,12.0,5461.0,421.0,Mercedes-Benz,6,litre,2.1,0.22,9.545455,0.17500000000000002
Honda City i-VTEC S,Mumbai,2015,10400,Petrol,Manual,First,5.0,6.51,17.4,1497.0,117.3,Honda,5,litre,2.1,0.22,9.545455,0.12068965517241381
Maruti Swift VDI,Mumbai,2013,35000,Diesel,Manual,First,5.0,4.65,22.9,1248.0,74.0,Maruti,7,litre,2.51,0.24,10.45833,0.10960698689956332
Toyota Corolla Altis 2008-2013 1.8 VL AT,Kochi,2013,55101,Petrol,Automatic,First,5.0,8.4,14.53,1794.0,138.1,Toyota,7,litre,2.1,0.22,9.545455,0.1445285615966965
Toyota Etios Cross 1.4L VD,Bangalore,2014,57464,Diesel,Manual,First,5.0,5.75,23.59,1364.0,67.06,Toyota,6,litre,2.51,0.24,10.45833,0.10640101738024586
Maruti Wagon R LX,Jaipur,2006,110000,Petrol,Manual,First,5.0,1.11,18.9,998.0,67.1,Maruti,14,litre,2.1,0.22,9.545455,0.11111111111111112
Fiat Punto 1.2 Dynamic,Kochi,2017,17941,Petrol,Manual,First,5.0,3.93,15.7,1493.0,97.7,Fiat,3,litre,2.1,0.22,9.545455,0.1337579617834395
Mercedes-Benz E-Class 2015-2017 E 200 CGI,Mumbai,2014,72000,Petrol,Automatic,First,5.0,17.25,12.0,1991.0,184.0,Mercedes-Benz,6,litre,2.1,0.22,9.545455,0.17500000000000002
Jaguar XF Aero Sport Edition,Delhi,2012,16000,Diesel,Automatic,First,5.0,32.0,16.36,2179.0,187.7,Jaguar,8,litre,2.51,0.24,10.45833,0.15342298288508557
Hyundai i20 Sportz Petrol,Kochi,2011,62020,Petrol,Manual,First,5.0,3.45,17.0,1197.0,80.0,Hyundai,9,litre,2.1,0.22,9.545455,0.12352941176470589
Land Rover Freelander 2 SE,Pune,2014,85000,Diesel,Automatic,Second,5.0,23.0,12.39,2179.0,147.51,Land,6,litre,2.51,0.24,10.45833,0.2025827280064568
Hyundai Elite i20 Petrol Sportz,Kochi,2018,14223,Petrol,Manual,First,5.0,7.32,18.6,1197.0,81.86,Hyundai,2,litre,2.1,0.22,9.545455,0.11290322580645161
Honda Amaze S i-Vtech,Jaipur,2014,41210,Petrol,Manual,First,5.0,4.4,18.0,1198.0,86.7,Honda,6,litre,2.1,0.22,9.545455,0.11666666666666667
Mercedes-Benz M-Class ML 350 4Matic,Bangalore,2015,20000,Diesel,Automatic,First,5.0,47.35,0.0,2987.0,165.0,Mercedes-Benz,5,litre,2.51,0.24,10.45833,0.12352941176470589
Maruti Alto 800 VXI,Coimbatore,2016,18043,Petrol,Manual,First,5.0,4.12,22.74,796.0,47.3,Maruti,4,litre,2.1,0.22,9.545455,0.09234828496042218
Toyota Innova Crysta 2.8 ZX AT,Chennai,2016,80000,Diesel,Automatic,First,7.0,19.5,11.36,2755.0,171.5,Toyota,4,litre,2.51,0.24,10.45833,0.2209507042253521
Hyundai Grand i10 AT Asta,Hyderabad,2016,21000,Petrol,Automatic,First,5.0,6.2,18.9,1197.0,82.0,Hyundai,4,litre,2.1,0.22,9.545455,0.11111111111111112
BMW X3 xDrive30d M Sport,Bangalore,2016,49000,Diesel,Automatic,First,5.0,45.0,16.55,2993.0,258.0,BMW,4,litre,2.51,0.24,10.45833,0.15166163141993955
Maruti 1000 AC,Hyderabad,1998,104000,Petrol,Manual,Second,5.0,0.85,15.0,970.0,97.7,Maruti,22,litre,2.1,0.22,9.545455,0.14
Hyundai i20 Magna,Chennai,2010,95000,Petrol,Manual,Second,5.0,2.8,18.5,1197.0,80.0,Hyundai,10,litre,2.1,0.22,9.545455,0.11351351351351352
Hyundai Grand i10 AT Asta,Pune,2015,32000,Petrol,Automatic,First,5.0,4.8,18.9,1197.0,82.0,Hyundai,5,litre,2.1,0.22,9.545455,0.11111111111111112
Hyundai Santro Xing XG,Pune,2003,80000,Petrol,Manual,Second,5.0,0.9,17.0,1493.0,97.7,Hyundai,17,litre,2.1,0.22,9.545455,0.12352941176470589
Ford Fiesta 1.5 TDCi Titanium,Hyderabad,2014,122800,Diesel,Manual,First,5.0,5.65,25.01,1498.0,89.75,Ford,6,litre,2.51,0.24,10.45833,0.10035985605757695
Mercedes-Benz E-Class 220 CDI,Ahmedabad,2011,78000,Diesel,Manual,Second,5.0,14.5,15.0,2148.0,97.7,Mercedes-Benz,9,litre,2.51,0.24,10.45833,0.1673333333333333
Maruti Swift Dzire VDI,Ahmedabad,2015,69000,Diesel,Manual,First,5.0,5.9,26.59,1248.0,74.0,Maruti,5,litre,2.51,0.24,10.45833,0.09439638962015795
Toyota Etios VXD,Pune,2015,65000,Diesel,Manual,Second,5.0,5.0,23.59,1364.0,67.04,Toyota,5,litre,2.51,0.24,10.45833,0.10640101738024586
Hyundai Xcent 1.2 Kappa Base,Ahmedabad,2015,23000,Petrol,Manual,First,5.0,4.9,19.1,1197.0,82.0,Hyundai,5,litre,2.1,0.22,9.545455,0.10994764397905758
Honda Civic 2006-2010 1.8 S MT,Ahmedabad,2009,70000,Petrol,Manual,First,5.0,4.25,13.5,1799.0,130.0,Honda,11,litre,2.1,0.22,9.545455,0.15555555555555556
Toyota Innova 2.5 GX (Diesel) 8 Seater,Chennai,2014,250000,Diesel,Manual,First,8.0,10.9,12.99,2494.0,100.6,Toyota,6,litre,2.51,0.24,10.45833,0.193225558121632
Hyundai Accent GLE,Delhi,2012,56000,Petrol,Manual,First,5.0,2.45,13.2,1495.0,94.0,Hyundai,8,litre,2.1,0.22,9.545455,0.15909090909090912
Maruti Alto 800 LXI,Pune,2013,30000,Petrol,Manual,First,5.0,2.5,22.74,796.0,47.3,Maruti,7,litre,2.1,0.22,9.545455,0.09234828496042218
Mercedes-Benz SL-Class SL 500,Kolkata,2010,35000,Petrol,Automatic,First,2.0,29.5,8.1,5461.0,387.3,Mercedes-Benz,10,litre,2.1,0.22,9.545455,0.2592592592592593
Ford Ecosport 1.5 DV5 MT Titanium Optional,Jaipur,2013,92250,Diesel,Manual,Second,5.0,5.75,22.7,1498.0,89.84,Ford,7,litre,2.51,0.24,10.45833,0.11057268722466959
Hyundai Xcent 1.2 VTVT E,Pune,2018,40000,Petrol,Manual,First,5.0,5.0,20.14,1197.0,81.86,Hyundai,2,litre,2.1,0.22,9.545455,0.10427010923535253
Skoda Rapid 1.6 MPI AT Ambition Plus,Kochi,2014,96848,Petrol,Automatic,First,5.0,4.62,14.3,1598.0,103.6,Skoda,6,litre,2.1,0.22,9.545455,0.14685314685314685
Audi Q3 2012-2015 35 TDI Quattro Premium Plus,Delhi,2016,42000,Diesel,Automatic,First,5.0,23.5,15.73,1968.0,174.33,Audi,4,litre,2.51,0.24,10.45833,0.15956770502225046
Mahindra XUV500 W8 2WD,Kolkata,2013,55886,Diesel,Manual,First,7.0,7.25,16.0,2179.0,140.0,Mahindra,7,litre,2.51,0.24,10.45833,0.156875
Hyundai Verna VTVT 1.6 SX Option,Kochi,2019,12336,Petrol,Manual,First,5.0,11.88,17.0,1591.0,121.3,Hyundai,1,litre,2.1,0.22,9.545455,0.12352941176470589
Hyundai Verna Xi (Petrol),Chennai,2009,60000,Petrol,Manual,Third,5.0,2.25,13.9,1599.0,103.2,Hyundai,11,litre,2.1,0.22,9.545455,0.1510791366906475
Ford Ikon 1.6 CLXI,Pune,2003,83000,Petrol,Manual,Second,5.0,0.85,14.2,1597.0,92.0,Ford,17,litre,2.1,0.22,9.545455,0.147887323943662
Nissan Micra Active XV,Pune,2018,24000,Petrol,Manual,First,5.0,4.0,19.69,1198.0,67.04,Nissan,2,litre,2.1,0.22,9.545455,0.10665312341289995
Honda Brio VX AT,Pune,2016,32198,Petrol,Automatic,First,5.0,5.1,16.5,1198.0,86.8,Honda,4,litre,2.1,0.22,9.545455,0.1272727272727273
Toyota Innova 2.5 GX (Diesel) 7 Seater,Hyderabad,2014,92247,Diesel,Manual,First,7.0,12.5,12.99,2494.0,100.6,Toyota,6,litre,2.51,0.24,10.45833,0.193225558121632
Volkswagen Vento 1.5 TDI Highline,Chennai,2011,121311,Diesel,Manual,First,5.0,2.9,20.64,1498.0,108.5,Volkswagen,9,litre,2.51,0.24,10.45833,0.12160852713178293
Mahindra XUV500 W10 AWD,Coimbatore,2016,66296,Diesel,Manual,First,7.0,15.96,16.0,2179.0,140.0,Mahindra,4,litre,2.51,0.24,10.45833,0.156875
Hyundai Xcent 1.2 Kappa AT SX Option,Mumbai,2015,41000,Petrol,Automatic,First,5.0,5.45,16.9,1197.0,82.0,Hyundai,5,litre,2.1,0.22,9.545455,0.12426035502958581
Ford Endeavour 2.2 Trend MT 4X4,Kochi,2017,38681,Diesel,Manual,First,7.0,23.86,13.5,2198.0,157.7,Ford,3,litre,2.51,0.24,10.45833,0.1859259259259259
Chevrolet Spark 1.0 LT,Kochi,2008,43761,Petrol,Manual,First,5.0,1.75,18.0,995.0,62.0,Chevrolet,12,litre,2.1,0.22,9.545455,0.11666666666666667
Maruti Ertiga SHVS VDI,Hyderabad,2017,17400,Diesel,Manual,First,7.0,9.75,24.52,1248.0,88.5,Maruti,3,litre,2.51,0.24,10.45833,0.10236541598694943
Honda Amaze S i-Dtech,Bangalore,2013,61510,Diesel,Manual,First,5.0,4.75,25.8,1498.0,98.6,Honda,7,litre,2.51,0.24,10.45833,0.09728682170542635
Honda City i VTEC S,Delhi,2014,60000,Petrol,Manual,First,5.0,6.25,17.4,1497.0,117.3,Honda,6,litre,2.1,0.22,9.545455,0.12068965517241381
Mini Cooper Countryman D,Bangalore,2014,35165,Diesel,Automatic,Second,5.0,22.0,23.8,1998.0,112.0,Mini,6,litre,2.51,0.24,10.45833,0.10546218487394957
Toyota Corolla Altis 2008-2013 1.8 VL AT,Kochi,2016,41617,Petrol,Automatic,First,5.0,14.14,14.53,1794.0,138.1,Toyota,4,litre,2.1,0.22,9.545455,0.1445285615966965
Hyundai Santro Xing XL eRLX Euro III,Kolkata,2005,45000,Petrol,Manual,First,5.0,0.95,17.0,1086.0,97.7,Hyundai,15,litre,2.1,0.22,9.545455,0.12352941176470589
Skoda Superb Elegance 1.8 TSI AT,Delhi,2014,65000,Petrol,Automatic,First,5.0,11.95,13.7,1798.0,157.75,Skoda,6,litre,2.1,0.22,9.545455,0.15328467153284672
Maruti Wagon R LXI BS IV,Delhi,2011,68000,Petrol,Manual,First,5.0,2.5,18.9,998.0,67.1,Maruti,9,litre,2.1,0.22,9.545455,0.11111111111111112
Hyundai i10 Era 1.1,Mumbai,2013,49000,Petrol,Manual,First,5.0,2.75,19.81,1086.0,68.05,Hyundai,7,litre,2.1,0.22,9.545455,0.1060070671378092
Tata Tiago 1.2 Revotron XT Option,Coimbatore,2019,16698,Petrol,Manual,First,5.0,5.85,23.84,1199.0,84.0,Tata,1,litre,2.1,0.22,9.545455,0.08808724832214765
Maruti Baleno Zeta 1.2,Ahmedabad,2016,30965,Petrol,Manual,First,5.0,6.25,21.4,1197.0,83.1,Maruti,4,litre,2.1,0.22,9.545455,0.09813084112149534
Volkswagen Vento 1.6 Highline,Mumbai,2014,56058,Petrol,Manual,First,5.0,4.95,15.04,1598.0,103.2,Volkswagen,6,litre,2.1,0.22,9.545455,0.1396276595744681
Hyundai Grand i10 1.2 Kappa Sportz Option,Pune,2017,15356,Petrol,Manual,First,5.0,4.75,18.9,1197.0,81.86,Hyundai,3,litre,2.1,0.22,9.545455,0.11111111111111112
Ford Figo Diesel EXI,Delhi,2013,54000,Diesel,Manual,First,5.0,2.55,20.0,1399.0,68.05,Ford,7,litre,2.51,0.24,10.45833,0.1255
Honda Civic 2010-2013 1.8 V AT Sunroof,Pune,2011,47000,Petrol,Automatic,Second,5.0,4.5,13.9,1799.0,130.3,Honda,9,litre,2.1,0.22,9.545455,0.1510791366906475
Maruti Alto 800 LXI,Kochi,2015,21652,Petrol,Manual,First,5.0,3.01,22.74,796.0,47.3,Maruti,5,litre,2.1,0.22,9.545455,0.09234828496042218
Land Rover Range Rover Evoque 2.0 TD4 HSE Dynamic,Hyderabad,2016,52000,Diesel,Automatic,First,5.0,42.0,15.68,1999.0,177.0,Land,4,litre,2.51,0.24,10.45833,0.1600765306122449
Audi A6 2.7 TDI,Kolkata,2010,35010,Diesel,Automatic,First,5.0,11.5,12.4,2698.0,179.5,Audi,10,litre,2.51,0.24,10.45833,0.20241935483870965
Mercedes-Benz E-Class 280 CDI,Hyderabad,2006,76662,Diesel,Automatic,First,5.0,10.99,11.0,2987.0,198.5,Mercedes-Benz,14,litre,2.51,0.24,10.45833,0.22818181818181815
Honda City 1.5 V AT Exclusive,Jaipur,2009,89000,Petrol,Automatic,First,5.0,3.71,17.0,1497.0,118.0,Honda,11,litre,2.1,0.22,9.545455,0.12352941176470589
Honda CR-V 2.4 4WD AT,Jaipur,2006,80000,Petrol,Automatic,Third,5.0,2.0,10.1,2354.0,152.0,Honda,14,litre,2.1,0.22,9.545455,0.20792079207920794
Maruti Ciaz 1.3 Alpha,Kochi,2018,39023,Diesel,Manual,First,5.0,9.48,28.09,1248.0,88.5,Maruti,2,litre,2.51,0.24,10.45833,0.08935564257742969
Maruti Wagon R LXI,Jaipur,2004,62000,Petrol,Manual,Second,5.0,1.25,18.9,998.0,67.1,Maruti,16,litre,2.1,0.22,9.545455,0.11111111111111112
Hyundai Creta 1.6 CRDi SX Option,Jaipur,2015,78046,Diesel,Manual,First,5.0,10.9,19.67,1582.0,126.2,Hyundai,5,litre,2.51,0.24,10.45833,0.1276054905948144
Maruti Ciaz VDi Plus SHVS,Kolkata,2015,34400,Diesel,Manual,First,5.0,5.5,28.09,1248.0,88.5,Maruti,5,litre,2.51,0.24,10.45833,0.08935564257742969
Hyundai EON D Lite Plus,Coimbatore,2016,64624,Petrol,Manual,First,5.0,3.71,21.1,814.0,55.2,Hyundai,4,litre,2.1,0.22,9.545455,0.0995260663507109
Maruti Ertiga VXI,Mumbai,2014,69192,Petrol,Manual,First,7.0,6.25,16.02,1373.0,93.7,Maruti,6,litre,2.1,0.22,9.545455,0.1310861423220974
Volkswagen Vento Diesel Highline,Chennai,2012,55000,Diesel,Manual,First,5.0,4.9,20.54,1598.0,103.6,Volkswagen,8,litre,2.51,0.24,10.45833,0.12220058422590067
Honda City 1.5 GXI,Mumbai,2005,81000,Petrol,Manual,Second,5.0,1.1,12.8,1493.0,100.0,Honda,15,litre,2.1,0.22,9.545455,0.1640625
Volkswagen Polo Petrol Trendline 1.2L,Kochi,2016,36733,Petrol,Manual,First,5.0,4.72,16.47,1198.0,73.9,Volkswagen,4,litre,2.1,0.22,9.545455,0.12750455373406194
Maruti Alto 800 2016-2019 CNG LXI,Kochi,2017,24310,CNG,Manual,First,4.0,3.7,33.44,796.0,40.3,Maruti,3,kg,2.5625,0.18,14.23611,0.07662978468899521
Mercedes-Benz GLA Class 200 CDI,Mumbai,2016,43022,Diesel,Automatic,First,5.0,24.85,17.9,2143.0,136.0,Mercedes-Benz,4,litre,2.51,0.24,10.45833,0.14022346368715083
Hyundai Santa Fe 4X2,Jaipur,2013,74000,Diesel,Manual,First,7.0,12.25,14.66,2199.0,194.3,Hyundai,7,litre,2.51,0.24,10.45833,0.17121418826739426
Maruti Swift VDI,Kolkata,2014,47000,Diesel,Manual,First,5.0,3.9,22.9,1248.0,74.0,Maruti,6,litre,2.51,0.24,10.45833,0.10960698689956332
Hyundai Elite i20 Sportz Plus,Kochi,2017,37460,Petrol,Manual,First,5.0,6.28,18.6,1197.0,81.86,Hyundai,3,litre,2.1,0.22,9.545455,0.11290322580645161
Mahindra Xylo E8 BS IV,Mumbai,2011,130000,Diesel,Manual,First,8.0,2.75,14.0,2498.0,112.0,Mahindra,9,litre,2.51,0.24,10.45833,0.17928571428571427
Hyundai Grand i10 Asta Option,Coimbatore,2017,31576,Petrol,Manual,First,5.0,7.85,18.9,1197.0,82.0,Hyundai,3,litre,2.1,0.22,9.545455,0.11111111111111112
Volkswagen Vento Petrol Highline,Mumbai,2011,66000,Petrol,Manual,First,5.0,2.95,15.04,1598.0,103.6,Volkswagen,9,litre,2.1,0.22,9.545455,0.1396276595744681
Honda Accord 2.4 A/T,Mumbai,2008,79000,Petrol,Automatic,Second,5.0,4.85,11.7,2354.0,177.6,Honda,12,litre,2.1,0.22,9.545455,0.17948717948717952
Mercedes-Benz S-Class S 350 d,Bangalore,2011,47140,Diesel,Automatic,Second,5.0,30.0,13.5,2925.0,281.61,Mercedes-Benz,9,litre,2.51,0.24,10.45833,0.1859259259259259
Mercedes-Benz B Class B200 CDI,Bangalore,2016,36610,Diesel,Automatic,First,5.0,19.9,15.0,2143.0,107.3,Mercedes-Benz,4,litre,2.51,0.24,10.45833,0.1673333333333333
Hyundai Creta 1.6 SX Option Diesel,Bangalore,2016,93000,Diesel,Manual,First,5.0,10.8,20.5,1582.0,126.2,Hyundai,4,litre,2.51,0.24,10.45833,0.12243902439024389
Maruti Alto LXI,Hyderabad,2007,52195,Petrol,Manual,First,5.0,1.75,19.7,796.0,46.3,Maruti,13,litre,2.1,0.22,9.545455,0.10659898477157362
Audi A3 35 TDI Premium,Mumbai,2016,20003,Diesel,Automatic,First,5.0,19.25,20.38,1968.0,143.0,Audi,4,litre,2.51,0.24,10.45833,0.12315996074582924
Renault Duster 85PS Diesel RxL,Delhi,2013,66314,Diesel,Manual,First,5.0,5.5,19.87,1461.0,83.8,Renault,7,litre,2.51,0.24,10.45833,0.1263210870659285
Ford Fiesta 1.4 ZXi TDCi ABS,Chennai,2009,76000,Diesel,Manual,First,5.0,2.75,17.8,1399.0,68.0,Ford,11,litre,2.51,0.24,10.45833,0.14101123595505616
Hyundai Creta 1.6 SX Plus Diesel,Bangalore,2015,29000,Diesel,Manual,First,5.0,13.0,19.67,1582.0,126.2,Hyundai,5,litre,2.51,0.24,10.45833,0.1276054905948144
Ford Figo Diesel ZXI,Mumbai,2011,30000,Diesel,Manual,First,5.0,3.2,20.0,1399.0,68.0,Ford,9,litre,2.51,0.24,10.45833,0.1255
Volkswagen Polo Petrol Highline 1.6L,Coimbatore,2013,56526,Petrol,Manual,First,5.0,5.84,15.26,1598.0,103.5,Volkswagen,7,litre,2.1,0.22,9.545455,0.13761467889908258
Volvo V40 D3 R Design,Hyderabad,2015,38000,Diesel,Automatic,Second,5.0,24.0,16.8,1969.0,150.0,Volvo,5,litre,2.51,0.24,10.45833,0.14940476190476187
Hyundai Verna SX CRDi AT,Chennai,2012,41000,Diesel,Automatic,First,5.0,6.25,19.08,1582.0,126.32,Hyundai,8,litre,2.51,0.24,10.45833,0.13155136268343814
BMW 7 Series 2007-2012 730Ld,Hyderabad,2009,53000,Diesel,Automatic,First,5.0,36.0,14.49,2993.0,258.0,BMW,11,litre,2.51,0.24,10.45833,0.1732229123533471
Mitsubishi Lancer GLXD,Chennai,2003,125000,Diesel,Manual,Third,5.0,3.0,14.8,1998.0,68.0,Mitsubishi,17,litre,2.51,0.24,10.45833,0.16959459459459458
Toyota Fortuner 3.0 Diesel,Chennai,2010,242000,Diesel,Manual,First,7.0,11.0,11.5,2982.0,171.0,Toyota,10,litre,2.51,0.24,10.45833,0.21826086956521737
Maruti Ciaz VDi Plus,Chennai,2015,90000,Diesel,Manual,First,5.0,6.5,26.21,1248.0,88.5,Maruti,5,litre,2.51,0.24,10.45833,0.09576497520030522
Maruti Vitara Brezza VDi Option,Hyderabad,2018,11000,Diesel,Manual,First,5.0,9.4,24.3,1248.0,88.5,Maruti,2,litre,2.51,0.24,10.45833,0.10329218106995884
BMW 3 Series Luxury Line,Kochi,2018,21936,Diesel,Automatic,First,5.0,37.92,21.76,1995.0,190.0,BMW,2,litre,2.51,0.24,10.45833,0.11534926470588233
Volkswagen Vento Petrol Highline AT,Pune,2013,41000,Petrol,Automatic,First,5.0,5.25,14.4,1598.0,103.6,Volkswagen,7,litre,2.1,0.22,9.545455,0.14583333333333334
Hyundai i20 1.2 Asta,Chennai,2011,47000,Petrol,Manual,First,5.0,4.5,17.0,1197.0,80.0,Hyundai,9,litre,2.1,0.22,9.545455,0.12352941176470589
BMW X5 3.0d,Chennai,2009,110000,Diesel,Automatic,First,5.0,18.0,11.0,2993.0,235.0,BMW,11,litre,2.51,0.24,10.45833,0.22818181818181815
Hyundai Xcent 1.2 Kappa S,Coimbatore,2015,45960,Petrol,Manual,First,5.0,5.56,19.1,1197.0,82.0,Hyundai,5,litre,2.1,0.22,9.545455,0.10994764397905758
Mercedes-Benz E-Class 2009-2013 E250 CDI Blue Efficiency,Bangalore,2013,48000,Diesel,Automatic,First,5.0,22.0,14.21,2143.0,203.0,Mercedes-Benz,7,litre,2.51,0.24,10.45833,0.17663617171006332
Land Rover Freelander 2 SE,Hyderabad,2011,68000,Diesel,Automatic,First,5.0,22.0,12.39,2179.0,147.51,Land,9,litre,2.51,0.24,10.45833,0.2025827280064568
Hyundai i10 Magna,Mumbai,2011,41000,Petrol,Manual,First,5.0,2.65,20.36,1197.0,78.9,Hyundai,9,litre,2.1,0.22,9.545455,0.1031434184675835
Hyundai Verna 1.6 SX CRDi (O),Jaipur,2013,69573,Diesel,Manual,Second,5.0,5.85,22.32,1582.0,126.32,Hyundai,7,litre,2.51,0.24,10.45833,0.11245519713261648
Volkswagen Jetta 2012-2014 2.0L TDI Highline,Chennai,2012,115000,Diesel,Manual,First,5.0,6.95,19.33,1968.0,138.1,Volkswagen,8,litre,2.51,0.24,10.45833,0.1298499741334713
Mahindra XUV500 W8 2WD,Kolkata,2012,47629,Diesel,Manual,First,7.0,6.5,15.1,2179.0,140.0,Mahindra,8,litre,2.51,0.24,10.45833,0.1662251655629139
Maruti Omni 8 Seater BSII,Jaipur,2004,66624,Petrol,Manual,Third,8.0,0.85,19.7,796.0,35.0,Maruti,16,litre,2.1,0.22,9.545455,0.10659898477157362
Skoda Superb Style 1.8 TSI AT,Delhi,2013,80000,Petrol,Automatic,Second,5.0,7.25,14.67,1798.0,177.46,Skoda,7,litre,2.1,0.22,9.545455,0.14314928425357873
Maruti Swift VDI,Pune,2012,94868,Diesel,Manual,First,5.0,4.5,22.9,1248.0,74.0,Maruti,8,litre,2.51,0.24,10.45833,0.10960698689956332
Mahindra Scorpio 2.6 LX,Mumbai,2010,76477,Diesel,Manual,First,8.0,4.25,10.5,2179.0,120.0,Mahindra,10,litre,2.51,0.24,10.45833,0.23904761904761904
Mercedes-Benz GLA Class 200 Sport Edition,Chennai,2016,28000,Petrol,Automatic,First,5.0,26.0,13.7,1991.0,183.0,Mercedes-Benz,4,litre,2.1,0.22,9.545455,0.15328467153284672
Mahindra Thar CRDe,Coimbatore,2017,28599,Diesel,Manual,First,6.0,9.66,16.55,2498.0,105.0,Mahindra,3,litre,2.51,0.24,10.45833,0.15166163141993955
Renault Duster 110PS Diesel RxZ,Bangalore,2013,45348,Diesel,Manual,Second,5.0,6.85,19.01,1461.0,108.45,Renault,7,litre,2.51,0.24,10.45833,0.13203577064702784
Audi Q5 2008-2012 2.0 TDI,Coimbatore,2013,80127,Diesel,Automatic,First,5.0,23.68,12.8,1968.0,167.6,Audi,7,litre,2.51,0.24,10.45833,0.19609374999999998
Land Rover Freelander 2 SE,Delhi,2013,68000,Diesel,Automatic,Second,5.0,15.75,12.39,2179.0,147.51,Land,7,litre,2.51,0.24,10.45833,0.2025827280064568
Volkswagen Vento Diesel Comfortline,Pune,2012,75000,Diesel,Manual,Third,5.0,3.5,20.54,1598.0,103.6,Volkswagen,8,litre,2.51,0.24,10.45833,0.12220058422590067
BMW 5 Series 2003-2012 540i Sedan,Delhi,2006,48000,Petrol,Automatic,Second,5.0,6.99,11.62,2979.0,306.0,BMW,14,litre,2.1,0.22,9.545455,0.1807228915662651
Hyundai Elantra CRDi SX,Coimbatore,2019,41871,Diesel,Manual,First,5.0,15.57,22.7,1582.0,126.2,Hyundai,1,litre,2.51,0.24,10.45833,0.11057268722466959
Tata Sumo EX,Coimbatore,2015,84931,Diesel,Manual,First,7.0,5.29,15.3,2956.0,83.8,Tata,5,litre,2.51,0.24,10.45833,0.16405228758169932
Datsun redi-GO T,Kolkata,2016,15000,Petrol,Manual,First,5.0,2.25,22.7,799.0,53.64,Datsun,4,litre,2.1,0.22,9.545455,0.09251101321585904
BMW X5 xDrive 30d,Chennai,2009,110000,Diesel,Automatic,First,5.0,20.0,11.7,2993.0,245.0,BMW,11,litre,2.51,0.24,10.45833,0.21452991452991452
BMW 6 Series 630i Coupe,Mumbai,2011,5900,Petrol,Automatic,First,4.0,47.5,7.94,4395.0,450.0,BMW,9,litre,2.1,0.22,9.545455,0.26448362720403024
Maruti Alto Vxi 1.1,Chennai,2002,103653,Petrol,Manual,Second,5.0,1.22,18.9,1061.0,47.0,Maruti,18,litre,2.1,0.22,9.545455,0.11111111111111112
Volkswagen Polo Petrol Comfortline 1.2L,Chennai,2012,64806,Petrol,Manual,First,5.0,3.65,16.47,1198.0,73.9,Volkswagen,8,litre,2.1,0.22,9.545455,0.12750455373406194
Datsun GO Plus A,Pune,2016,35000,Petrol,Manual,First,7.0,3.1,20.62,1198.0,67.0,Datsun,4,litre,2.1,0.22,9.545455,0.10184287099903007
Hyundai Creta 1.6 VTVT S,Bangalore,2016,40000,Petrol,Manual,First,5.0,11.5,15.29,1591.0,121.3,Hyundai,4,litre,2.1,0.22,9.545455,0.13734466971877046
Maruti Alto K10 VXI,Kochi,2015,23876,Petrol,Manual,First,5.0,3.46,24.07,998.0,67.1,Maruti,5,litre,2.1,0.22,9.545455,0.08724553385957624
Hyundai Santa Fe 4X4,Coimbatore,2013,67901,Diesel,Manual,First,7.0,8.38,14.66,2199.0,194.3,Hyundai,7,litre,2.51,0.24,10.45833,0.17121418826739426
Volkswagen Polo GT TDI,Pune,2014,68865,Diesel,Manual,First,5.0,4.8,15.11,1598.0,103.6,Volkswagen,6,litre,2.51,0.24,10.45833,0.16611515552614162
Honda Amaze S i-Dtech,Pune,2014,71000,Diesel,Manual,Second,5.0,4.5,25.8,1498.0,98.6,Honda,6,litre,2.51,0.24,10.45833,0.09728682170542635
Maruti Esteem Vxi,Chennai,2004,95000,Petrol,Manual,First,5.0,0.8,15.9,1298.0,97.7,Maruti,16,litre,2.1,0.22,9.545455,0.1320754716981132
Maruti Swift VDI,Kolkata,2014,25000,Diesel,Manual,First,5.0,3.95,22.9,1248.0,74.0,Maruti,6,litre,2.51,0.24,10.45833,0.10960698689956332
Skoda Rapid 1.6 TDI Ambition,Hyderabad,2012,180000,Diesel,Manual,First,5.0,3.65,20.5,1598.0,103.5,Skoda,8,litre,2.51,0.24,10.45833,0.12243902439024389
Mercedes-Benz E-Class 280 CDI,Mumbai,2005,131000,Diesel,Automatic,First,5.0,10.0,11.0,2987.0,198.5,Mercedes-Benz,15,litre,2.51,0.24,10.45833,0.22818181818181815
Mahindra Scorpio SLE BSIV,Delhi,2011,65000,Diesel,Manual,Second,8.0,4.0,12.05,2179.0,120.0,Mahindra,9,litre,2.51,0.24,10.45833,0.20829875518672197
Nissan Sunny 2011-2014 Diesel XL,Hyderabad,2012,117777,Diesel,Manual,First,5.0,4.75,21.64,1461.0,84.8,Nissan,8,litre,2.51,0.24,10.45833,0.11598890942698704
Maruti Swift Dzire VXi,Bangalore,2009,65000,Petrol,Manual,Second,5.0,3.1,17.5,1298.0,85.8,Maruti,11,litre,2.1,0.22,9.545455,0.12000000000000001
Hyundai EON Sportz,Kochi,2017,46897,Petrol,Manual,First,5.0,3.61,21.1,814.0,55.2,Hyundai,3,litre,2.1,0.22,9.545455,0.0995260663507109
Honda Brio S MT,Coimbatore,2015,36695,Petrol,Manual,First,5.0,4.29,19.4,1198.0,86.8,Honda,5,litre,2.1,0.22,9.545455,0.10824742268041239
Nissan Micra XV Primo,Kolkata,2011,43000,Petrol,Manual,First,5.0,2.13,18.06,1198.0,75.0,Nissan,9,litre,2.1,0.22,9.545455,0.11627906976744187
Maruti Alto LXi BSII,Mumbai,2008,54000,Petrol,Manual,First,5.0,1.1,19.7,796.0,46.3,Maruti,12,litre,2.1,0.22,9.545455,0.10659898477157362
BMW 3 Series 320d,Hyderabad,2011,89000,Diesel,Automatic,First,5.0,13.95,22.69,1995.0,190.0,BMW,9,litre,2.51,0.24,10.45833,0.11062141912736886
Volkswagen Polo 1.2 MPI Highline,Mumbai,2014,7000,Petrol,Manual,First,5.0,5.35,16.47,1198.0,74.0,Volkswagen,6,litre,2.1,0.22,9.545455,0.12750455373406194
Maruti Celerio LXI,Hyderabad,2014,58470,Petrol,Manual,First,5.0,3.9,23.1,998.0,67.04,Maruti,6,litre,2.1,0.22,9.545455,0.09090909090909091
Maruti Wagon R VXI 1.2,Kolkata,2014,37000,Petrol,Manual,First,5.0,2.8,21.5,1197.0,81.8,Maruti,6,litre,2.1,0.22,9.545455,0.09767441860465116
Maruti Ciaz ZDi Plus,Mumbai,2016,29000,Diesel,Manual,First,5.0,8.75,26.21,1248.0,88.5,Maruti,4,litre,2.51,0.24,10.45833,0.09576497520030522
Audi A4 2.0 TDI,Hyderabad,2013,52000,Diesel,Automatic,First,5.0,19.5,16.55,1968.0,147.51,Audi,7,litre,2.51,0.24,10.45833,0.15166163141993955
Honda Brio S MT,Kolkata,2013,32807,Petrol,Manual,First,5.0,2.75,19.4,1198.0,86.8,Honda,7,litre,2.1,0.22,9.545455,0.10824742268041239
Mahindra Scorpio VLX 2WD AT BSIV,Hyderabad,2013,86000,Diesel,Automatic,First,8.0,8.0,11.79,2179.0,120.0,Mahindra,7,litre,2.51,0.24,10.45833,0.21289228159457166
Honda City i DTEC V,Delhi,2014,66500,Diesel,Manual,First,5.0,5.7,26.0,1498.0,98.6,Honda,6,litre,2.51,0.24,10.45833,0.09653846153846153
BMW X1 sDrive20d,Ahmedabad,2012,94000,Diesel,Automatic,First,5.0,12.5,17.05,1995.0,184.0,BMW,8,litre,2.51,0.24,10.45833,0.14721407624633429
Chevrolet Spark 1.0 LT,Chennai,2011,29000,Petrol,Manual,Second,5.0,1.75,18.0,995.0,62.0,Chevrolet,9,litre,2.1,0.22,9.545455,0.11666666666666667
Ford Figo Diesel EXI,Chennai,2010,107389,Diesel,Manual,Second,5.0,1.9,20.0,1399.0,68.0,Ford,10,litre,2.51,0.24,10.45833,0.1255
Maruti Swift VXI BSIV,Ahmedabad,2015,36100,Petrol,Manual,First,5.0,4.5,20.4,1197.0,81.8,Maruti,5,litre,2.1,0.22,9.545455,0.10294117647058824
Mercedes-Benz New C-Class C 220 CDI Avantgarde,Mumbai,2015,16329,Diesel,Automatic,First,5.0,30.3,19.27,2143.0,170.0,Mercedes-Benz,5,litre,2.51,0.24,10.45833,0.1302542812662169
Skoda Octavia Elegance 2.0 TDI AT,Hyderabad,2014,36000,Diesel,Automatic,First,5.0,16.0,19.3,1968.0,141.0,Skoda,6,litre,2.51,0.24,10.45833,0.13005181347150258
BMW X3 xDrive20d xLine,Kochi,2017,41816,Diesel,Automatic,First,5.0,32.78,18.56,1995.0,190.0,BMW,3,litre,2.51,0.24,10.45833,0.13523706896551724
Hyundai EON Era Plus,Jaipur,2015,54680,Petrol,Manual,First,5.0,2.5,21.1,814.0,55.2,Hyundai,5,litre,2.1,0.22,9.545455,0.0995260663507109
Audi A4 35 TDI Technology,Hyderabad,2017,14000,Diesel,Automatic,First,5.0,43.0,18.25,1968.0,187.74,Audi,3,litre,2.51,0.24,10.45833,0.13753424657534247
Ford Figo 2015-2019 1.2P Titanium MT,Kochi,2017,23977,Petrol,Manual,First,5.0,5.38,18.16,1196.0,86.8,Ford,3,litre,2.1,0.22,9.545455,0.1156387665198238
Maruti Alto K10 2010-2014 VXI,Hyderabad,2013,30131,Petrol,Manual,First,5.0,2.65,20.92,998.0,67.1,Maruti,7,litre,2.1,0.22,9.545455,0.10038240917782026
Maruti Alto 800 2016-2019 VXI,Hyderabad,2017,2530,Petrol,Manual,First,5.0,3.3,24.7,796.0,47.3,Maruti,3,litre,2.1,0.22,9.545455,0.08502024291497977
Mercedes-Benz New C-Class C 220 CDI Style,Hyderabad,2015,39000,Diesel,Automatic,First,5.0,34.0,19.27,2143.0,167.62,Mercedes-Benz,5,litre,2.51,0.24,10.45833,0.1302542812662169
Hyundai Santro D Lite,Chennai,2001,140000,Petrol,Manual,Third,5.0,0.7,20.3,1086.0,68.0,Hyundai,19,litre,2.1,0.22,9.545455,0.10344827586206896
Hyundai Xcent 1.1 CRDi S,Kochi,2017,32257,Diesel,Manual,First,5.0,6.83,24.4,1120.0,71.0,Hyundai,3,litre,2.51,0.24,10.45833,0.10286885245901639
Honda Amaze S i-Dtech,Kochi,2016,46983,Diesel,Manual,First,5.0,5.77,25.8,1498.0,98.6,Honda,4,litre,2.51,0.24,10.45833,0.09728682170542635
Maruti Swift Vdi BSIII,Chennai,2008,107000,Diesel,Manual,Second,5.0,3.1,17.8,1248.0,75.0,Maruti,12,litre,2.51,0.24,10.45833,0.14101123595505616
Volkswagen Polo 1.2 MPI Comfortline,Mumbai,2017,19000,Petrol,Manual,First,5.0,4.95,16.2,1199.0,74.0,Volkswagen,3,litre,2.1,0.22,9.545455,0.12962962962962965
Audi A4 2.0 TDI 177 Bhp Premium Plus,Bangalore,2013,88000,Diesel,Automatic,First,5.0,16.25,17.11,1968.0,174.33,Audi,7,litre,2.51,0.24,10.45833,0.146697837521917
Land Rover Range Rover 3.6 TDV8 Vogue SE,Coimbatore,2012,84384,Diesel,Automatic,First,7.0,52.54,10.2,4367.0,308.0,Land,8,litre,2.51,0.24,10.45833,0.246078431372549
Mahindra XUV500 W8 2WD,Chennai,2011,128000,Diesel,Manual,Third,7.0,6.4,16.0,2179.0,140.0,Mahindra,9,litre,2.51,0.24,10.45833,0.156875
Ford Endeavour 2.5L 4X2,Bangalore,2011,71000,Diesel,Manual,Third,7.0,6.95,13.1,2499.0,141.0,Ford,9,litre,2.51,0.24,10.45833,0.1916030534351145
Tata Indica V2 DLX,Kolkata,2008,50000,Diesel,Manual,First,5.0,0.85,17.2,1396.0,53.5,Tata,12,litre,2.51,0.24,10.45833,0.14593023255813953
Maruti Baleno Alpha,Chennai,2016,16000,Petrol,Manual,First,5.0,6.95,21.4,1197.0,83.1,Maruti,4,litre,2.1,0.22,9.545455,0.09813084112149534
Hyundai Xcent 1.1 CRDi Base,Kolkata,2017,82000,Diesel,Manual,First,5.0,3.45,24.4,1120.0,71.0,Hyundai,3,litre,2.51,0.24,10.45833,0.10286885245901639
Honda Civic 2006-2010 1.8 S MT,Delhi,2008,80000,Petrol,Manual,First,5.0,2.75,13.5,1799.0,130.0,Honda,12,litre,2.1,0.22,9.545455,0.15555555555555556
Hyundai i20 Sportz Option 1.2,Delhi,2015,36000,Petrol,Manual,Second,5.0,4.95,18.6,1197.0,81.83,Hyundai,5,litre,2.1,0.22,9.545455,0.11290322580645161
Tata Nexon 1.2 Revotron XZ Plus,Coimbatore,2018,17477,Petrol,Manual,First,5.0,9.62,17.0,1198.0,108.5,Tata,2,litre,2.1,0.22,9.545455,0.12352941176470589
Hyundai i20 Sportz 1.2,Coimbatore,2016,16725,Petrol,Manual,First,5.0,6.79,18.6,1197.0,81.83,Hyundai,4,litre,2.1,0.22,9.545455,0.11290322580645161
Maruti Swift Dzire ZXI,Mumbai,2014,48241,Petrol,Manual,First,5.0,4.5,19.1,1197.0,85.8,Maruti,6,litre,2.1,0.22,9.545455,0.10994764397905758
Maruti Wagon R LXI,Kochi,2014,52431,Petrol,Manual,First,5.0,3.01,22.5,998.0,67.04,Maruti,6,litre,2.1,0.22,9.545455,0.09333333333333334
Hyundai i20 Sportz 1.4 CRDi,Bangalore,2012,68000,Diesel,Manual,First,5.0,4.4,21.9,1396.0,88.76,Hyundai,8,litre,2.51,0.24,10.45833,0.11461187214611872
Toyota Fortuner 4x2 AT,Hyderabad,2012,158000,Diesel,Automatic,First,7.0,17.49,12.55,2982.0,168.5,Toyota,8,litre,2.51,0.24,10.45833,0.19999999999999998
Hyundai i10 Sportz,Coimbatore,2014,31446,Petrol,Manual,First,5.0,4.66,20.36,1197.0,78.9,Hyundai,6,litre,2.1,0.22,9.545455,0.1031434184675835
Hyundai Grand i10 Asta,Chennai,2015,25000,Petrol,Manual,First,5.0,5.5,18.9,1197.0,82.0,Hyundai,5,litre,2.1,0.22,9.545455,0.11111111111111112
Hyundai i20 Asta 1.2,Ahmedabad,2016,57000,Petrol,Manual,First,5.0,6.0,18.6,1197.0,81.83,Hyundai,4,litre,2.1,0.22,9.545455,0.11290322580645161
Hyundai Santro Xing XL AT eRLX Euro II,Hyderabad,2007,76000,Petrol,Automatic,First,5.0,2.4,17.0,1086.0,97.7,Hyundai,13,litre,2.1,0.22,9.545455,0.12352941176470589
Maruti Vitara Brezza ZDi Plus,Kochi,2018,57078,Diesel,Manual,First,5.0,10.19,24.3,1248.0,88.5,Maruti,2,litre,2.51,0.24,10.45833,0.10329218106995884
Honda Amaze S i-Dtech,Kochi,2016,47471,Diesel,Manual,First,5.0,5.25,25.8,1498.0,98.6,Honda,4,litre,2.51,0.24,10.45833,0.09728682170542635
Mercedes-Benz M-Class ML 250 CDI,Hyderabad,2014,50000,Diesel,Automatic,First,5.0,45.0,15.26,2143.0,203.2,Mercedes-Benz,6,litre,2.51,0.24,10.45833,0.16448230668414154
Hyundai i20 Sportz Diesel,Ahmedabad,2010,62000,Diesel,Manual,First,5.0,2.7,23.0,1396.0,90.0,Hyundai,10,litre,2.51,0.24,10.45833,0.10913043478260868
Hyundai i10 Era,Coimbatore,2013,65807,Petrol,Manual,First,5.0,3.39,19.81,1086.0,68.05,Hyundai,7,litre,2.1,0.22,9.545455,0.1060070671378092
Maruti Swift Dzire VDI,Hyderabad,2014,81768,Diesel,Manual,First,5.0,5.69,26.59,1248.0,74.0,Maruti,6,litre,2.51,0.24,10.45833,0.09439638962015795
BMW Z4 2009-2013 Roadster 2.5i,Kochi,2018,9952,Petrol,Automatic,First,2.0,58.54,10.37,2979.0,306.0,BMW,2,litre,2.1,0.22,9.545455,0.2025072324011572
Maruti Baleno Alpha Diesel,Hyderabad,2017,24000,Diesel,Manual,First,5.0,8.4,27.39,1248.0,74.0,Maruti,3,litre,2.51,0.24,10.45833,0.09163928441036874
Chevrolet Beat Diesel,Hyderabad,2012,72921,Diesel,Manual,First,5.0,2.5,25.44,936.0,57.6,Chevrolet,8,litre,2.51,0.24,10.45833,0.09866352201257861
Honda Brio V MT,Pune,2012,59000,Petrol,Manual,First,5.0,3.25,19.4,1198.0,86.8,Honda,8,litre,2.1,0.22,9.545455,0.10824742268041239
Ford Figo Diesel Titanium,Mumbai,2014,33000,Diesel,Manual,Second,5.0,3.25,20.0,1399.0,68.05,Ford,6,litre,2.51,0.24,10.45833,0.1255
Maruti Celerio VXI AT,Pune,2016,36789,Petrol,Automatic,First,5.0,4.25,23.1,998.0,67.04,Maruti,4,litre,2.1,0.22,9.545455,0.09090909090909091
Mercedes-Benz New C-Class C 220 CDI Elegance AT,Jaipur,2014,41000,Diesel,Automatic,First,5.0,18.5,14.84,2143.0,170.0,Mercedes-Benz,6,litre,2.51,0.24,10.45833,0.1691374663072776
Hyundai Santro Xing XL AT eRLX Euro III,Hyderabad,2007,71000,Petrol,Automatic,First,5.0,2.4,17.0,1086.0,97.7,Hyundai,13,litre,2.1,0.22,9.545455,0.12352941176470589
Honda Brio S MT,Jaipur,2015,46650,Petrol,Manual,First,5.0,4.25,19.4,1198.0,86.8,Honda,5,litre,2.1,0.22,9.545455,0.10824742268041239
Maruti Baleno Alpha CVT,Mumbai,2018,3000,Petrol,Automatic,First,5.0,8.85,21.4,1197.0,83.1,Maruti,2,litre,2.1,0.22,9.545455,0.09813084112149534
Hyundai EON Sportz,Coimbatore,2014,14799,Petrol,Manual,First,5.0,4.14,21.1,814.0,55.2,Hyundai,6,litre,2.1,0.22,9.545455,0.0995260663507109
Toyota Prius 2009-2016 Z4,Mumbai,2011,44000,Electric,Automatic,First,5.0,12.75,18.15,1798.0,73.0,Toyota,9,kWh,0.212,0.19,1.0,0.011680440771349863
Hyundai i20 1.4 CRDi Sportz,Hyderabad,2015,68525,Diesel,Manual,First,5.0,7.0,23.0,1396.0,90.0,Hyundai,5,litre,2.51,0.24,10.45833,0.10913043478260868
Ford Endeavour 3.2 Titanium AT 4X4,Hyderabad,2018,15000,Diesel,Automatic,First,7.0,33.0,10.91,3198.0,197.0,Ford,2,litre,2.51,0.24,10.45833,0.23006416131989
Honda City i-VTEC VX,Ahmedabad,2017,29000,Petrol,Manual,First,5.0,10.0,17.4,1497.0,117.3,Honda,3,litre,2.1,0.22,9.545455,0.12068965517241381
Maruti SX4 ZDI,Kochi,2012,77407,Diesel,Manual,Second,5.0,3.53,21.5,1248.0,88.8,Maruti,8,litre,2.51,0.24,10.45833,0.11674418604651161
Chevrolet Optra Magnum 1.6 LS Petrol,Jaipur,2007,118000,Petrol,Manual,First,5.0,1.35,12.9,1598.0,102.5,Chevrolet,13,litre,2.1,0.22,9.545455,0.16279069767441862
Volkswagen Vento Diesel Highline,Delhi,2013,75000,Diesel,Manual,First,5.0,4.5,20.54,1598.0,103.6,Volkswagen,7,litre,2.51,0.24,10.45833,0.12220058422590067
Honda City V MT,Pune,2012,69000,Petrol,Manual,First,5.0,4.9,16.8,1497.0,116.3,Honda,8,litre,2.1,0.22,9.545455,0.125
Hyundai Creta 1.6 CRDi SX Option,Kochi,2016,52553,Diesel,Manual,First,5.0,12.26,19.67,1582.0,126.2,Hyundai,4,litre,2.51,0.24,10.45833,0.1276054905948144
Hyundai Xcent 1.1 CRDi SX,Mumbai,2014,58000,Diesel,Manual,Second,5.0,3.99,24.4,1120.0,71.0,Hyundai,6,litre,2.51,0.24,10.45833,0.10286885245901639
Mercedes-Benz GLC 220d 4MATIC Style,Mumbai,2017,24000,Diesel,Automatic,First,5.0,46.95,17.9,2143.0,170.0,Mercedes-Benz,3,litre,2.51,0.24,10.45833,0.14022346368715083
Ford Figo Diesel EXI,Hyderabad,2015,65542,Diesel,Manual,First,5.0,3.8,20.0,1399.0,68.0,Ford,5,litre,2.51,0.24,10.45833,0.1255
Volkswagen Jetta 2007-2011 2.0 TDI Trendline,Ahmedabad,2013,68008,Diesel,Manual,Second,5.0,6.75,15.0,1896.0,105.0,Volkswagen,7,litre,2.51,0.24,10.45833,0.1673333333333333
Mahindra TUV 300 2015-2019 T8,Coimbatore,2017,22251,Diesel,Manual,First,7.0,8.75,18.49,1493.0,100.0,Mahindra,3,litre,2.51,0.24,10.45833,0.1357490535424554
Ford Ecosport 1.5 Ti VCT MT Titanium,Chennai,2013,55000,Petrol,Manual,Second,5.0,5.2,15.8,1499.0,110.0,Ford,7,litre,2.1,0.22,9.545455,0.13291139240506328
Hyundai Verna 1.6 SX VTVT (O),Kochi,2017,19387,Petrol,Manual,First,5.0,8.42,17.1,1591.0,121.3,Hyundai,3,litre,2.1,0.22,9.545455,0.12280701754385964
Maruti Wagon R LXI CNG,Pune,2014,58000,CNG,Manual,First,5.0,3.0,26.6,998.0,58.16,Maruti,6,kg,2.5625,0.18,14.23611,0.09633458646616541
Hyundai i20 Sportz 1.2,Mumbai,2016,24001,Petrol,Manual,First,5.0,5.75,18.6,1197.0,81.83,Hyundai,4,litre,2.1,0.22,9.545455,0.11290322580645161
Audi A4 New 2.0 TDI Multitronic,Kolkata,2008,17000,Diesel,Automatic,First,5.0,9.75,15.2,1968.0,140.8,Audi,12,litre,2.51,0.24,10.45833,0.1651315789473684
Nissan Micra Active XV S,Delhi,2015,28500,Petrol,Manual,First,5.0,3.5,19.49,1198.0,67.04,Nissan,5,litre,2.1,0.22,9.545455,0.107747562852745
Mercedes-Benz M-Class ML 250 CDI,Jaipur,2014,66000,Diesel,Automatic,First,5.0,30.0,15.26,2143.0,203.2,Mercedes-Benz,6,litre,2.51,0.24,10.45833,0.16448230668414154
Land Rover Discovery Sport TD4 S,Delhi,2017,22000,Diesel,Automatic,First,5.0,35.0,12.83,2179.0,147.5,Land,3,litre,2.51,0.24,10.45833,0.19563522992985188
Hyundai Creta 1.6 SX Option Executive,Coimbatore,2018,44383,Petrol,Manual,First,5.0,13.25,15.8,1591.0,121.3,Hyundai,2,litre,2.1,0.22,9.545455,0.13291139240506328
Skoda Rapid 1.6 TDI Active,Mumbai,2013,45000,Diesel,Manual,First,5.0,3.65,20.5,1598.0,103.5,Skoda,7,litre,2.51,0.24,10.45833,0.12243902439024389
Maruti Swift Dzire VDI,Jaipur,2015,58000,Diesel,Manual,First,5.0,5.25,23.4,1248.0,74.0,Maruti,5,litre,2.51,0.24,10.45833,0.10726495726495726
Hyundai Creta 1.6 SX,Delhi,2016,69000,Petrol,Manual,First,5.0,9.7,15.8,1591.0,121.3,Hyundai,4,litre,2.1,0.22,9.545455,0.13291139240506328
Hyundai Grand i10 CRDi Sportz,Coimbatore,2017,60993,Diesel,Manual,First,5.0,5.21,24.0,1120.0,70.0,Hyundai,3,litre,2.51,0.24,10.45833,0.10458333333333332
Mahindra TUV 300 T8,Pune,2016,67000,Diesel,Manual,First,7.0,6.3,18.49,1493.0,100.0,Mahindra,4,litre,2.51,0.24,10.45833,0.1357490535424554
Hyundai Grand i10 CRDi Sportz,Kochi,2014,51134,Diesel,Manual,First,5.0,4.72,24.0,1120.0,70.0,Hyundai,6,litre,2.51,0.24,10.45833,0.10458333333333332
BMW X5 xDrive 30d,Chennai,2011,55000,Diesel,Automatic,Second,5.0,28.0,11.7,2993.0,245.0,BMW,9,litre,2.51,0.24,10.45833,0.21452991452991452
Maruti Dzire AMT VDI,Coimbatore,2018,25082,Diesel,Automatic,First,5.0,8.37,28.4,1248.0,73.75,Maruti,2,litre,2.51,0.24,10.45833,0.08838028169014084
Toyota Fortuner 4x4 MT,Delhi,2012,68350,Diesel,Manual,First,7.0,14.0,12.55,2982.0,168.5,Toyota,8,litre,2.51,0.24,10.45833,0.19999999999999998
Audi A6 2011-2015 35 TDI Technology,Hyderabad,2015,50000,Diesel,Automatic,First,5.0,36.0,17.68,1968.0,174.33,Audi,5,litre,2.51,0.24,10.45833,0.1419683257918552
Honda Jazz 1.5 V i DTEC,Pune,2015,97000,Diesel,Manual,First,5.0,6.4,27.3,1498.0,98.6,Honda,5,litre,2.51,0.24,10.45833,0.09194139194139193
Audi Q7 4.2 TDI Quattro Technology,Coimbatore,2015,56238,Diesel,Automatic,First,7.0,51.69,11.33,4134.0,335.2,Audi,5,litre,2.51,0.24,10.45833,0.22153574580759045
Mahindra Scorpio 2009-2014 VLX 2WD 7S BSIV,Jaipur,2014,72618,Diesel,Manual,First,7.0,8.0,12.05,2179.0,120.0,Mahindra,6,litre,2.51,0.24,10.45833,0.20829875518672197
Chevrolet Cruze LTZ,Hyderabad,2012,62005,Diesel,Manual,First,5.0,9.8,18.3,1991.0,147.9,Chevrolet,8,litre,2.51,0.24,10.45833,0.1371584699453552
Chevrolet Beat Diesel LT,Hyderabad,2012,61250,Diesel,Manual,First,5.0,2.7,25.44,936.0,57.6,Chevrolet,8,litre,2.51,0.24,10.45833,0.09866352201257861
Audi A4 35 TDI Premium Plus,Coimbatore,2014,28469,Diesel,Automatic,First,5.0,24.37,18.25,1968.0,187.74,Audi,6,litre,2.51,0.24,10.45833,0.13753424657534247
Skoda Rapid 1.6 MPI AT Style,Kochi,2018,21488,Petrol,Automatic,First,5.0,9.72,14.3,1598.0,103.52,Skoda,2,litre,2.1,0.22,9.545455,0.14685314685314685
Maruti Swift Dzire VDI,Pune,2014,197000,Diesel,Manual,First,5.0,5.0,23.4,1248.0,74.0,Maruti,6,litre,2.51,0.24,10.45833,0.10726495726495726
Toyota Fortuner 3.0 Diesel,Pune,2009,138205,Diesel,Manual,Second,7.0,10.5,11.5,2982.0,171.0,Toyota,11,litre,2.51,0.24,10.45833,0.21826086956521737
Maruti Swift VDI,Jaipur,2012,160000,Diesel,Manual,Second,5.0,3.9,22.9,1248.0,74.0,Maruti,8,litre,2.51,0.24,10.45833,0.10960698689956332
Honda City 1.5 V MT Exclusive,Coimbatore,2012,67590,Petrol,Manual,First,5.0,5.65,17.0,1497.0,118.0,Honda,8,litre,2.1,0.22,9.545455,0.12352941176470589
Mercedes-Benz M-Class ML 250 CDI,Mumbai,2012,52000,Diesel,Automatic,First,5.0,29.95,15.26,2143.0,203.2,Mercedes-Benz,8,litre,2.51,0.24,10.45833,0.16448230668414154
Maruti Swift Ldi BSIII,Bangalore,2008,100000,Diesel,Manual,Second,5.0,3.0,17.8,1248.0,75.0,Maruti,12,litre,2.51,0.24,10.45833,0.14101123595505616
Ford Aspire Titanium Diesel,Kolkata,2017,60048,Diesel,Manual,First,5.0,6.0,26.1,1498.0,99.0,Ford,3,litre,2.51,0.24,10.45833,0.09616858237547891
Hyundai i10 Sportz,Mumbai,2009,48000,Petrol,Manual,First,5.0,2.11,20.36,1197.0,78.9,Hyundai,11,litre,2.1,0.22,9.545455,0.1031434184675835
Fiat Punto 1.4 Emotion,Kolkata,2010,47000,Petrol,Manual,First,5.0,1.49,14.6,1493.0,97.7,Fiat,10,litre,2.1,0.22,9.545455,0.14383561643835618
Maruti Alto LXi,Jaipur,2011,100000,Petrol,Manual,First,5.0,1.5,19.7,796.0,46.3,Maruti,9,litre,2.1,0.22,9.545455,0.10659898477157362
Toyota Etios Liva GD,Coimbatore,2013,62601,Diesel,Manual,First,5.0,4.67,23.59,1364.0,97.7,Toyota,7,litre,2.51,0.24,10.45833,0.10640101738024586
Maruti Swift VXI BSIV,Bangalore,2006,80010,Petrol,Manual,Second,5.0,2.85,20.4,1197.0,81.8,Maruti,14,litre,2.1,0.22,9.545455,0.10294117647058824
Mercedes-Benz New C-Class C 220 CDI Avantgarde,Coimbatore,2017,26493,Diesel,Automatic,First,5.0,33.64,19.27,2143.0,170.0,Mercedes-Benz,3,litre,2.51,0.24,10.45833,0.1302542812662169
Tata Indica V2 DLE BSIII,Hyderabad,2011,96000,Diesel,Manual,Second,5.0,0.91,17.88,1396.0,52.8,Tata,9,litre,2.51,0.24,10.45833,0.14038031319910513
Maruti Alto 800 VXI,Jaipur,2014,45700,Petrol,Manual,Second,5.0,2.42,22.74,796.0,47.3,Maruti,6,litre,2.1,0.22,9.545455,0.09234828496042218
Skoda Superb 2.8 V6 AT,Kolkata,2005,13000,Petrol,Automatic,First,5.0,3.25,9.3,2771.0,193.1,Skoda,15,litre,2.1,0.22,9.545455,0.22580645161290322
Volkswagen Polo Petrol Comfortline 1.2L,Kolkata,2013,38000,Petrol,Manual,First,5.0,2.8,16.47,1198.0,73.9,Volkswagen,7,litre,2.1,0.22,9.545455,0.12750455373406194
Maruti Dzire AMT ZXI Plus,Coimbatore,2019,8018,Petrol,Automatic,First,5.0,8.3,22.0,1197.0,81.8,Maruti,1,litre,2.1,0.22,9.545455,0.09545454545454546
Mahindra Scorpio VLX,Bangalore,2010,144400,Diesel,Manual,Third,8.0,5.25,12.05,2179.0,120.0,Mahindra,10,litre,2.51,0.24,10.45833,0.20829875518672197
Maruti Swift Vdi BSIII,Jaipur,2010,152000,Diesel,Manual,First,5.0,2.9,17.8,1248.0,75.0,Maruti,10,litre,2.51,0.24,10.45833,0.14101123595505616
BMW 3 Series 320d Prestige,Pune,2013,71000,Diesel,Automatic,First,5.0,15.0,18.88,1995.0,184.0,BMW,7,litre,2.51,0.24,10.45833,0.1329449152542373
Tata Nano STD SE,Jaipur,2012,80000,Petrol,Manual,Second,4.0,0.53,25.4,624.0,37.5,Tata,8,litre,2.1,0.22,9.545455,0.08267716535433071
Toyota Innova 2.5 VX (Diesel) 8 Seater,Mumbai,2014,87143,Diesel,Manual,First,8.0,12.5,12.99,2494.0,100.0,Toyota,6,litre,2.51,0.24,10.45833,0.193225558121632
Honda Brio S Option MT,Mumbai,2012,25000,Petrol,Manual,First,5.0,2.75,18.4,1198.0,86.8,Honda,8,litre,2.1,0.22,9.545455,0.1141304347826087
Tata Tiago AMT 1.2 Revotron XZA,Pune,2018,2000,Petrol,Automatic,First,5.0,5.0,23.84,1199.0,83.83,Tata,2,litre,2.1,0.22,9.545455,0.08808724832214765
Mahindra Scorpio SLE BSIV,Kochi,2014,45239,Diesel,Manual,First,8.0,7.09,12.05,2179.0,120.0,Mahindra,6,litre,2.51,0.24,10.45833,0.20829875518672197
BMW 5 Series 2003-2012 525d,Hyderabad,2011,101999,Diesel,Automatic,First,5.0,19.99,16.73,1995.0,218.0,BMW,9,litre,2.51,0.24,10.45833,0.15002988643156007
Toyota Corolla Altis D-4D GL,Mumbai,2014,74219,Diesel,Manual,First,5.0,10.75,21.43,1364.0,87.2,Toyota,6,litre,2.51,0.24,10.45833,0.11712552496500232
Honda City i VTEC CVT VX,Mumbai,2016,25000,Petrol,Automatic,First,5.0,9.45,18.0,1497.0,117.3,Honda,4,litre,2.1,0.22,9.545455,0.11666666666666667
Hyundai Verna CRDi 1.6 SX Option,Hyderabad,2008,109606,Diesel,Manual,First,5.0,2.9,22.0,1582.0,126.2,Hyundai,12,litre,2.51,0.24,10.45833,0.11409090909090908
Maruti Swift Dzire VDI Optional,Kolkata,2015,36000,Diesel,Manual,First,5.0,4.7,26.59,1248.0,74.0,Maruti,5,litre,2.51,0.24,10.45833,0.09439638962015795
Maruti Ciaz ZXi,Coimbatore,2016,41810,Petrol,Manual,First,5.0,7.11,20.73,1373.0,91.1,Maruti,4,litre,2.1,0.22,9.545455,0.10130246020260492
Ford Ecosport 1.5 DV5 MT Titanium,Jaipur,2014,93321,Diesel,Manual,First,5.0,6.25,22.7,1498.0,89.84,Ford,6,litre,2.51,0.24,10.45833,0.11057268722466959
Maruti Alto K10 2010-2014 VXI,Hyderabad,2011,81000,Petrol,Manual,First,5.0,2.2,20.92,998.0,67.1,Maruti,9,litre,2.1,0.22,9.545455,0.10038240917782026
Honda Amaze V CVT Petrol,Kochi,2019,25717,Petrol,Automatic,First,5.0,8.86,19.0,1199.0,88.76,Honda,1,litre,2.1,0.22,9.545455,0.1105263157894737
Mahindra XUV500 W6 2WD,Delhi,2015,37000,Diesel,Manual,First,7.0,9.3,15.1,2179.0,140.0,Mahindra,5,litre,2.51,0.24,10.45833,0.1662251655629139
Mahindra TUV 300 2015-2019 T8,Coimbatore,2017,56380,Diesel,Manual,First,7.0,7.57,18.49,1493.0,100.0,Mahindra,3,litre,2.51,0.24,10.45833,0.1357490535424554
Honda Jazz VX,Chennai,2017,8000,Petrol,Manual,First,5.0,7.9,18.2,1199.0,88.7,Honda,3,litre,2.1,0.22,9.545455,0.11538461538461539
Maruti Swift VXI BSIII W/ ABS,Kochi,2018,14589,Petrol,Manual,First,5.0,5.65,16.1,1298.0,88.2,Maruti,2,litre,2.1,0.22,9.545455,0.13043478260869565
Volkswagen Polo Petrol Highline 1.2L,Delhi,2013,65088,Petrol,Manual,First,5.0,3.25,16.47,1198.0,73.9,Volkswagen,7,litre,2.1,0.22,9.545455,0.12750455373406194
Hyundai Creta 1.6 SX Option Diesel,Coimbatore,2019,24864,Diesel,Manual,First,5.0,16.27,20.5,1582.0,126.2,Hyundai,1,litre,2.51,0.24,10.45833,0.12243902439024389
Chevrolet Beat LS,Coimbatore,2011,64831,Petrol,Manual,First,5.0,3.21,18.6,1199.0,79.4,Chevrolet,9,litre,2.1,0.22,9.545455,0.11290322580645161
Honda Amaze VX i-DTEC,Kolkata,2013,38001,Diesel,Manual,First,5.0,3.9,25.8,1498.0,98.6,Honda,7,litre,2.51,0.24,10.45833,0.09728682170542635
Mercedes-Benz E-Class 230 E AT,Mumbai,2008,77000,Petrol,Automatic,Second,5.0,6.5,10.0,2496.0,157.7,Mercedes-Benz,12,litre,2.1,0.22,9.545455,0.21000000000000002
BMW 5 Series 530d M Sport,Hyderabad,2016,27000,Diesel,Automatic,First,5.0,48.0,18.59,2993.0,265.0,BMW,4,litre,2.51,0.24,10.45833,0.13501882732651962
Audi A3 35 TDI Premium Plus,Mumbai,2016,39000,Diesel,Automatic,First,5.0,18.9,20.38,1968.0,143.0,Audi,4,litre,2.51,0.24,10.45833,0.12315996074582924
Maruti Swift Dzire VDI,Pune,2015,131000,Diesel,Manual,First,5.0,3.6,26.59,1248.0,74.0,Maruti,5,litre,2.51,0.24,10.45833,0.09439638962015795
Maruti Swift Dzire VDI,Kolkata,2015,43000,Diesel,Manual,First,5.0,5.5,26.59,1248.0,74.0,Maruti,5,litre,2.51,0.24,10.45833,0.09439638962015795
Toyota Innova 2.5 V Diesel 7-seater,Pune,2011,68000,Diesel,Manual,Second,7.0,7.0,12.8,2494.0,102.0,Toyota,9,litre,2.51,0.24,10.45833,0.19609374999999998
BMW X3 xDrive20d,Bangalore,2016,45165,Diesel,Automatic,First,5.0,41.75,16.09,1995.0,184.0,BMW,4,litre,2.51,0.24,10.45833,0.15599751398384087
BMW 5 Series 2003-2012 525d,Hyderabad,2007,120000,Diesel,Automatic,First,5.0,10.5,16.73,1995.0,218.0,BMW,13,litre,2.51,0.24,10.45833,0.15002988643156007
Mahindra XUV500 W8 2WD,Coimbatore,2014,86091,Diesel,Manual,First,7.0,10.09,15.1,2179.0,140.0,Mahindra,6,litre,2.51,0.24,10.45833,0.1662251655629139
Honda City 1.5 S MT,Delhi,2009,71499,Petrol,Manual,First,5.0,3.0,17.0,1497.0,118.0,Honda,11,litre,2.1,0.22,9.545455,0.12352941176470589
Force One LX 4x4,Chennai,2014,50000,Diesel,Manual,First,7.0,12.0,17.0,2200.0,139.01,Force,6,litre,2.51,0.24,10.45833,0.1476470588235294
Volkswagen Polo 1.5 TDI Comfortline,Jaipur,2015,66000,Diesel,Manual,First,5.0,4.91,20.14,1498.0,88.0,Volkswagen,5,litre,2.51,0.24,10.45833,0.12462760675273087
Honda Jazz S,Kolkata,2010,45000,Petrol,Manual,First,5.0,2.0,16.0,1198.0,90.0,Honda,10,litre,2.1,0.22,9.545455,0.13125
Toyota Etios Liva GD SP,Hyderabad,2015,69189,Diesel,Manual,First,5.0,5.3,23.59,1364.0,67.06,Toyota,5,litre,2.51,0.24,10.45833,0.10640101738024586
Nissan Terrano XV Premium 110 PS,Mumbai,2014,40206,Diesel,Manual,First,5.0,7.22,19.01,1461.0,108.5,Nissan,6,litre,2.51,0.24,10.45833,0.13203577064702784
BMW X3 xDrive 20d xLine,Kochi,2017,36723,Diesel,Automatic,First,5.0,32.57,18.56,1995.0,190.0,BMW,3,litre,2.51,0.24,10.45833,0.13523706896551724
Hyundai i20 1.2 Magna,Mumbai,2010,57500,Petrol,Manual,First,5.0,2.75,18.5,1197.0,80.0,Hyundai,10,litre,2.1,0.22,9.545455,0.11351351351351352
Maruti Eeco 5 STR With AC Plus HTR CNG,Kochi,2018,43912,CNG,Manual,First,5.0,4.33,15.1,1196.0,73.0,Maruti,2,kg,2.5625,0.18,14.23611,0.1697019867549669
Ford Fiesta EXi 1.4 TDCi Ltd,Hyderabad,2011,52000,Diesel,Manual,First,5.0,3.75,17.8,1399.0,68.0,Ford,9,litre,2.51,0.24,10.45833,0.14101123595505616
Honda City 1.5 V AT,Kochi,2014,60952,Petrol,Automatic,First,5.0,5.91,16.8,1497.0,118.0,Honda,6,litre,2.1,0.22,9.545455,0.125
Maruti Swift VDI BSIV,Chennai,2013,87192,Diesel,Manual,First,5.0,4.35,25.2,1248.0,74.0,Maruti,7,litre,2.51,0.24,10.45833,0.0996031746031746
Hyundai Grand i10 CRDi SportZ Edition,Delhi,2014,58000,Diesel,Manual,First,5.0,3.25,24.0,1120.0,70.0,Hyundai,6,litre,2.51,0.24,10.45833,0.10458333333333332
Audi Q7 45 TDI Quattro Technology,Pune,2017,59500,Diesel,Automatic,First,7.0,68.0,14.75,2967.0,245.0,Audi,3,litre,2.51,0.24,10.45833,0.1701694915254237
Volkswagen Ameo 1.2 MPI Highline 16 Alloy,Mumbai,2016,16650,Petrol,Manual,First,5.0,5.5,17.0,1198.0,74.0,Volkswagen,4,litre,2.1,0.22,9.545455,0.12352941176470589
Honda City i VTEC CVT VX,Kochi,2018,34696,Petrol,Automatic,First,5.0,12.08,18.0,1497.0,117.3,Honda,2,litre,2.1,0.22,9.545455,0.11666666666666667
Maruti Baleno Alpha 1.3,Kochi,2018,42243,Diesel,Manual,First,5.0,7.48,27.39,1248.0,74.0,Maruti,2,litre,2.51,0.24,10.45833,0.09163928441036874
Hyundai Grand i10 CRDi Sportz,Jaipur,2016,57824,Diesel,Manual,First,5.0,5.5,24.0,1120.0,70.0,Hyundai,4,litre,2.51,0.24,10.45833,0.10458333333333332
Maruti Swift Dzire VDi,Jaipur,2011,110000,Diesel,Manual,First,5.0,3.5,19.3,1248.0,73.9,Maruti,9,litre,2.51,0.24,10.45833,0.13005181347150258
Maruti Swift 1.3 VXi,Delhi,2006,63000,Petrol,Manual,First,5.0,1.6,16.1,1493.0,97.7,Maruti,14,litre,2.1,0.22,9.545455,0.13043478260869565
Land Rover Freelander 2 TD4 HSE,Delhi,2013,72000,Diesel,Automatic,First,5.0,15.5,0.0,2179.0,115.0,Land,7,litre,2.51,0.24,10.45833,0.12352941176470589
Toyota Fortuner 3.0 Diesel,Hyderabad,2013,63455,Diesel,Manual,First,7.0,19.0,11.5,2982.0,171.0,Toyota,7,litre,2.51,0.24,10.45833,0.21826086956521737
Honda Jazz VX Diesel,Hyderabad,2017,17151,Diesel,Manual,First,5.0,8.4,27.3,1498.0,98.6,Honda,3,litre,2.51,0.24,10.45833,0.09194139194139193
Maruti Vitara Brezza LDi Option,Pune,2016,31001,Diesel,Manual,First,5.0,7.25,24.3,1248.0,88.5,Maruti,4,litre,2.51,0.24,10.45833,0.10329218106995884
Maruti Swift Dzire VDI,Kolkata,2014,42109,Diesel,Manual,First,5.0,4.25,23.4,1248.0,74.0,Maruti,6,litre,2.51,0.24,10.45833,0.10726495726495726
Skoda Rapid 1.5 TDI AT Elegance,Delhi,2015,55000,Diesel,Automatic,Second,5.0,5.7,21.66,1498.0,103.52,Skoda,5,litre,2.51,0.24,10.45833,0.11588180978762695
Land Rover Freelander 2 TD4 SE,Hyderabad,2013,46000,Diesel,Automatic,Second,5.0,26.0,0.0,2179.0,115.0,Land,7,litre,2.51,0.24,10.45833,0.12352941176470589
Maruti Alto 800 LXI,Hyderabad,2013,30852,Petrol,Manual,First,5.0,2.49,22.74,796.0,47.3,Maruti,7,litre,2.1,0.22,9.545455,0.09234828496042218
Volkswagen Polo Petrol Highline 1.2L,Pune,2011,65000,Petrol,Manual,Second,5.0,3.0,16.47,1198.0,73.9,Volkswagen,9,litre,2.1,0.22,9.545455,0.12750455373406194
Honda City i DTEC SV,Delhi,2015,65000,Diesel,Manual,First,5.0,5.95,26.0,1498.0,98.6,Honda,5,litre,2.51,0.24,10.45833,0.09653846153846153
Maruti Swift Dzire LDI,Delhi,2013,72000,Diesel,Manual,First,5.0,2.69,23.4,1248.0,74.0,Maruti,7,litre,2.51,0.24,10.45833,0.10726495726495726
Audi A4 2.0 TDI 177 Bhp Technology Edition,Bangalore,2014,29000,Diesel,Automatic,First,5.0,26.0,17.11,1968.0,174.33,Audi,6,litre,2.51,0.24,10.45833,0.146697837521917
Honda City i VTEC VX,Kolkata,2015,32000,Petrol,Manual,First,5.0,5.5,17.8,1497.0,117.3,Honda,5,litre,2.1,0.22,9.545455,0.11797752808988764
Ford Figo Aspire 1.2 Ti-VCT Ambiente,Chennai,2016,29875,Petrol,Manual,First,5.0,4.85,18.16,1196.0,86.8,Ford,4,litre,2.1,0.22,9.545455,0.1156387665198238
Maruti Vitara Brezza LDi,Kochi,2018,32539,Diesel,Manual,First,5.0,8.39,24.3,1248.0,88.5,Maruti,2,litre,2.51,0.24,10.45833,0.10329218106995884
Renault Duster 110PS Diesel RxL,Hyderabad,2015,83090,Diesel,Manual,First,5.0,7.99,19.01,1461.0,108.45,Renault,5,litre,2.51,0.24,10.45833,0.13203577064702784
Hyundai i20 Active 1.4 SX,Hyderabad,2016,62679,Diesel,Manual,First,5.0,6.95,21.19,1396.0,88.73,Hyundai,4,litre,2.51,0.24,10.45833,0.11845210004719206
Mahindra Logan Petrol 1.4 GLE,Mumbai,2010,93000,Petrol,Manual,First,5.0,1.5,15.7,1390.0,75.0,Mahindra,10,litre,2.1,0.22,9.545455,0.1337579617834395
Honda City ZX GXi,Mumbai,2006,44000,Petrol,Manual,First,5.0,1.55,17.7,1497.0,78.0,Honda,14,litre,2.1,0.22,9.545455,0.11864406779661017
Ford Figo Petrol EXI,Bangalore,2010,78400,Petrol,Manual,Second,5.0,2.75,15.6,1196.0,70.0,Ford,10,litre,2.1,0.22,9.545455,0.13461538461538464
Renault Duster Petrol RxL,Mumbai,2014,71300,Petrol,Manual,First,5.0,4.25,13.06,1598.0,102.53,Renault,6,litre,2.1,0.22,9.545455,0.16079632465543645
Hyundai i10 Sportz 1.2,Kolkata,2015,18000,Petrol,Manual,First,5.0,2.85,20.36,1197.0,78.9,Hyundai,5,litre,2.1,0.22,9.545455,0.1031434184675835
Land Rover Discovery Sport TD4 HSE 7S,Coimbatore,2019,24013,Diesel,Automatic,First,7.0,56.14,12.81,1999.0,148.31,Land,1,litre,2.51,0.24,10.45833,0.19594067135050738
Audi Q5 2008-2012 2.0 TFSI Quattro,Ahmedabad,2009,99100,Petrol,Automatic,Second,5.0,10.0,9.74,1984.0,208.0,Audi,11,litre,2.1,0.22,9.545455,0.21560574948665298
Maruti Versa DX2 BS II,Mumbai,2003,62000,Petrol,Manual,Second,8.0,1.25,11.3,1298.0,83.1,Maruti,17,litre,2.1,0.22,9.545455,0.18584070796460175
Maruti Swift Dzire ZDI,Kolkata,2017,14000,Diesel,Manual,First,5.0,7.5,26.59,1248.0,74.0,Maruti,3,litre,2.51,0.24,10.45833,0.09439638962015795
Audi A4 2.0 TDI Premium Sport Limited Edition,Coimbatore,2015,44811,Diesel,Automatic,First,5.0,25.81,17.11,1968.0,174.33,Audi,5,litre,2.51,0.24,10.45833,0.146697837521917
Volkswagen Polo 1.2 MPI Comfortline,Ahmedabad,2014,44000,Petrol,Manual,First,5.0,4.3,16.47,1198.0,74.0,Volkswagen,6,litre,2.1,0.22,9.545455,0.12750455373406194
Toyota Fortuner 3.0 Diesel,Chennai,2010,136000,Diesel,Manual,Second,7.0,11.0,11.5,2982.0,171.0,Toyota,10,litre,2.51,0.24,10.45833,0.21826086956521737
Toyota Fortuner 3.0 Diesel,Jaipur,2010,144113,Diesel,Manual,Second,7.0,11.75,11.5,2982.0,171.0,Toyota,10,litre,2.51,0.24,10.45833,0.21826086956521737
Honda Accord 2.4 MT,Coimbatore,2012,94989,Petrol,Manual,First,5.0,6.58,12.8,2354.0,177.6,Honda,8,litre,2.1,0.22,9.545455,0.1640625
Maruti Swift ZDi,Chennai,2012,58133,Diesel,Manual,First,5.0,4.8,22.9,1248.0,74.0,Maruti,8,litre,2.51,0.24,10.45833,0.10960698689956332
Skoda Fabia 1.2 MPI Classic,Pune,2008,61000,Petrol,Manual,Second,5.0,1.65,17.5,1198.0,70.0,Skoda,12,litre,2.1,0.22,9.545455,0.12000000000000001
Jeep Compass 2.0 Sport,Kolkata,2017,27000,Diesel,Manual,First,5.0,15.0,17.1,1956.0,170.0,Jeep,3,litre,2.51,0.24,10.45833,0.14678362573099413
Tata Nano Twist XT,Ahmedabad,2014,18050,Petrol,Manual,Second,4.0,1.0,25.4,624.0,37.5,Tata,6,litre,2.1,0.22,9.545455,0.08267716535433071
Ford Fiesta 1.6 ZXi ABS,Hyderabad,2007,145277,Petrol,Manual,First,5.0,1.65,15.3,1596.0,101.0,Ford,13,litre,2.1,0.22,9.545455,0.13725490196078433
Maruti Celerio ZDi,Ahmedabad,2015,42000,Diesel,Manual,First,5.0,3.6,27.62,793.0,47.0,Maruti,5,litre,2.51,0.24,10.45833,0.09087617668356263
Toyota Fortuner 3.0 Diesel,Delhi,2011,86000,Diesel,Manual,First,7.0,11.5,11.5,2982.0,171.0,Toyota,9,litre,2.51,0.24,10.45833,0.21826086956521737
Maruti Celerio ZDi,Ahmedabad,2015,42150,Diesel,Manual,First,5.0,3.6,27.62,793.0,47.0,Maruti,5,litre,2.51,0.24,10.45833,0.09087617668356263
Hyundai EON Era Plus,Pune,2015,30158,Petrol,Manual,First,5.0,3.05,21.1,814.0,55.2,Hyundai,5,litre,2.1,0.22,9.545455,0.0995260663507109
Ford Fiesta Diesel Trend,Bangalore,2011,47000,Diesel,Manual,Second,5.0,6.0,23.5,1498.0,90.0,Ford,9,litre,2.51,0.24,10.45833,0.10680851063829787
Volkswagen Polo 1.2 MPI Comfortline,Ahmedabad,2013,39000,Petrol,Manual,First,5.0,3.75,16.47,1198.0,74.0,Volkswagen,7,litre,2.1,0.22,9.545455,0.12750455373406194
Volkswagen Polo 1.2 MPI Comfortline,Coimbatore,2016,32125,Petrol,Manual,First,5.0,6.17,16.2,1199.0,74.0,Volkswagen,4,litre,2.1,0.22,9.545455,0.12962962962962965
Maruti Vitara Brezza ZDi,Coimbatore,2017,58829,Diesel,Manual,First,5.0,9.05,24.3,1248.0,88.5,Maruti,3,litre,2.51,0.24,10.45833,0.10329218106995884
Honda Brio S MT,Coimbatore,2013,67559,Petrol,Manual,First,5.0,4.05,19.4,1198.0,86.8,Honda,7,litre,2.1,0.22,9.545455,0.10824742268041239
Maruti Swift Dzire VXi,Pune,2013,55000,Petrol,Manual,First,5.0,4.25,17.5,1298.0,85.8,Maruti,7,litre,2.1,0.22,9.545455,0.12000000000000001
Maruti Celerio LXI MT,Kolkata,2018,30000,Petrol,Manual,First,5.0,3.75,23.1,998.0,67.04,Maruti,2,litre,2.1,0.22,9.545455,0.09090909090909091
Hyundai Creta 1.6 SX Plus Petrol Automatic,Mumbai,2016,28000,Petrol,Automatic,First,5.0,11.85,13.0,1591.0,121.3,Hyundai,4,litre,2.1,0.22,9.545455,0.16153846153846155
Ford Ecosport 1.5 DV5 MT Titanium,Kochi,2016,31826,Diesel,Manual,First,5.0,8.24,22.7,1498.0,89.84,Ford,4,litre,2.51,0.24,10.45833,0.11057268722466959
Maruti Swift VDI BSIV W ABS,Hyderabad,2016,64000,Diesel,Manual,First,5.0,5.99,17.8,1248.0,97.7,Maruti,4,litre,2.51,0.24,10.45833,0.14101123595505616
Honda CR-V RVi MT,Jaipur,2008,100009,Petrol,Manual,Second,5.0,6.5,13.1,1997.0,141.1,Honda,12,litre,2.1,0.22,9.545455,0.1603053435114504
Land Rover Discovery Sport SD4 HSE Luxury 7S,Coimbatore,2019,17201,Diesel,Automatic,First,7.0,58.91,12.51,2179.0,187.7,Land,1,litre,2.51,0.24,10.45833,0.20063948840927257
Mahindra XUV500 W8 2WD,Delhi,2014,74345,Diesel,Manual,First,7.0,8.0,15.1,2179.0,140.0,Mahindra,6,litre,2.51,0.24,10.45833,0.1662251655629139
Volkswagen Polo 1.2 MPI Highline,Kochi,2015,58134,Petrol,Manual,First,5.0,4.64,16.47,1198.0,74.0,Volkswagen,5,litre,2.1,0.22,9.545455,0.12750455373406194
Hyundai i10 Magna AT,Kochi,2010,30566,Petrol,Automatic,First,5.0,3.32,19.2,1197.0,80.0,Hyundai,10,litre,2.1,0.22,9.545455,0.10937500000000001
Hyundai i10 Magna 1.2,Chennai,2012,55231,Petrol,Manual,Second,5.0,2.78,20.36,1197.0,78.9,Hyundai,8,litre,2.1,0.22,9.545455,0.1031434184675835
Chevrolet Cruze LTZ AT,Kochi,2016,67774,Diesel,Automatic,First,5.0,8.95,14.81,1998.0,163.7,Chevrolet,4,litre,2.51,0.24,10.45833,0.16948008102633355
Mercedes-Benz E-Class E 200 CGI,Mumbai,2013,50319,Petrol,Automatic,First,5.0,21.95,12.0,1991.0,181.03,Mercedes-Benz,7,litre,2.1,0.22,9.545455,0.17500000000000002
Hyundai Sonata 2.4 GDI,Ahmedabad,2013,45000,Petrol,Manual,First,5.0,7.9,11.7,2359.0,134.0,Hyundai,7,litre,2.1,0.22,9.545455,0.17948717948717952
Mercedes-Benz New C-Class C 200 Kompressor Elegance AT,Kolkata,2007,43627,Petrol,Automatic,First,5.0,29.0,11.74,1796.0,186.0,Mercedes-Benz,13,litre,2.1,0.22,9.545455,0.1788756388415673
Volkswagen Polo Diesel Trendline 1.2L,Kolkata,2013,45000,Diesel,Manual,First,5.0,3.25,22.07,1199.0,73.9,Volkswagen,7,litre,2.51,0.24,10.45833,0.11372904395106478
Honda City i VTEC SV,Mumbai,2014,10500,Petrol,Manual,First,5.0,5.9,17.4,1497.0,117.3,Honda,6,litre,2.1,0.22,9.545455,0.12068965517241381
Maruti Vitara Brezza ZDi,Coimbatore,2017,21789,Diesel,Manual,First,5.0,9.88,24.3,1248.0,88.5,Maruti,3,litre,2.51,0.24,10.45833,0.10329218106995884
Hyundai Elite i20 Asta Option,Coimbatore,2019,21134,Petrol,Manual,First,5.0,8.78,18.6,1197.0,81.86,Hyundai,1,litre,2.1,0.22,9.545455,0.11290322580645161
Tata New Safari Dicor EX 4X2,Kolkata,2011,90000,Diesel,Manual,Second,7.0,2.75,13.93,2179.0,138.1,Tata,9,litre,2.51,0.24,10.45833,0.18018664752333094
Nissan Sunny 2011-2014 Diesel XL,Kochi,2014,51553,Diesel,Manual,First,5.0,5.98,21.64,1461.0,84.8,Nissan,6,litre,2.51,0.24,10.45833,0.11598890942698704
BMW 3 Series 330 Ci Convertible,Delhi,2011,31000,Petrol,Automatic,First,5.0,31.0,10.9,2497.0,215.0,BMW,9,litre,2.1,0.22,9.545455,0.1926605504587156
Toyota Corolla 1.8 J,Delhi,2011,67422,Petrol,Manual,Second,5.0,3.55,14.53,1798.0,138.0,Toyota,9,litre,2.1,0.22,9.545455,0.1445285615966965
Hyundai Verna 1.6 SX,Kochi,2015,60519,Diesel,Manual,First,5.0,6.24,22.32,1582.0,126.32,Hyundai,5,litre,2.51,0.24,10.45833,0.11245519713261648
Maruti Swift Dzire VDi,Kolkata,2009,34000,Diesel,Manual,First,5.0,2.19,19.3,1248.0,73.9,Maruti,11,litre,2.51,0.24,10.45833,0.13005181347150258
Maruti Dzire VDI,Hyderabad,2013,68434,Diesel,Manual,First,5.0,5.5,28.4,1248.0,73.75,Maruti,7,litre,2.51,0.24,10.45833,0.08838028169014084
Maruti Alto K10 VXI,Pune,2014,17000,Petrol,Manual,First,5.0,2.1,24.07,998.0,67.1,Maruti,6,litre,2.1,0.22,9.545455,0.08724553385957624
Jaguar XJ 5.0 L V8 Supercharged,Coimbatore,2011,43686,Petrol,Automatic,First,4.0,50.66,10.5,5000.0,503.0,Jaguar,9,litre,2.1,0.22,9.545455,0.2
Mercedes-Benz New C-Class 220 CDI AT,Kolkata,2012,22000,Diesel,Automatic,First,5.0,14.0,14.84,2143.0,170.0,Mercedes-Benz,8,litre,2.51,0.24,10.45833,0.1691374663072776
Hyundai Verna CRDi 1.6 SX Option,Mumbai,2013,79225,Diesel,Manual,First,5.0,5.5,22.0,1582.0,126.2,Hyundai,7,litre,2.51,0.24,10.45833,0.11409090909090908
Chevrolet Aveo 1.6 LT,Pune,2007,63000,Petrol,Manual,Third,5.0,1.2,14.2,1598.0,102.0,Chevrolet,13,litre,2.1,0.22,9.545455,0.147887323943662
Maruti Swift VXI BSIV,Hyderabad,2014,61922,Petrol,Manual,First,5.0,5.3,20.4,1197.0,81.8,Maruti,6,litre,2.1,0.22,9.545455,0.10294117647058824
Hyundai Verna 1.6 CRDi S,Chennai,2015,85000,Diesel,Manual,First,5.0,6.3,23.9,1582.0,126.2,Hyundai,5,litre,2.51,0.24,10.45833,0.10502092050209205
Mercedes-Benz GLC 220d Celebration Edition,Kochi,2017,26192,Diesel,Automatic,First,5.0,40.47,17.9,2143.0,168.0,Mercedes-Benz,3,litre,2.51,0.24,10.45833,0.14022346368715083
Toyota Fortuner 4x2 Manual,Delhi,2013,65000,Diesel,Manual,First,7.0,16.1,13.0,2982.0,168.5,Toyota,7,litre,2.51,0.24,10.45833,0.19307692307692306
Audi Q5 2008-2012 2.0 TDI,Delhi,2014,44999,Diesel,Automatic,First,5.0,25.0,12.8,1968.0,167.6,Audi,6,litre,2.51,0.24,10.45833,0.19609374999999998
BMW 3 Series 320d Dynamic,Mumbai,2008,81308,Diesel,Automatic,Second,5.0,7.95,13.2,1995.0,170.0,BMW,12,litre,2.51,0.24,10.45833,0.19015151515151515
Maruti Alto 800 2016-2019 LXI,Delhi,2016,35000,Petrol,Manual,First,5.0,2.65,24.7,796.0,47.3,Maruti,4,litre,2.1,0.22,9.545455,0.08502024291497977
Maruti Alto K10 2010-2014 VXI,Coimbatore,2012,65349,Petrol,Manual,First,5.0,2.81,20.92,998.0,67.1,Maruti,8,litre,2.1,0.22,9.545455,0.10038240917782026
Audi A4 1.8 TFSI Technology Edition,Hyderabad,2012,80000,Petrol,Automatic,First,5.0,17.5,15.64,1798.0,167.62,Audi,8,litre,2.1,0.22,9.545455,0.13427109974424553
Maruti Swift VXi BSIV,Mumbai,2012,61000,Petrol,Manual,First,5.0,3.3,16.1,1197.0,85.0,Maruti,8,litre,2.1,0.22,9.545455,0.13043478260869565
Maruti Wagon R VXI,Kochi,2019,31817,Petrol,Manual,First,5.0,5.34,22.5,998.0,67.04,Maruti,1,litre,2.1,0.22,9.545455,0.09333333333333334
Skoda Rapid 1.5 TDI Ambition,Hyderabad,2016,41000,Diesel,Manual,First,5.0,8.5,21.14,1498.0,103.52,Skoda,4,litre,2.51,0.24,10.45833,0.11873226111636706
Honda Jazz S,Kochi,2010,82606,Petrol,Manual,Second,5.0,2.69,16.0,1198.0,90.0,Honda,10,litre,2.1,0.22,9.545455,0.13125
Mahindra XUV500 W10 2WD,Ahmedabad,2015,52000,Diesel,Manual,First,7.0,11.5,16.0,2179.0,140.0,Mahindra,5,litre,2.51,0.24,10.45833,0.156875
Maruti Ritz VXi,Coimbatore,2011,50318,Petrol,Manual,First,5.0,4.06,18.5,1197.0,85.8,Maruti,9,litre,2.1,0.22,9.545455,0.11351351351351352
Mercedes-Benz GLE 250d,Hyderabad,2016,50000,Diesel,Automatic,First,5.0,49.0,17.9,2143.0,201.15,Mercedes-Benz,4,litre,2.51,0.24,10.45833,0.14022346368715083
Skoda Rapid 1.6 TDI Ambition,Bangalore,2012,72000,Diesel,Manual,First,5.0,4.6,20.5,1598.0,103.5,Skoda,8,litre,2.51,0.24,10.45833,0.12243902439024389
Hyundai Grand i10 CRDi Magna,Delhi,2015,63776,Diesel,Manual,First,5.0,3.96,24.0,1120.0,70.0,Hyundai,5,litre,2.51,0.24,10.45833,0.10458333333333332
Hyundai Elite i20 Petrol Asta,Mumbai,2015,28133,Petrol,Manual,First,5.0,5.6,18.6,1197.0,81.86,Hyundai,5,litre,2.1,0.22,9.545455,0.11290322580645161
Tata Zest Quadrajet 1.3 75PS XE,Kolkata,2017,45000,Diesel,Manual,First,5.0,3.75,22.95,1248.0,74.0,Tata,3,litre,2.51,0.24,10.45833,0.10936819172113289
Hyundai i20 Magna 1.4 CRDi,Jaipur,2015,55697,Diesel,Manual,First,5.0,5.5,22.54,1396.0,88.73,Hyundai,5,litre,2.51,0.24,10.45833,0.11135758651286601
Skoda Rapid 1.6 TDI Elegance,Delhi,2012,62000,Diesel,Manual,Second,5.0,3.0,20.5,1598.0,103.5,Skoda,8,litre,2.51,0.24,10.45833,0.12243902439024389
Fiat Linea Emotion,Mumbai,2011,48000,Petrol,Manual,First,5.0,3.0,16.0,1368.0,90.0,Fiat,9,litre,2.1,0.22,9.545455,0.13125
Maruti Swift VXI BSIII W/ ABS,Pune,2010,90246,Petrol,Manual,First,5.0,2.95,16.1,1298.0,88.2,Maruti,10,litre,2.1,0.22,9.545455,0.13043478260869565
Tata Indica V2 2001-2011 eLS,Hyderabad,2015,80500,Diesel,Manual,First,5.0,2.45,25.0,1396.0,69.0,Tata,5,litre,2.51,0.24,10.45833,0.10039999999999999
Mercedes-Benz New C-Class C 220 CDI Elegance AT,Pune,2012,119000,Diesel,Automatic,First,5.0,13.99,14.84,2143.0,170.0,Mercedes-Benz,8,litre,2.51,0.24,10.45833,0.1691374663072776
Mercedes-Benz GLE 350d,Bangalore,2016,28541,Diesel,Automatic,First,5.0,60.75,11.57,2987.0,254.79,Mercedes-Benz,4,litre,2.51,0.24,10.45833,0.21694036300777872
Hyundai Santro Xing XP,Kolkata,2008,45500,Petrol,Manual,Second,5.0,1.17,0.0,1086.0,97.7,Hyundai,12,litre,2.1,0.22,9.545455,0.12352941176470589
Honda City V MT AVN,Chennai,2012,41000,Petrol,Manual,Second,5.0,4.5,16.8,1497.0,116.3,Honda,8,litre,2.1,0.22,9.545455,0.125
Hyundai i20 Magna,Mumbai,2010,58000,Petrol,Manual,Second,5.0,2.5,18.5,1197.0,80.0,Hyundai,10,litre,2.1,0.22,9.545455,0.11351351351351352
Toyota Fortuner 4x2 Manual,Chennai,2015,99000,Diesel,Manual,First,7.0,20.5,13.0,2982.0,168.5,Toyota,5,litre,2.51,0.24,10.45833,0.19307692307692306
Hyundai Grand i10 Magna,Delhi,2014,31200,Petrol,Manual,First,5.0,3.9,18.9,1197.0,82.0,Hyundai,6,litre,2.1,0.22,9.545455,0.11111111111111112
Volkswagen Jetta 2007-2011 2.0 TDI Comfortline,Chennai,2009,85000,Diesel,Manual,Second,5.0,3.5,15.0,1896.0,105.0,Volkswagen,11,litre,2.51,0.24,10.45833,0.1673333333333333
Ford EcoSport 1.5 Ti VCT AT Titanium,Hyderabad,2016,60924,Petrol,Automatic,First,5.0,8.3,15.63,1499.0,110.4,Ford,4,litre,2.1,0.22,9.545455,0.1343570057581574
Hyundai EON Magna Plus,Chennai,2012,45000,Petrol,Manual,First,5.0,2.5,21.1,814.0,55.2,Hyundai,8,litre,2.1,0.22,9.545455,0.0995260663507109
Nissan Micra XV CVT,Kolkata,2011,44000,Petrol,Automatic,First,5.0,2.65,19.15,1198.0,75.94,Nissan,9,litre,2.1,0.22,9.545455,0.10966057441253264
Honda Jazz 1.2 V CVT i VTEC,Kochi,2016,30534,Petrol,Automatic,First,5.0,7.42,19.0,1199.0,88.7,Honda,4,litre,2.1,0.22,9.545455,0.1105263157894737
Volkswagen Polo 1.2 MPI Trendline,Kochi,2016,46399,Petrol,Manual,First,5.0,4.63,16.47,1198.0,74.0,Volkswagen,4,litre,2.1,0.22,9.545455,0.12750455373406194
Maruti Alto LXi,Kolkata,2008,42000,Petrol,Manual,First,5.0,1.09,19.7,796.0,46.3,Maruti,12,litre,2.1,0.22,9.545455,0.10659898477157362
Hyundai Verna 1.6 SX,Delhi,2011,67000,Diesel,Manual,First,5.0,3.8,22.32,1582.0,126.32,Hyundai,9,litre,2.51,0.24,10.45833,0.11245519713261648
Mercedes-Benz E-Class 2009-2013 E 220 CDI Avantgarde,Mumbai,2013,58000,Diesel,Automatic,First,5.0,15.75,10.0,2148.0,170.0,Mercedes-Benz,7,litre,2.51,0.24,10.45833,0.251
Tata Zest Revotron 1.2 XT,Coimbatore,2015,27000,Petrol,Manual,First,5.0,5.27,17.57,1193.0,88.7,Tata,5,litre,2.1,0.22,9.545455,0.11952191235059761
Honda Brio S Option MT,Mumbai,2012,39566,Petrol,Manual,Second,5.0,2.75,18.4,1198.0,86.8,Honda,8,litre,2.1,0.22,9.545455,0.1141304347826087
Honda Jazz VX Diesel,Chennai,2016,14980,Diesel,Manual,First,5.0,7.4,27.3,1498.0,98.6,Honda,4,litre,2.51,0.24,10.45833,0.09194139194139193
Maruti Alto K10 VXI AGS,Jaipur,2017,18491,Petrol,Automatic,First,5.0,3.9,24.07,998.0,67.1,Maruti,3,litre,2.1,0.22,9.545455,0.08724553385957624
Maruti Zen VXi - BS III,Jaipur,2000,90000,Petrol,Manual,Second,5.0,0.7,17.3,993.0,60.0,Maruti,20,litre,2.1,0.22,9.545455,0.12138728323699421
Hyundai i20 Sportz 1.4 CRDi,Pune,2015,118211,Diesel,Manual,First,5.0,5.9,22.54,1396.0,88.73,Hyundai,5,litre,2.51,0.24,10.45833,0.11135758651286601
Maruti SX4 S Cross DDiS 320 Zeta,Coimbatore,2016,63316,Diesel,Manual,First,5.0,9.58,22.7,1598.0,118.0,Maruti,4,litre,2.51,0.24,10.45833,0.11057268722466959
Mercedes-Benz E-Class 2009-2013 E250 CDI Elegance,Delhi,2014,42000,Diesel,Automatic,First,5.0,24.95,14.21,2143.0,203.0,Mercedes-Benz,6,litre,2.51,0.24,10.45833,0.17663617171006332
Chevrolet Enjoy Petrol LS 7 Seater,Kochi,2015,25648,Petrol,Manual,First,7.0,4.29,13.7,1399.0,98.82,Chevrolet,5,litre,2.1,0.22,9.545455,0.15328467153284672
Mercedes-Benz E-Class 2009-2013 E250 CDI Blue Efficiency,Delhi,2011,67612,Diesel,Automatic,Second,5.0,11.5,14.21,2143.0,203.0,Mercedes-Benz,9,litre,2.51,0.24,10.45833,0.17663617171006332
Mahindra XUV500 W4,Mumbai,2016,33000,Diesel,Manual,First,7.0,9.65,16.0,2179.0,140.0,Mahindra,4,litre,2.51,0.24,10.45833,0.156875
Hyundai i10 Sportz,Mumbai,2015,20000,Petrol,Manual,First,5.0,3.75,20.36,1197.0,78.9,Hyundai,5,litre,2.1,0.22,9.545455,0.1031434184675835
Hyundai Getz 1.3 GLS,Pune,2007,143000,Petrol,Manual,Second,5.0,1.1,14.2,1341.0,82.9,Hyundai,13,litre,2.1,0.22,9.545455,0.147887323943662
Audi Q7 3.0 TDI quattro,Coimbatore,2014,118218,Diesel,Automatic,First,7.0,31.41,12.07,2967.0,241.4,Audi,6,litre,2.51,0.24,10.45833,0.20795360397680196
Mahindra Scorpio SLE BSIV,Pune,2012,99000,Diesel,Manual,Third,8.0,6.0,12.05,2179.0,120.0,Mahindra,8,litre,2.51,0.24,10.45833,0.20829875518672197
Honda Jazz 1.2 SV i VTEC,Pune,2016,22700,Petrol,Manual,First,5.0,5.55,18.7,1199.0,88.7,Honda,4,litre,2.1,0.22,9.545455,0.11229946524064172
Tata Safari Storme 2012-2015 EX,Jaipur,2017,28000,Diesel,Manual,First,7.0,10.91,14.0,2179.0,138.1,Tata,3,litre,2.51,0.24,10.45833,0.17928571428571427
Mahindra XUV500 W6 2WD,Kolkata,2014,62000,Diesel,Manual,First,7.0,7.25,15.1,2179.0,140.0,Mahindra,6,litre,2.51,0.24,10.45833,0.1662251655629139
Volkswagen Polo Diesel Comfortline 1.2L,Hyderabad,2012,107023,Diesel,Manual,First,5.0,3.9,22.07,1199.0,73.9,Volkswagen,8,litre,2.51,0.24,10.45833,0.11372904395106478
Maruti Swift Dzire ZDi,Delhi,2012,71082,Diesel,Manual,First,5.0,3.95,19.3,1248.0,73.9,Maruti,8,litre,2.51,0.24,10.45833,0.13005181347150258
Audi Q3 2.0 TDI,Mumbai,2013,60000,Diesel,Automatic,First,5.0,22.0,15.73,1968.0,174.33,Audi,7,litre,2.51,0.24,10.45833,0.15956770502225046
Maruti Celerio ZXI,Delhi,2014,21701,Petrol,Manual,First,5.0,3.38,23.1,998.0,67.04,Maruti,6,litre,2.1,0.22,9.545455,0.09090909090909091
Honda City V MT Exclusive,Mumbai,2011,56000,Petrol,Manual,First,5.0,3.45,16.8,1497.0,116.3,Honda,9,litre,2.1,0.22,9.545455,0.125
Hyundai i20 1.2 Spotz,Delhi,2016,32450,Petrol,Manual,First,5.0,5.75,18.6,1197.0,81.83,Hyundai,4,litre,2.1,0.22,9.545455,0.11290322580645161
Renault KWID RXT,Jaipur,2016,12500,Petrol,Manual,First,5.0,2.75,25.17,799.0,53.3,Renault,4,litre,2.1,0.22,9.545455,0.08343265792610251
Mercedes-Benz CLA 200 CDI Sport,Kochi,2019,20483,Diesel,Automatic,First,5.0,30.3,17.9,2143.0,136.0,Mercedes-Benz,1,litre,2.51,0.24,10.45833,0.14022346368715083
Ford Ecosport 1.5 DV5 MT Titanium,Hyderabad,2014,45800,Diesel,Manual,First,5.0,7.5,22.7,1498.0,89.84,Ford,6,litre,2.51,0.24,10.45833,0.11057268722466959
Hyundai i20 Asta 1.2,Coimbatore,2015,35441,Petrol,Manual,First,5.0,6.87,18.6,1197.0,81.83,Hyundai,5,litre,2.1,0.22,9.545455,0.11290322580645161
Toyota Innova 2.5 ZX Diesel 7 Seater,Bangalore,2015,86398,Diesel,Manual,First,7.0,15.2,12.99,2494.0,100.6,Toyota,5,litre,2.51,0.24,10.45833,0.193225558121632
Nissan Sunny 2011-2014 Diesel XL,Chennai,2012,150000,Diesel,Manual,First,5.0,3.5,21.64,1461.0,84.8,Nissan,8,litre,2.51,0.24,10.45833,0.11598890942698704
Maruti Swift VDI BSIV,Hyderabad,2014,89000,Diesel,Manual,First,5.0,5.85,25.2,1248.0,74.0,Maruti,6,litre,2.51,0.24,10.45833,0.0996031746031746
Maruti A-Star Vxi,Hyderabad,2010,68375,Petrol,Manual,First,5.0,2.5,19.0,998.0,66.1,Maruti,10,litre,2.1,0.22,9.545455,0.1105263157894737
Maruti Swift ZXI,Pune,2013,52000,Petrol,Manual,First,5.0,3.95,18.6,1197.0,85.8,Maruti,7,litre,2.1,0.22,9.545455,0.11290322580645161
Mercedes-Benz CLA 200 CDI Sport,Jaipur,2017,39000,Diesel,Automatic,First,5.0,27.0,17.9,2143.0,136.0,Mercedes-Benz,3,litre,2.51,0.24,10.45833,0.14022346368715083
Maruti Ertiga ZXI,Bangalore,2014,68000,Petrol,Manual,Second,7.0,6.75,16.02,1373.0,93.7,Maruti,6,litre,2.1,0.22,9.545455,0.1310861423220974
Maruti Wagon R LXI,Jaipur,2007,71000,Petrol,Manual,Second,5.0,1.5,18.9,998.0,67.1,Maruti,13,litre,2.1,0.22,9.545455,0.11111111111111112
Volkswagen Polo Diesel Trendline 1.2L,Hyderabad,2012,72003,Diesel,Manual,First,5.0,3.9,22.07,1199.0,73.9,Volkswagen,8,litre,2.51,0.24,10.45833,0.11372904395106478
Ford Ecosport 1.5 DV5 MT Titanium Optional,Hyderabad,2014,135670,Diesel,Manual,First,5.0,6.55,22.7,1498.0,89.84,Ford,6,litre,2.51,0.24,10.45833,0.11057268722466959
Honda City i DTEC VX,Kochi,2017,65850,Diesel,Manual,First,5.0,9.44,25.1,1498.0,98.6,Honda,3,litre,2.51,0.24,10.45833,0.09999999999999999
Toyota Corolla Altis 1.8 GL,Coimbatore,2015,53920,Petrol,Manual,First,5.0,10.77,14.28,1798.0,138.03,Toyota,5,litre,2.1,0.22,9.545455,0.14705882352941177
Mahindra XUV500 W8 2WD,Ahmedabad,2014,58000,Diesel,Manual,First,7.0,7.5,15.1,2179.0,140.0,Mahindra,6,litre,2.51,0.24,10.45833,0.1662251655629139
Maruti Alto 800 2016-2019 VXI,Kolkata,2016,4000,Petrol,Manual,First,5.0,3.0,24.7,796.0,47.3,Maruti,4,litre,2.1,0.22,9.545455,0.08502024291497977
BMW 5 Series 530d M Sport,Chennai,2010,58000,Diesel,Automatic,First,5.0,11.75,18.59,2993.0,265.0,BMW,10,litre,2.51,0.24,10.45833,0.13501882732651962
Hyundai EON D Lite Plus,Kochi,2016,29832,Petrol,Manual,First,5.0,3.29,21.1,814.0,55.2,Hyundai,4,litre,2.1,0.22,9.545455,0.0995260663507109
Maruti Swift Dzire VDI,Chennai,2016,71156,Diesel,Manual,First,5.0,6.5,26.59,1248.0,74.0,Maruti,4,litre,2.51,0.24,10.45833,0.09439638962015795
Maruti Celerio CNG VXI MT,Delhi,2015,64687,CNG,Manual,First,5.0,3.8,31.79,998.0,58.33,Maruti,5,kg,2.5625,0.18,14.23611,0.08060710915382197
Audi A4 2.0 TDI,Hyderabad,2011,54000,Diesel,Automatic,First,5.0,18.0,16.55,1968.0,147.51,Audi,9,litre,2.51,0.24,10.45833,0.15166163141993955
Skoda Superb Elegance 1.8 TSI AT,Bangalore,2009,75000,Petrol,Automatic,Second,5.0,4.95,13.7,1798.0,157.75,Skoda,11,litre,2.1,0.22,9.545455,0.15328467153284672
Tata Zest Revotron 1.2T XM,Kochi,2015,39208,Petrol,Manual,First,5.0,4.52,17.57,1193.0,88.7,Tata,5,litre,2.1,0.22,9.545455,0.11952191235059761
Force One LX ABS 7 Seating,Kolkata,2014,41000,Diesel,Manual,First,7.0,8.0,17.0,2149.0,139.07,Force,6,litre,2.51,0.24,10.45833,0.1476470588235294
Honda City i-VTEC VX,Coimbatore,2013,38622,Petrol,Manual,First,5.0,6.26,17.4,1497.0,117.3,Honda,7,litre,2.1,0.22,9.545455,0.12068965517241381
Nissan Sunny 2011-2014 XV,Chennai,2016,18000,Petrol,Manual,First,5.0,7.5,16.95,1498.0,97.7,Nissan,4,litre,2.1,0.22,9.545455,0.12389380530973453
Maruti Swift 1.3 LXI,Delhi,2012,52000,Petrol,Manual,First,5.0,3.65,16.1,1493.0,97.7,Maruti,8,litre,2.1,0.22,9.545455,0.13043478260869565
Volkswagen Vento Petrol Highline AT,Mumbai,2011,45000,Petrol,Automatic,First,5.0,3.35,14.4,1598.0,103.6,Volkswagen,9,litre,2.1,0.22,9.545455,0.14583333333333334
Hyundai Verna 1.6 SX VTVT AT,Mumbai,2014,48656,Petrol,Automatic,First,5.0,5.5,15.74,1591.0,121.3,Hyundai,6,litre,2.1,0.22,9.545455,0.13341804320203304
Hyundai Verna CRDi 1.6 AT SX Plus,Bangalore,2012,79000,Diesel,Automatic,First,5.0,5.25,22.0,1582.0,126.2,Hyundai,8,litre,2.51,0.24,10.45833,0.11409090909090908
Audi A4 2.0 TDI Multitronic,Bangalore,2012,88000,Diesel,Automatic,First,5.0,16.25,16.55,1968.0,140.0,Audi,8,litre,2.51,0.24,10.45833,0.15166163141993955
Maruti SX4 Vxi BSIV,Delhi,2009,92000,Petrol,Manual,First,5.0,2.7,15.5,1586.0,103.3,Maruti,11,litre,2.1,0.22,9.545455,0.13548387096774195
Ford Endeavour 2.2 Titanium AT 4X2,Chennai,2019,9000,Diesel,Automatic,First,7.0,32.9,12.62,2198.0,158.0,Ford,1,litre,2.51,0.24,10.45833,0.19889064976228207
Maruti Swift LXI BSIV,Coimbatore,2008,50121,Petrol,Manual,First,5.0,3.41,20.4,1197.0,83.11,Maruti,12,litre,2.1,0.22,9.545455,0.10294117647058824
Hyundai Grand i10 CRDi Magna,Hyderabad,2014,79000,Diesel,Manual,First,5.0,4.15,24.0,1120.0,70.0,Hyundai,6,litre,2.51,0.24,10.45833,0.10458333333333332
Volkswagen Polo 1.5 TDI Highline,Hyderabad,2014,46000,Diesel,Manual,Second,5.0,5.9,20.14,1498.0,88.8,Volkswagen,6,litre,2.51,0.24,10.45833,0.12462760675273087
Mercedes-Benz E-Class 230,Pune,2012,100000,Petrol,Automatic,First,5.0,11.5,10.0,2496.0,157.7,Mercedes-Benz,8,litre,2.1,0.22,9.545455,0.21000000000000002
Hyundai i20 Asta 1.2,Kolkata,2015,41000,Petrol,Manual,First,5.0,4.75,18.6,1197.0,81.83,Hyundai,5,litre,2.1,0.22,9.545455,0.11290322580645161
Maruti Alto K10 VXI AGS,Chennai,2015,25000,Petrol,Automatic,First,5.0,3.5,24.07,998.0,67.1,Maruti,5,litre,2.1,0.22,9.545455,0.08724553385957624
Maruti Ertiga VDI,Pune,2014,71899,Diesel,Manual,First,7.0,7.25,20.77,1248.0,88.76,Maruti,6,litre,2.51,0.24,10.45833,0.12084737602311024
Maruti Celerio VXI AT,Mumbai,2016,7100,Petrol,Automatic,First,5.0,4.35,23.1,998.0,67.04,Maruti,4,litre,2.1,0.22,9.545455,0.09090909090909091
Renault KWID Climber 1.0 AMT,Coimbatore,2018,38171,Petrol,Automatic,Second,5.0,4.99,22.5,999.0,67.0,Renault,2,litre,2.1,0.22,9.545455,0.09333333333333334
Mahindra Scorpio SLE BSIV,Bangalore,2013,70359,Diesel,Manual,First,8.0,7.65,12.05,2179.0,120.0,Mahindra,7,litre,2.51,0.24,10.45833,0.20829875518672197
Toyota Innova 2.5 GX (Diesel) 7 Seater BS IV,Chennai,2011,200000,Diesel,Manual,First,7.0,9.0,12.8,2494.0,102.0,Toyota,9,litre,2.51,0.24,10.45833,0.19609374999999998
Volkswagen Polo Diesel Highline 1.2L,Chennai,2017,26969,Diesel,Manual,First,5.0,6.9,22.07,1199.0,73.9,Volkswagen,3,litre,2.51,0.24,10.45833,0.11372904395106478
Ford Figo Diesel ZXI,Chennai,2011,56500,Diesel,Manual,First,5.0,2.9,20.0,1399.0,68.0,Ford,9,litre,2.51,0.24,10.45833,0.1255
Nissan Terrano XL Plus 85 PS,Kolkata,2014,40000,Diesel,Manual,First,5.0,5.75,20.45,1461.0,83.8,Nissan,6,litre,2.51,0.24,10.45833,0.12273838630806845
Force One LX 4x4,Kolkata,2014,41000,Diesel,Manual,First,7.0,8.0,17.0,2200.0,139.01,Force,6,litre,2.51,0.24,10.45833,0.1476470588235294
Renault KWID 1.0 RXT Optional AMT,Kochi,2017,53105,Petrol,Automatic,First,5.0,4.41,22.5,999.0,67.0,Renault,3,litre,2.1,0.22,9.545455,0.09333333333333334
Skoda Rapid 1.5 TDI Elegance,Mumbai,2013,23000,Diesel,Manual,First,5.0,4.95,21.14,1498.0,103.52,Skoda,7,litre,2.51,0.24,10.45833,0.11873226111636706
Mahindra XUV500 AT W10 FWD,Hyderabad,2016,80999,Diesel,Automatic,First,7.0,14.4,16.0,2179.0,140.0,Mahindra,4,litre,2.51,0.24,10.45833,0.156875
Ford Figo Diesel Titanium,Chennai,2012,82000,Diesel,Manual,First,5.0,2.95,20.0,1399.0,68.05,Ford,8,litre,2.51,0.24,10.45833,0.1255
Mahindra Bolero ZLX,Coimbatore,2017,68557,Diesel,Manual,First,7.0,8.14,15.96,2523.0,62.1,Mahindra,3,litre,2.51,0.24,10.45833,0.15726817042606514
Volkswagen Vento 1.5 TDI Highline,Hyderabad,2016,34000,Diesel,Manual,First,5.0,8.45,20.64,1498.0,108.5,Volkswagen,4,litre,2.51,0.24,10.45833,0.12160852713178293
Toyota Innova 2.5 VX (Diesel) 8 Seater BS IV,Pune,2015,77000,Diesel,Manual,First,8.0,12.5,12.99,2494.0,100.0,Toyota,5,litre,2.51,0.24,10.45833,0.193225558121632
Mahindra XUV500 W8 2WD,Mumbai,2012,48000,Diesel,Manual,First,7.0,6.5,15.1,2179.0,140.0,Mahindra,8,litre,2.51,0.24,10.45833,0.1662251655629139
Ford Ecosport 1.5 Ti VCT MT Titanium,Coimbatore,2015,28232,Petrol,Manual,Second,5.0,7.72,15.8,1499.0,110.0,Ford,5,litre,2.1,0.22,9.545455,0.13291139240506328
Volkswagen Jetta 2012-2014 2.0L TDI Highline AT,Chennai,2011,110000,Diesel,Automatic,First,5.0,8.0,16.96,1968.0,138.1,Volkswagen,9,litre,2.51,0.24,10.45833,0.1479952830188679
Tata New Safari DICOR 2.2 VX 4x4,Chennai,2009,120000,Diesel,Manual,Second,7.0,3.0,13.93,2179.0,138.0,Tata,11,litre,2.51,0.24,10.45833,0.18018664752333094
BMW 3 Series 330d Convertible,Mumbai,2013,49000,Diesel,Automatic,First,4.0,29.0,8.2,2993.0,245.0,BMW,7,litre,2.51,0.24,10.45833,0.30609756097560975
Volkswagen Polo 1.2 MPI Highline,Kolkata,2014,22000,Petrol,Manual,First,5.0,4.11,16.47,1198.0,74.0,Volkswagen,6,litre,2.1,0.22,9.545455,0.12750455373406194
Hyundai i20 Magna Optional 1.2,Coimbatore,2015,14925,Petrol,Manual,First,5.0,5.37,18.5,1197.0,82.9,Hyundai,5,litre,2.1,0.22,9.545455,0.11351351351351352
Maruti Ertiga ZDI,Mumbai,2013,75000,Diesel,Manual,First,7.0,6.55,20.77,1248.0,88.8,Maruti,7,litre,2.51,0.24,10.45833,0.12084737602311024
Honda City i VTEC V,Chennai,2015,23000,Petrol,Manual,First,5.0,7.0,17.4,1497.0,117.3,Honda,5,litre,2.1,0.22,9.545455,0.12068965517241381
Honda City 1.5 S MT,Mumbai,2014,57000,Petrol,Manual,First,5.0,5.48,17.0,1497.0,118.0,Honda,6,litre,2.1,0.22,9.545455,0.12352941176470589
Volkswagen Jetta 2013-2015 2.0L TDI Highline AT,Kochi,2013,76718,Diesel,Automatic,First,5.0,6.51,16.96,1968.0,138.03,Volkswagen,7,litre,2.51,0.24,10.45833,0.1479952830188679
Honda Amaze VX i-DTEC,Pune,2016,138000,Diesel,Manual,First,5.0,5.15,25.8,1498.0,98.6,Honda,4,litre,2.51,0.24,10.45833,0.09728682170542635
Mahindra XUV500 W8 2WD,Hyderabad,2013,140000,Diesel,Manual,Second,7.0,9.0,15.1,2179.0,140.0,Mahindra,7,litre,2.51,0.24,10.45833,0.1662251655629139
Toyota Corolla Altis VL,Mumbai,2008,110000,Petrol,Automatic,Second,5.0,2.75,14.53,1798.0,138.1,Toyota,12,litre,2.1,0.22,9.545455,0.1445285615966965
Hyundai Santro Xing XL eRLX Euro III,Pune,2005,126000,Petrol,Manual,Second,5.0,1.2,17.0,1086.0,97.7,Hyundai,15,litre,2.1,0.22,9.545455,0.12352941176470589
BMW 3 Series 320d,Bangalore,2012,73000,Diesel,Automatic,First,5.0,12.5,22.69,1995.0,190.0,BMW,8,litre,2.51,0.24,10.45833,0.11062141912736886
Ford EcoSport 1.5 Diesel Trend,Kochi,2017,63423,Diesel,Manual,First,5.0,7.69,23.0,1498.0,98.96,Ford,3,litre,2.51,0.24,10.45833,0.10913043478260868
Hyundai i20 Asta Optional with Sunroof 1.2,Kochi,2013,62132,Petrol,Manual,First,5.0,4.57,18.5,1197.0,82.85,Hyundai,7,litre,2.1,0.22,9.545455,0.11351351351351352
Honda City 1.5 S AT,Mumbai,2013,51000,Petrol,Automatic,First,5.0,4.5,16.8,1497.0,118.0,Honda,7,litre,2.1,0.22,9.545455,0.125
Maruti Ritz VDI (ABS) BS IV,Hyderabad,2015,75000,Diesel,Manual,First,5.0,4.9,23.2,1248.0,73.94,Maruti,5,litre,2.51,0.24,10.45833,0.10818965517241379
Hyundai i10 Era 1.1,Kolkata,2008,55410,Petrol,Manual,First,5.0,1.65,19.81,1086.0,68.05,Hyundai,12,litre,2.1,0.22,9.545455,0.1060070671378092
Chevrolet Sail 1.2 LS,Mumbai,2015,41000,Petrol,Manual,First,5.0,3.25,18.2,1199.0,82.4,Chevrolet,5,litre,2.1,0.22,9.545455,0.11538461538461539
Hyundai Verna 1.6 SX CRDi (O),Chennai,2012,45000,Diesel,Manual,First,5.0,6.25,22.32,1582.0,126.32,Hyundai,8,litre,2.51,0.24,10.45833,0.11245519713261648
Hyundai Creta 1.6 SX Option,Kochi,2018,53322,Petrol,Manual,First,5.0,12.13,15.8,1591.0,121.3,Hyundai,2,litre,2.1,0.22,9.545455,0.13291139240506328
Chevrolet Sail 1.2 LS,Jaipur,2013,48000,Petrol,Manual,First,5.0,3.25,18.2,1199.0,82.4,Chevrolet,7,litre,2.1,0.22,9.545455,0.11538461538461539
Audi Q5 2.0 TDI,Hyderabad,2013,72000,Diesel,Automatic,First,5.0,29.0,14.16,1968.0,174.3,Audi,7,litre,2.51,0.24,10.45833,0.1772598870056497
Honda City 1.5 V MT Exclusive,Kochi,2013,50266,Petrol,Manual,First,5.0,5.53,17.0,1497.0,118.0,Honda,7,litre,2.1,0.22,9.545455,0.12352941176470589
Ford EcoSport 1.5 Petrol Titanium,Hyderabad,2017,21800,Petrol,Manual,First,5.0,8.75,17.0,1497.0,121.36,Ford,3,litre,2.1,0.22,9.545455,0.12352941176470589
Audi Q7 3.0 TDI Quattro Premium Plus,Bangalore,2014,45000,Diesel,Automatic,Second,7.0,37.9,12.07,2967.0,241.4,Audi,6,litre,2.51,0.24,10.45833,0.20795360397680196
Hyundai i10 Magna 1.2,Delhi,2010,62000,Petrol,Manual,First,5.0,2.4,20.36,1197.0,78.9,Hyundai,10,litre,2.1,0.22,9.545455,0.1031434184675835
Hyundai i20 1.2 Asta,Chennai,2014,41681,Petrol,Manual,First,5.0,4.55,17.0,1197.0,80.0,Hyundai,6,litre,2.1,0.22,9.545455,0.12352941176470589
Maruti Swift Dzire 1.2 Vxi BSIV,Delhi,2011,69313,Petrol,Manual,Second,5.0,2.65,17.5,1197.0,85.8,Maruti,9,litre,2.1,0.22,9.545455,0.12000000000000001
Tata Indica V2 eLX,Pune,2017,49000,Diesel,Manual,Second,5.0,1.6,25.0,1396.0,69.0,Tata,3,litre,2.51,0.24,10.45833,0.10039999999999999
BMW 5 Series 2010-2013 530d,Coimbatore,2012,40471,Diesel,Automatic,Second,5.0,25.72,16.2,2993.0,235.0,BMW,8,litre,2.51,0.24,10.45833,0.15493827160493825
Maruti Swift VDI,Ahmedabad,2013,60000,Diesel,Manual,First,5.0,4.15,22.9,1248.0,74.0,Maruti,7,litre,2.51,0.24,10.45833,0.10960698689956332
Ford Freestyle Titanium Plus Petrol,Jaipur,2018,1001,Petrol,Manual,First,5.0,7.23,19.0,1194.0,94.68,Ford,2,litre,2.1,0.22,9.545455,0.1105263157894737
Hyundai Verna XXi ABS (Petrol),Bangalore,2008,38000,Petrol,Manual,Second,5.0,2.6,13.9,1599.0,103.2,Hyundai,12,litre,2.1,0.22,9.545455,0.1510791366906475
BMW 3 Series 320d Highline,Mumbai,2008,66000,Diesel,Automatic,Second,5.0,7.25,16.07,1995.0,181.0,BMW,12,litre,2.51,0.24,10.45833,0.1561916614810205
Toyota Innova 2.5 G4 Diesel 8-seater,Kochi,2017,33901,Diesel,Manual,First,8.0,14.29,12.8,2494.0,102.0,Toyota,3,litre,2.51,0.24,10.45833,0.19609374999999998
Mercedes-Benz New C-Class C 250 CDI Elegance,Hyderabad,2011,57000,Diesel,Automatic,Second,5.0,17.25,14.94,2143.0,204.0,Mercedes-Benz,9,litre,2.51,0.24,10.45833,0.16800535475234268
Hyundai Elantra 1.6 SX,Pune,2013,170000,Diesel,Manual,First,5.0,7.5,22.54,1582.0,126.2,Hyundai,7,litre,2.51,0.24,10.45833,0.11135758651286601
Maruti Ritz ZDi,Hyderabad,2014,60000,Diesel,Manual,First,5.0,4.35,23.2,1248.0,73.94,Maruti,6,litre,2.51,0.24,10.45833,0.10818965517241379
Maruti Vitara Brezza ZDi Plus Dual Tone,Pune,2016,85000,Diesel,Manual,First,5.0,8.9,24.3,1248.0,88.5,Maruti,4,litre,2.51,0.24,10.45833,0.10329218106995884
Hyundai Xcent 1.2 Kappa S,Kolkata,2016,146000,Petrol,Manual,Second,5.0,3.5,19.1,1197.0,82.0,Hyundai,4,litre,2.1,0.22,9.545455,0.10994764397905758
Honda City i DTEC V,Kolkata,2014,56002,Diesel,Manual,First,5.0,6.1,26.0,1498.0,98.6,Honda,6,litre,2.51,0.24,10.45833,0.09653846153846153
Renault KWID RXT,Mumbai,2016,8554,Petrol,Manual,First,5.0,3.2,25.17,799.0,53.3,Renault,4,litre,2.1,0.22,9.545455,0.08343265792610251
Toyota Etios Cross 1.4L VD,Jaipur,2014,62322,Diesel,Manual,First,5.0,4.9,23.59,1364.0,67.06,Toyota,6,litre,2.51,0.24,10.45833,0.10640101738024586
Maruti Alto K10 VXI,Kochi,2015,37929,Petrol,Manual,First,5.0,3.69,24.07,998.0,67.1,Maruti,5,litre,2.1,0.22,9.545455,0.08724553385957624
Tata Tiago 1.2 Revotron XM Option,Chennai,2016,5400,Petrol,Manual,First,5.0,3.98,23.84,1199.0,84.0,Tata,4,litre,2.1,0.22,9.545455,0.08808724832214765
Hyundai i20 1.4 CRDi Magna,Kolkata,2013,60000,Diesel,Manual,First,5.0,2.95,21.9,1396.0,90.0,Hyundai,7,litre,2.51,0.24,10.45833,0.11461187214611872
Audi A4 2.0 TDI,Kochi,2014,55730,Diesel,Automatic,First,5.0,15.21,16.55,1968.0,147.51,Audi,6,litre,2.51,0.24,10.45833,0.15166163141993955
Maruti Swift VDI,Hyderabad,2015,62000,Diesel,Manual,First,5.0,6.3,28.4,1248.0,74.0,Maruti,5,litre,2.51,0.24,10.45833,0.08838028169014084
Volkswagen Ameo 1.2 MPI Highline,Kochi,2017,14576,Petrol,Manual,First,5.0,6.69,17.0,1198.0,73.75,Volkswagen,3,litre,2.1,0.22,9.545455,0.12352941176470589
Honda BRV i-VTEC V CVT,Mumbai,2017,17000,Petrol,Automatic,First,7.0,9.5,16.0,1497.0,117.3,Honda,3,litre,2.1,0.22,9.545455,0.13125
Hyundai i20 Asta,Mumbai,2009,28000,Petrol,Manual,First,5.0,2.65,17.0,1197.0,80.0,Hyundai,11,litre,2.1,0.22,9.545455,0.12352941176470589
Hyundai Santa Fe 4X4,Ahmedabad,2012,58200,Diesel,Manual,First,7.0,7.5,14.66,2199.0,194.3,Hyundai,8,litre,2.51,0.24,10.45833,0.17121418826739426
Honda City 1.5 GXI,Bangalore,2002,53000,Petrol,Manual,Second,5.0,1.85,0.0,1493.0,97.7,Honda,18,litre,2.1,0.22,9.545455,0.12352941176470589
Maruti Celerio ZXI Optional AMT,Kochi,2018,12278,Petrol,Automatic,First,5.0,5.63,23.1,998.0,67.04,Maruti,2,litre,2.1,0.22,9.545455,0.09090909090909091
Hyundai Creta 1.6 SX,Coimbatore,2018,17665,Petrol,Manual,First,5.0,11.78,15.8,1591.0,121.3,Hyundai,2,litre,2.1,0.22,9.545455,0.13291139240506328
Tata Indica V2 DL BSIII,Hyderabad,2004,200000,Diesel,Manual,Second,5.0,0.85,17.88,1396.0,52.8,Tata,16,litre,2.51,0.24,10.45833,0.14038031319910513
Volkswagen Vento Petrol Highline,Mumbai,2011,55893,Petrol,Manual,First,5.0,3.35,15.04,1598.0,103.6,Volkswagen,9,litre,2.1,0.22,9.545455,0.1396276595744681
Maruti Celerio VXI,Kochi,2015,60586,Petrol,Manual,First,5.0,4.11,23.1,998.0,67.04,Maruti,5,litre,2.1,0.22,9.545455,0.09090909090909091
Mercedes-Benz CLA 200 D Sport Edition,Ahmedabad,2015,13500,Diesel,Automatic,First,5.0,25.51,17.9,2143.0,136.0,Mercedes-Benz,5,litre,2.51,0.24,10.45833,0.14022346368715083
Maruti Alto 800 LXI,Jaipur,2017,30000,Petrol,Manual,First,5.0,3.1,22.74,796.0,47.3,Maruti,3,litre,2.1,0.22,9.545455,0.09234828496042218
Ford Endeavour 3.2 Titanium AT 4X4,Delhi,2018,12000,Diesel,Automatic,First,7.0,33.5,10.91,3198.0,197.0,Ford,2,litre,2.51,0.24,10.45833,0.23006416131989
Tata Zest Revotron 1.2T XE,Kolkata,2017,65000,Petrol,Manual,First,5.0,4.8,17.57,1193.0,88.7,Tata,3,litre,2.1,0.22,9.545455,0.11952191235059761
Volkswagen Vento 1.6 Comfortline,Kolkata,2014,38000,Petrol,Manual,First,5.0,3.49,16.09,1598.0,103.5,Volkswagen,6,litre,2.1,0.22,9.545455,0.1305158483530143
Maruti Ertiga ZXI,Mumbai,2012,25000,Petrol,Manual,Second,7.0,5.15,17.5,1373.0,91.1,Maruti,8,litre,2.1,0.22,9.545455,0.12000000000000001
Mercedes-Benz M-Class ML 350 CDI Corporate,Mumbai,2011,100000,Diesel,Automatic,First,5.0,14.41,14.0,2987.0,224.0,Mercedes-Benz,9,litre,2.51,0.24,10.45833,0.17928571428571427
Volkswagen Polo 1.2 MPI Highline,Mumbai,2014,13710,Petrol,Manual,First,5.0,4.75,16.2,1199.0,74.0,Volkswagen,6,litre,2.1,0.22,9.545455,0.12962962962962965
Toyota Fortuner 4x2 AT,Jaipur,2015,100000,Diesel,Automatic,First,7.0,19.0,12.55,2982.0,168.5,Toyota,5,litre,2.51,0.24,10.45833,0.19999999999999998
Maruti Celerio VXI,Hyderabad,2017,17000,Petrol,Manual,First,5.0,4.9,23.1,998.0,67.04,Maruti,3,litre,2.1,0.22,9.545455,0.09090909090909091
BMW 3 Series 320d Corporate Edition,Chennai,2008,89000,Diesel,Automatic,Second,4.0,6.3,16.07,1995.0,181.0,BMW,12,litre,2.51,0.24,10.45833,0.1561916614810205
Honda City ZX VTEC,Jaipur,2006,100173,Petrol,Manual,Second,5.0,2.4,16.9,1497.0,100.0,Honda,14,litre,2.1,0.22,9.545455,0.12426035502958581
Mitsubishi Cedia Sports,Pune,2009,97000,Petrol,Manual,First,5.0,3.0,13.17,1999.0,114.0,Mitsubishi,11,litre,2.1,0.22,9.545455,0.15945330296127563
Renault Pulse Petrol RxL,Delhi,2016,40190,Petrol,Manual,First,5.0,4.25,18.06,1198.0,74.93,Renault,4,litre,2.1,0.22,9.545455,0.11627906976744187
Volkswagen Polo 1.5 TDI Highline,Hyderabad,2016,29647,Diesel,Manual,First,5.0,6.3,20.14,1498.0,88.0,Volkswagen,4,litre,2.51,0.24,10.45833,0.12462760675273087
Maruti Baleno RS Petrol,Kochi,2018,43639,Petrol,Manual,First,5.0,8.15,21.1,998.0,100.0,Maruti,2,litre,2.1,0.22,9.545455,0.0995260663507109
Hyundai i10 Magna,Kochi,2012,37333,Petrol,Manual,First,5.0,3.22,20.36,1197.0,78.9,Hyundai,8,litre,2.1,0.22,9.545455,0.1031434184675835
Hyundai i20 1.2 Spotz,Kochi,2018,48407,Petrol,Manual,First,5.0,7.65,18.6,1197.0,81.83,Hyundai,2,litre,2.1,0.22,9.545455,0.11290322580645161
BMW Z4 2009-2013 35i,Delhi,2011,25000,Petrol,Automatic,First,2.0,30.0,10.37,2979.0,306.0,BMW,9,litre,2.1,0.22,9.545455,0.2025072324011572
Hyundai i10 Sportz 1.2,Pune,2010,72400,Petrol,Manual,Second,5.0,2.3,20.36,1197.0,78.9,Hyundai,10,litre,2.1,0.22,9.545455,0.1031434184675835
Mini Cooper S Carbon Edition,Delhi,2012,18000,Petrol,Automatic,First,4.0,22.0,13.6,1598.0,181.0,Mini,8,litre,2.1,0.22,9.545455,0.15441176470588236
Honda Brio V MT,Pune,2012,65167,Petrol,Manual,First,5.0,3.28,19.4,1198.0,86.8,Honda,8,litre,2.1,0.22,9.545455,0.10824742268041239
Maruti Ciaz ZXi Option,Kochi,2016,25418,Petrol,Manual,First,5.0,7.09,20.73,1373.0,91.2,Maruti,4,litre,2.1,0.22,9.545455,0.10130246020260492
Maruti Swift Dzire ZDi,Coimbatore,2013,38995,Diesel,Manual,First,5.0,6.46,19.3,1248.0,73.9,Maruti,7,litre,2.51,0.24,10.45833,0.13005181347150258
Volkswagen Polo Diesel Comfortline 1.2L,Chennai,2012,60000,Diesel,Manual,First,5.0,4.0,22.07,1199.0,73.9,Volkswagen,8,litre,2.51,0.24,10.45833,0.11372904395106478
BMW X1 sDrive20d,Delhi,2011,72000,Diesel,Automatic,First,5.0,11.0,17.05,1995.0,184.0,BMW,9,litre,2.51,0.24,10.45833,0.14721407624633429
Audi Q7 3.0 TDI Quattro Premium Plus,Coimbatore,2016,31075,Diesel,Automatic,Second,7.0,49.79,12.07,2967.0,241.4,Audi,4,litre,2.51,0.24,10.45833,0.20795360397680196
Ford Figo 1.5D Trend MT,Kolkata,2015,4311,Diesel,Manual,First,5.0,4.8,25.83,1498.0,99.0,Ford,5,litre,2.51,0.24,10.45833,0.09717382888114595
BMW 3 Series Luxury Line,Bangalore,2017,21000,Diesel,Automatic,First,5.0,35.0,21.76,1995.0,190.0,BMW,3,litre,2.51,0.24,10.45833,0.11534926470588233
Mercedes-Benz M-Class ML 350 CDI Corporate,Bangalore,2011,54000,Diesel,Automatic,First,5.0,21.99,14.0,2987.0,224.0,Mercedes-Benz,9,litre,2.51,0.24,10.45833,0.17928571428571427
Maruti Wagon R LX BSIII,Mumbai,2007,50000,Petrol,Manual,Second,5.0,1.1,17.3,1061.0,64.0,Maruti,13,litre,2.1,0.22,9.545455,0.12138728323699421
Maruti Baleno Zeta 1.2,Delhi,2018,13000,Petrol,Manual,First,5.0,6.6,21.4,1197.0,83.1,Maruti,2,litre,2.1,0.22,9.545455,0.09813084112149534
Maruti Dzire VXI,Pune,2013,74000,Petrol,Manual,First,5.0,4.5,22.0,1197.0,81.8,Maruti,7,litre,2.1,0.22,9.545455,0.09545454545454546
Chevrolet Aveo U-VA 1.2 LT,Pune,2009,75000,Petrol,Manual,Second,5.0,1.0,14.7,1150.0,76.0,Chevrolet,11,litre,2.1,0.22,9.545455,0.14285714285714288
Volkswagen Polo 1.5 TDI Highline,Chennai,2017,25000,Diesel,Manual,First,5.0,6.9,20.14,1498.0,88.0,Volkswagen,3,litre,2.51,0.24,10.45833,0.12462760675273087
Land Rover Freelander 2 TD4 SE,Hyderabad,2012,139000,Diesel,Automatic,First,5.0,16.75,0.0,2179.0,115.0,Land,8,litre,2.51,0.24,10.45833,0.12352941176470589
Audi Q5 30 TDI quattro Premium,Mumbai,2015,52000,Diesel,Automatic,First,5.0,25.49,14.16,1968.0,174.3,Audi,5,litre,2.51,0.24,10.45833,0.1772598870056497
Audi A6 35 TDI Matrix,Chennai,2015,20000,Diesel,Automatic,First,5.0,35.5,18.53,1968.0,187.74,Audi,5,litre,2.51,0.24,10.45833,0.13545601726929302
Hyundai Grand i10 1.2 CRDi Sportz,Kochi,2018,32663,Diesel,Manual,First,5.0,6.28,24.0,1186.0,73.97,Hyundai,2,litre,2.51,0.24,10.45833,0.10458333333333332
Mahindra Scorpio SLE BSIV,Delhi,2012,76777,Diesel,Manual,Second,8.0,4.88,12.05,2179.0,120.0,Mahindra,8,litre,2.51,0.24,10.45833,0.20829875518672197
Tata Bolt Quadrajet XE,Hyderabad,2016,100303,Diesel,Manual,First,5.0,3.7,22.95,1248.0,74.0,Tata,4,litre,2.51,0.24,10.45833,0.10936819172113289
Hyundai EON Era Plus,Kochi,2015,43993,Petrol,Manual,First,5.0,3.45,21.1,814.0,55.2,Hyundai,5,litre,2.1,0.22,9.545455,0.0995260663507109
Mahindra Scorpio S8 8 Seater,Kochi,2016,72118,Diesel,Manual,First,8.0,10.23,15.4,2179.0,120.0,Mahindra,4,litre,2.51,0.24,10.45833,0.16298701298701296
Honda Accord 2001-2003 2.0 AT,Bangalore,2010,83000,Petrol,Automatic,Second,5.0,6.5,11.1,2354.0,142.0,Honda,10,litre,2.1,0.22,9.545455,0.1891891891891892
Volkswagen Polo 1.2 MPI Highline,Mumbai,2016,7523,Petrol,Manual,First,5.0,6.15,16.2,1199.0,74.0,Volkswagen,4,litre,2.1,0.22,9.545455,0.12962962962962965
Maruti Eeco 7 Seater Standard,Mumbai,2014,34670,Petrol,Manual,First,7.0,2.9,15.1,1196.0,73.0,Maruti,6,litre,2.1,0.22,9.545455,0.13907284768211922
Hyundai Grand i10 CRDi Sportz,Ahmedabad,2016,30000,Diesel,Manual,First,5.0,5.5,24.0,1120.0,70.0,Hyundai,4,litre,2.51,0.24,10.45833,0.10458333333333332
Ford Endeavour 3.2 Titanium AT 4X4,Chennai,2017,17000,Diesel,Automatic,First,7.0,31.0,10.91,3198.0,197.0,Ford,3,litre,2.51,0.24,10.45833,0.23006416131989
Hyundai Grand i10 1.2 CRDi Sportz,Delhi,2015,59261,Diesel,Manual,First,5.0,4.25,24.0,1186.0,73.97,Hyundai,5,litre,2.51,0.24,10.45833,0.10458333333333332
Maruti Swift VDI,Kochi,2016,65210,Diesel,Manual,First,5.0,5.48,22.9,1248.0,74.0,Maruti,4,litre,2.51,0.24,10.45833,0.10960698689956332
Hyundai i20 1.2 Asta Option,Bangalore,2016,19000,Petrol,Manual,First,5.0,7.25,18.6,1197.0,81.83,Hyundai,4,litre,2.1,0.22,9.545455,0.11290322580645161
Maruti Swift Dzire VXi,Hyderabad,2012,50000,Petrol,Manual,First,5.0,3.0,17.5,1298.0,85.8,Maruti,8,litre,2.1,0.22,9.545455,0.12000000000000001
BMW 3 Series 320d Luxury Line,Hyderabad,2015,47000,Diesel,Automatic,First,5.0,29.5,22.69,1995.0,190.0,BMW,5,litre,2.51,0.24,10.45833,0.11062141912736886
Honda City ZX GXi,Mumbai,2007,75000,Petrol,Manual,Second,5.0,1.49,17.7,1497.0,78.0,Honda,13,litre,2.1,0.22,9.545455,0.11864406779661017
Hyundai i10 Sportz 1.2 AT,Pune,2013,54534,Petrol,Automatic,First,5.0,3.65,16.95,1197.0,78.9,Hyundai,7,litre,2.1,0.22,9.545455,0.12389380530973453
Ford Ecosport Signature Edition Diesel,Ahmedabad,2018,13000,Diesel,Manual,First,5.0,10.9,23.0,1498.0,98.96,Ford,2,litre,2.51,0.24,10.45833,0.10913043478260868
Maruti Celerio ZXI MT,Bangalore,2015,48808,Petrol,Manual,First,5.0,4.3,23.1,998.0,67.04,Maruti,5,litre,2.1,0.22,9.545455,0.09090909090909091
Maruti Ertiga VDI,Pune,2012,63001,Diesel,Manual,Second,7.0,6.11,20.77,1248.0,88.76,Maruti,8,litre,2.51,0.24,10.45833,0.12084737602311024
Toyota Innova 2.5 V Diesel 8-seater,Hyderabad,2015,64771,Diesel,Manual,First,8.0,15.5,12.8,2494.0,102.0,Toyota,5,litre,2.51,0.24,10.45833,0.19609374999999998
Honda City i VTEC SV,Mumbai,2016,34634,Petrol,Manual,First,5.0,6.9,17.8,1497.0,117.3,Honda,4,litre,2.1,0.22,9.545455,0.11797752808988764
Maruti Swift Dzire VXI,Bangalore,2012,69242,Petrol,Manual,First,5.0,4.69,19.1,1197.0,85.8,Maruti,8,litre,2.1,0.22,9.545455,0.10994764397905758
Maruti Ritz LXi,Kochi,2011,33292,Petrol,Manual,First,5.0,3.19,18.5,1197.0,85.8,Maruti,9,litre,2.1,0.22,9.545455,0.11351351351351352
Hyundai i20 Sportz AT 1.4,Pune,2012,55000,Petrol,Automatic,Second,5.0,3.75,15.0,1396.0,98.6,Hyundai,8,litre,2.1,0.22,9.545455,0.14
Hyundai i20 Active SX Dual Tone Petrol,Pune,2019,1000,Petrol,Manual,First,5.0,8.6,17.19,1197.0,81.86,Hyundai,1,litre,2.1,0.22,9.545455,0.12216404886561955
Honda City 1.5 E MT,Chennai,2011,80000,Petrol,Manual,Second,5.0,3.85,17.0,1497.0,118.0,Honda,9,litre,2.1,0.22,9.545455,0.12352941176470589
Porsche Cayenne S Diesel,Coimbatore,2016,65003,Diesel,Automatic,First,5.0,67.83,13.6,4134.0,382.0,Porsche,4,litre,2.51,0.24,10.45833,0.18455882352941175
Honda Amaze VX i-VTEC,Coimbatore,2019,16573,Petrol,Manual,First,5.0,9.31,17.8,1198.0,86.7,Honda,1,litre,2.1,0.22,9.545455,0.11797752808988764
Honda Civic 2006-2010 1.8 S AT,Pune,2008,152633,Petrol,Automatic,First,5.0,3.0,12.9,1799.0,130.0,Honda,12,litre,2.1,0.22,9.545455,0.16279069767441862
Hyundai i20 Magna 1.2,Bangalore,2015,53000,Petrol,Manual,First,5.0,5.5,18.6,1197.0,81.83,Hyundai,5,litre,2.1,0.22,9.545455,0.11290322580645161
Hyundai Creta 1.6 CRDi SX,Hyderabad,2017,50129,Diesel,Manual,First,5.0,13.3,19.67,1582.0,126.2,Hyundai,3,litre,2.51,0.24,10.45833,0.1276054905948144
Audi Q3 2012-2015 2.0 TDI Quattro Premium Plus,Hyderabad,2013,63716,Diesel,Automatic,First,5.0,23.0,15.73,1968.0,174.33,Audi,7,litre,2.51,0.24,10.45833,0.15956770502225046
Maruti Alto 800 2016-2019 LXI,Mumbai,2018,11000,Petrol,Manual,First,5.0,3.35,24.7,796.0,47.3,Maruti,2,litre,2.1,0.22,9.545455,0.08502024291497977
BMW X1 sDrive 20d Exclusive,Chennai,2012,115000,Diesel,Automatic,Third,5.0,10.0,15.06,1995.0,177.0,BMW,8,litre,2.51,0.24,10.45833,0.16666666666666666
Hyundai i10 Magna,Delhi,2013,63265,Petrol,Manual,First,5.0,2.95,20.36,1197.0,78.9,Hyundai,7,litre,2.1,0.22,9.545455,0.1031434184675835
Volkswagen Ameo 1.5 TDI Highline,Pune,2016,20000,Diesel,Manual,First,5.0,6.75,21.66,1498.0,108.62,Volkswagen,4,litre,2.51,0.24,10.45833,0.11588180978762695
Volkswagen Polo Petrol Highline 1.2L,Pune,2010,79000,Petrol,Manual,Third,5.0,2.44,16.47,1198.0,73.9,Volkswagen,10,litre,2.1,0.22,9.545455,0.12750455373406194
Maruti Ciaz VXi Plus,Mumbai,2015,41000,Petrol,Manual,First,5.0,5.85,20.73,1373.0,91.1,Maruti,5,litre,2.1,0.22,9.545455,0.10130246020260492
Volkswagen Polo GT TSI,Kochi,2015,26323,Petrol,Automatic,First,5.0,7.4,17.21,1197.0,103.5,Volkswagen,5,litre,2.1,0.22,9.545455,0.12202208018593841
Hyundai Xcent 1.1 CRDi Base,Pune,2016,76000,Diesel,Manual,First,5.0,3.8,24.4,1120.0,71.0,Hyundai,4,litre,2.51,0.24,10.45833,0.10286885245901639
Honda Civic 2006-2010 1.8 S MT,Hyderabad,2008,69972,Petrol,Manual,First,5.0,3.8,13.5,1799.0,130.0,Honda,12,litre,2.1,0.22,9.545455,0.15555555555555556
Honda City ZX GXi,Kolkata,2008,69000,Petrol,Manual,First,5.0,2.7,17.7,1497.0,78.0,Honda,12,litre,2.1,0.22,9.545455,0.11864406779661017
Mahindra Bolero ZLX,Jaipur,2016,65000,Diesel,Manual,First,7.0,7.21,15.96,2523.0,62.1,Mahindra,4,litre,2.51,0.24,10.45833,0.15726817042606514
Honda City i VTEC V,Hyderabad,2016,29512,Petrol,Manual,First,5.0,7.9,17.4,1497.0,117.3,Honda,4,litre,2.1,0.22,9.545455,0.12068965517241381
Hyundai Xcent 1.2 CRDi S,Kolkata,2017,51000,Diesel,Manual,First,5.0,4.2,25.4,1186.0,73.97,Hyundai,3,litre,2.51,0.24,10.45833,0.09881889763779528
Renault Duster 110PS Diesel RxL,Mumbai,2014,58003,Diesel,Manual,First,5.0,5.75,19.01,1461.0,108.45,Renault,6,litre,2.51,0.24,10.45833,0.13203577064702784
Maruti A-Star AT VXI,Hyderabad,2013,56500,Petrol,Automatic,First,5.0,3.45,16.98,998.0,66.1,Maruti,7,litre,2.1,0.22,9.545455,0.12367491166077739
Audi A4 2.0 TDI 177 Bhp Premium Plus,Bangalore,2014,29063,Diesel,Automatic,First,5.0,25.75,17.11,1968.0,174.33,Audi,6,litre,2.51,0.24,10.45833,0.146697837521917
Mahindra XUV500 W8 2WD,Coimbatore,2018,46811,Diesel,Manual,First,7.0,16.59,16.0,2179.0,140.0,Mahindra,2,litre,2.51,0.24,10.45833,0.156875
Renault Pulse Petrol RxZ,Coimbatore,2014,31897,Petrol,Manual,First,5.0,4.69,18.06,1198.0,74.96,Renault,6,litre,2.1,0.22,9.545455,0.11627906976744187
BMW 3 Series 320d,Mumbai,2009,52100,Diesel,Automatic,Second,5.0,7.5,13.2,1995.0,170.0,BMW,11,litre,2.51,0.24,10.45833,0.19015151515151515
Toyota Innova Crysta 2.4 GX MT,Hyderabad,2016,73000,Diesel,Manual,First,7.0,16.5,13.68,2393.0,147.8,Toyota,4,litre,2.51,0.24,10.45833,0.1834795321637427
Honda City 1.5 S MT,Kolkata,2009,31423,Petrol,Manual,First,5.0,1.99,17.0,1497.0,118.0,Honda,11,litre,2.1,0.22,9.545455,0.12352941176470589
Maruti Swift VDI,Chennai,2014,75180,Diesel,Manual,First,5.0,5.25,22.9,1248.0,74.0,Maruti,6,litre,2.51,0.24,10.45833,0.10960698689956332
Renault Duster 110PS Diesel RxZ Plus,Mumbai,2013,75000,Diesel,Manual,Second,5.0,5.4,19.64,1461.0,108.45,Renault,7,litre,2.51,0.24,10.45833,0.12780040733197554
Volkswagen Polo 1.2 MPI Comfortline,Mumbai,2014,15000,Petrol,Manual,First,5.0,3.9,16.47,1198.0,74.0,Volkswagen,6,litre,2.1,0.22,9.545455,0.12750455373406194
Hyundai i20 Active 1.2 S,Mumbai,2015,12000,Petrol,Manual,First,5.0,5.8,17.19,1197.0,81.86,Hyundai,5,litre,2.1,0.22,9.545455,0.12216404886561955
BMW 5 Series 2013-2017 520d Luxury Line,Pune,2014,32000,Diesel,Automatic,First,5.0,30.5,18.12,1995.0,190.0,BMW,6,litre,2.51,0.24,10.45833,0.13852097130242824
Maruti Swift Dzire LDI,Hyderabad,2017,44504,Diesel,Manual,First,5.0,5.6,23.4,1248.0,74.0,Maruti,3,litre,2.51,0.24,10.45833,0.10726495726495726
Mercedes-Benz M-Class ML 350 4Matic,Ahmedabad,2012,66000,Diesel,Automatic,First,5.0,23.0,0.0,2987.0,165.0,Mercedes-Benz,8,litre,2.51,0.24,10.45833,0.12352941176470589
Maruti Swift LDI,Jaipur,2015,39437,Diesel,Manual,First,5.0,5.15,28.4,1248.0,74.0,Maruti,5,litre,2.51,0.24,10.45833,0.08838028169014084
Hyundai Verna 1.6 CRDI AT SX Option,Coimbatore,2017,36931,Diesel,Automatic,First,5.0,9.48,19.08,1582.0,126.2,Hyundai,3,litre,2.51,0.24,10.45833,0.13155136268343814
Tata Nano XTA,Bangalore,2016,17800,Petrol,Automatic,Second,4.0,2.38,21.9,624.0,37.48,Tata,4,litre,2.1,0.22,9.545455,0.09589041095890412
Maruti Swift Dzire LXi,Hyderabad,2009,71346,Petrol,Manual,First,5.0,3.8,17.5,1298.0,85.8,Maruti,11,litre,2.1,0.22,9.545455,0.12000000000000001
Hyundai i20 Asta Option 1.2,Delhi,2015,45000,Petrol,Manual,Second,5.0,5.5,18.6,1197.0,81.83,Hyundai,5,litre,2.1,0.22,9.545455,0.11290322580645161
Hyundai i20 1.2 Sportz,Hyderabad,2010,85155,Petrol,Manual,First,5.0,3.55,17.0,1197.0,80.0,Hyundai,10,litre,2.1,0.22,9.545455,0.12352941176470589
Maruti Ciaz ZXi,Mumbai,2015,48823,Petrol,Manual,First,5.0,6.35,20.73,1373.0,91.1,Maruti,5,litre,2.1,0.22,9.545455,0.10130246020260492
Land Rover Range Rover 2.2L Prestige,Delhi,2015,37000,Diesel,Automatic,First,5.0,36.0,12.7,2179.0,187.7,Land,5,litre,2.51,0.24,10.45833,0.19763779527559056
Tata Indigo LX BSII,Hyderabad,2005,92000,Diesel,Manual,Second,5.0,1.1,16.1,1405.0,70.0,Tata,15,litre,2.51,0.24,10.45833,0.1559006211180124
Tata Zest Revotron 1.2T XM,Mumbai,2014,36000,Petrol,Manual,First,5.0,3.7,17.57,1193.0,88.7,Tata,6,litre,2.1,0.22,9.545455,0.11952191235059761
Mahindra XUV500 W10 1.99 mHawk,Delhi,2016,24569,Diesel,Manual,First,7.0,13.5,16.0,1997.0,140.0,Mahindra,4,litre,2.51,0.24,10.45833,0.156875
Honda Accord 2.4 AT,Mumbai,2008,95000,Petrol,Automatic,Third,5.0,2.85,11.7,2354.0,177.6,Honda,12,litre,2.1,0.22,9.545455,0.17948717948717952
Tata Nano Twist XT,Coimbatore,2015,25811,Petrol,Manual,Second,4.0,2.13,25.4,624.0,37.5,Tata,5,litre,2.1,0.22,9.545455,0.08267716535433071
Hyundai Elantra CRDi S,Ahmedabad,2015,65000,Diesel,Manual,First,5.0,7.75,22.7,1582.0,126.2,Hyundai,5,litre,2.51,0.24,10.45833,0.11057268722466959
Tata Indica V2 eLS,Chennai,2017,100400,Diesel,Manual,First,5.0,2.85,25.0,1396.0,69.0,Tata,3,litre,2.51,0.24,10.45833,0.10039999999999999
Honda Amaze S i-Dtech,Jaipur,2014,76414,Diesel,Manual,First,5.0,4.95,25.8,1498.0,98.6,Honda,6,litre,2.51,0.24,10.45833,0.09728682170542635
Mahindra XUV500 W8 2WD,Kochi,2012,82103,Diesel,Manual,First,7.0,6.2,15.1,2179.0,140.0,Mahindra,8,litre,2.51,0.24,10.45833,0.1662251655629139
BMW X3 xDrive 20d Expedition,Pune,2013,98000,Diesel,Automatic,First,5.0,17.5,18.56,1995.0,190.0,BMW,7,litre,2.51,0.24,10.45833,0.13523706896551724
Hyundai Grand i10 1.2 Kappa Magna,Pune,2010,45252,Petrol,Manual,First,5.0,2.25,18.9,1197.0,81.86,Hyundai,10,litre,2.1,0.22,9.545455,0.11111111111111112
Maruti Baleno Zeta 1.2,Delhi,2017,10300,Petrol,Manual,First,5.0,6.75,21.4,1197.0,83.1,Maruti,3,litre,2.1,0.22,9.545455,0.09813084112149534
Hyundai Verna 1.6 CRDi AT SX,Kochi,2016,42024,Diesel,Automatic,First,5.0,9.73,19.08,1582.0,126.2,Hyundai,4,litre,2.51,0.24,10.45833,0.13155136268343814
Maruti Ertiga VDI,Kochi,2018,51236,Diesel,Manual,First,7.0,8.49,25.47,1248.0,88.5,Maruti,2,litre,2.51,0.24,10.45833,0.09854731056144483
Mini Cooper S Carbon Edition,Mumbai,2013,52000,Petrol,Automatic,First,4.0,25.0,13.6,1598.0,181.0,Mini,7,litre,2.1,0.22,9.545455,0.15441176470588236
Maruti Ritz ZDi,Coimbatore,2015,42894,Diesel,Manual,First,5.0,5.59,23.2,1248.0,73.94,Maruti,5,litre,2.51,0.24,10.45833,0.10818965517241379
Skoda Laura L n K 1.9 PD AT,Mumbai,2011,68000,Diesel,Automatic,First,5.0,4.8,15.6,1896.0,106.0,Skoda,9,litre,2.51,0.24,10.45833,0.16089743589743588
Ford Ecosport 1.5 DV5 MT Titanium Optional,Delhi,2014,69000,Diesel,Manual,First,5.0,5.45,22.7,1498.0,89.84,Ford,6,litre,2.51,0.24,10.45833,0.11057268722466959
Hyundai i20 2015-2017 Sportz 1.2,Pune,2017,10000,Petrol,Manual,First,5.0,6.5,18.6,1197.0,81.83,Hyundai,3,litre,2.1,0.22,9.545455,0.11290322580645161
Honda Brio E MT,Chennai,2015,16000,Petrol,Manual,First,5.0,4.35,19.4,1198.0,86.8,Honda,5,litre,2.1,0.22,9.545455,0.10824742268041239
Honda Amaze S i-Dtech,Kolkata,2013,46992,Diesel,Manual,First,5.0,3.75,25.8,1498.0,98.6,Honda,7,litre,2.51,0.24,10.45833,0.09728682170542635
BMW 5 Series 2003-2012 520d,Pune,2010,170000,Diesel,Automatic,Third,5.0,12.0,18.48,1995.0,177.0,BMW,10,litre,2.51,0.24,10.45833,0.13582251082251082
Audi Q7 3.0 TDI Quattro Premium Plus,Delhi,2014,58000,Diesel,Automatic,First,7.0,32.0,12.07,2967.0,241.4,Audi,6,litre,2.51,0.24,10.45833,0.20795360397680196
Hyundai Grand i10 CRDi Magna,Jaipur,2015,50000,Diesel,Manual,Second,5.0,4.0,24.0,1120.0,70.0,Hyundai,5,litre,2.51,0.24,10.45833,0.10458333333333332
Nissan Micra Diesel XV,Kolkata,2011,39010,Diesel,Manual,First,5.0,2.6,23.08,1461.0,63.1,Nissan,9,litre,2.51,0.24,10.45833,0.10875216637781629
Hyundai Grand i10 Sportz,Jaipur,2016,26946,Petrol,Manual,First,5.0,4.45,18.9,1197.0,82.0,Hyundai,4,litre,2.1,0.22,9.545455,0.11111111111111112
Hyundai EON Era,Pune,2015,28700,Petrol,Manual,First,5.0,2.6,21.1,814.0,55.2,Hyundai,5,litre,2.1,0.22,9.545455,0.0995260663507109
Mercedes-Benz New C-Class C250 Avantgarde,Chennai,2011,60000,Petrol,Automatic,First,5.0,16.0,11.74,1796.0,186.0,Mercedes-Benz,9,litre,2.1,0.22,9.545455,0.1788756388415673
Land Rover Range Rover 2.2L Pure,Delhi,2014,38999,Diesel,Automatic,First,5.0,32.5,12.7,2179.0,187.7,Land,6,litre,2.51,0.24,10.45833,0.19763779527559056
Mahindra Ssangyong Rexton RX7,Mumbai,2016,39000,Diesel,Automatic,First,7.0,13.85,11.18,2696.0,184.0,Mahindra,4,litre,2.51,0.24,10.45833,0.22450805008944544
Maruti Ciaz 1.4 Delta,Coimbatore,2018,7784,Petrol,Manual,First,5.0,8.76,20.73,1373.0,91.1,Maruti,2,litre,2.1,0.22,9.545455,0.10130246020260492
Mercedes-Benz R-Class R350 4Matic Long,Kochi,2014,45710,Petrol,Automatic,First,7.0,23.68,11.8,3498.0,272.0,Mercedes-Benz,6,litre,2.1,0.22,9.545455,0.17796610169491525
Maruti Dzire AMT VXI,Chennai,2017,42000,Petrol,Automatic,First,5.0,5.5,22.0,1197.0,81.8,Maruti,3,litre,2.1,0.22,9.545455,0.09545454545454546
Land Rover Range Rover Vogue SE 4.4 SDV8,Coimbatore,2013,75995,Diesel,Automatic,Second,5.0,65.81,11.49,4367.0,335.3,Land,7,litre,2.51,0.24,10.45833,0.21845082680591818
Renault Duster 110PS Diesel RxZ,Kolkata,2013,57000,Diesel,Manual,First,5.0,4.99,19.01,1461.0,108.45,Renault,7,litre,2.51,0.24,10.45833,0.13203577064702784
Hyundai Verna 1.6 SX,Chennai,2013,85350,Diesel,Manual,Second,5.0,5.7,22.32,1582.0,126.32,Hyundai,7,litre,2.51,0.24,10.45833,0.11245519713261648
Toyota Corolla Altis 1.8 VL CVT,Coimbatore,2016,82725,Petrol,Automatic,First,5.0,11.99,14.28,1798.0,138.03,Toyota,4,litre,2.1,0.22,9.545455,0.14705882352941177
BMW 3 Series Sport,Mumbai,2016,19000,Diesel,Automatic,Second,5.0,29.99,21.76,1995.0,190.0,BMW,4,litre,2.51,0.24,10.45833,0.11534926470588233
Ford EcoSport 1.5 Ti VCT MT Signature,Chennai,2018,13900,Petrol,Manual,First,5.0,9.5,18.88,1499.0,110.4,Ford,2,litre,2.1,0.22,9.545455,0.11122881355932204
Maruti Swift VDI BSIV,Hyderabad,2014,108000,Diesel,Manual,First,5.0,5.5,25.2,1248.0,74.0,Maruti,6,litre,2.51,0.24,10.45833,0.0996031746031746
Hyundai Santa Fe 4x4 AT,Bangalore,2016,36000,Diesel,Automatic,First,7.0,23.0,11.72,2199.0,194.3,Hyundai,4,litre,2.51,0.24,10.45833,0.21416382252559724
Tata Indica V2 DLS,Hyderabad,2013,62188,Diesel,Manual,First,5.0,2.95,17.2,1396.0,53.5,Tata,7,litre,2.51,0.24,10.45833,0.14593023255813953
Hyundai Grand i10 CRDi Sportz,Kochi,2015,58397,Diesel,Manual,First,5.0,4.9,24.0,1120.0,70.0,Hyundai,5,litre,2.51,0.24,10.45833,0.10458333333333332
Hyundai Santro Xing XL,Chennai,2006,85000,Petrol,Manual,Third,5.0,1.3,0.0,1086.0,97.7,Hyundai,14,litre,2.1,0.22,9.545455,0.12352941176470589
Maruti Wagon R VXI AMT,Delhi,2016,30000,Petrol,Automatic,First,5.0,4.25,22.5,998.0,67.0,Maruti,4,litre,2.1,0.22,9.545455,0.09333333333333334
Mahindra XUV500 W10 2WD,Kochi,2018,29907,Diesel,Manual,First,7.0,16.36,16.0,2179.0,140.0,Mahindra,2,litre,2.51,0.24,10.45833,0.156875
Audi A4 2.0 TDI,Kolkata,2009,46000,Diesel,Automatic,First,5.0,9.95,16.55,1968.0,147.51,Audi,11,litre,2.51,0.24,10.45833,0.15166163141993955
Volkswagen Vento Diesel Highline,Bangalore,2012,65000,Diesel,Manual,First,5.0,5.5,20.54,1598.0,103.6,Volkswagen,8,litre,2.51,0.24,10.45833,0.12220058422590067
Maruti Vitara Brezza ZDi Plus Dual Tone,Delhi,2016,22000,Diesel,Manual,First,5.0,8.25,24.3,1248.0,88.5,Maruti,4,litre,2.51,0.24,10.45833,0.10329218106995884
Maruti Zen LX,Chennai,2002,99024,Petrol,Manual,First,5.0,0.95,17.3,993.0,60.0,Maruti,18,litre,2.1,0.22,9.545455,0.12138728323699421
Hyundai i10 Era,Kochi,2016,34952,Petrol,Manual,First,5.0,4.01,19.81,1086.0,68.05,Hyundai,4,litre,2.1,0.22,9.545455,0.1060070671378092
Honda WR-V Edge Edition i-VTEC S,Kochi,2019,13913,Petrol,Manual,First,5.0,8.2,17.5,1199.0,88.7,Honda,1,litre,2.1,0.22,9.545455,0.12000000000000001
Honda City i DTEC VX,Chennai,2014,71000,Diesel,Manual,Second,5.0,6.2,25.1,1498.0,98.6,Honda,6,litre,2.51,0.24,10.45833,0.09999999999999999
Toyota Fortuner 4x2 4 Speed AT,Chennai,2012,97000,Diesel,Automatic,First,7.0,16.75,11.5,2982.0,169.0,Toyota,8,litre,2.51,0.24,10.45833,0.21826086956521737
Mahindra XUV500 AT W10 FWD,Delhi,2017,21000,Diesel,Automatic,First,7.0,16.5,16.0,2179.0,140.0,Mahindra,3,litre,2.51,0.24,10.45833,0.156875
Ford Endeavour XLT TDCi 4X4,Mumbai,2007,116000,Diesel,Manual,Third,7.0,3.75,10.9,2499.0,97.7,Ford,13,litre,2.51,0.24,10.45833,0.23027522935779815
Ford Figo Diesel ZXI,Kolkata,2012,110438,Diesel,Manual,First,5.0,3.5,20.0,1399.0,68.05,Ford,8,litre,2.51,0.24,10.45833,0.1255
Honda Jazz 1.2 V CVT i VTEC,Coimbatore,2017,66507,Petrol,Automatic,Second,5.0,5.43,19.0,1199.0,88.7,Honda,3,litre,2.1,0.22,9.545455,0.1105263157894737
Ford Endeavour 3.2 Titanium AT 4X4,Coimbatore,2017,54650,Diesel,Automatic,First,7.0,30.35,10.91,3198.0,197.0,Ford,3,litre,2.51,0.24,10.45833,0.23006416131989
Nissan Sunny XL CVT,Hyderabad,2014,32000,Petrol,Automatic,First,5.0,7.99,17.97,1498.0,99.6,Nissan,6,litre,2.1,0.22,9.545455,0.11686143572621037
Skoda Octavia Ambiente 1.9 TDI MT,Coimbatore,2011,75378,Diesel,Manual,First,5.0,3.59,18.7,1896.0,66.0,Skoda,9,litre,2.51,0.24,10.45833,0.13422459893048128
Chevrolet Beat Diesel LT,Chennai,2012,82697,Diesel,Manual,First,5.0,1.9,25.44,936.0,57.6,Chevrolet,8,litre,2.51,0.24,10.45833,0.09866352201257861
Toyota Camry W2 (AT),Chennai,2009,135000,Petrol,Automatic,First,5.0,4.7,12.1,2362.0,164.7,Toyota,11,litre,2.1,0.22,9.545455,0.17355371900826447
Renault Duster 110PS Diesel RxZ,Chennai,2012,149000,Diesel,Manual,First,5.0,7.25,19.01,1461.0,108.45,Renault,8,litre,2.51,0.24,10.45833,0.13203577064702784
Mercedes-Benz GLA Class 200 d Style,Kochi,2016,26212,Diesel,Automatic,First,5.0,24.46,17.9,2143.0,136.0,Mercedes-Benz,4,litre,2.51,0.24,10.45833,0.14022346368715083
Tata Zest Revotron 1.2T XMS,Pune,2014,23500,Petrol,Manual,Second,5.0,3.9,17.57,1193.0,88.7,Tata,6,litre,2.1,0.22,9.545455,0.11952191235059761
Hyundai i20 1.2 Magna,Coimbatore,2013,56127,Petrol,Manual,First,5.0,5.15,18.5,1197.0,80.0,Hyundai,7,litre,2.1,0.22,9.545455,0.11351351351351352
Maruti Wagon R VXI AMT1.2,Mumbai,2015,26000,Petrol,Automatic,First,5.0,3.65,21.5,1197.0,81.8,Maruti,5,litre,2.1,0.22,9.545455,0.09767441860465116
Hyundai Xcent 1.2 CRDi S,Kolkata,2016,26000,Diesel,Manual,First,5.0,5.0,25.4,1186.0,73.97,Hyundai,4,litre,2.51,0.24,10.45833,0.09881889763779528
Honda City 1.5 S MT,Kolkata,2009,42000,Petrol,Manual,First,5.0,2.3,17.0,1497.0,118.0,Honda,11,litre,2.1,0.22,9.545455,0.12352941176470589
Hyundai Accent GLE,Pune,2001,130000,Petrol,Manual,Second,5.0,0.75,13.2,1495.0,94.0,Hyundai,19,litre,2.1,0.22,9.545455,0.15909090909090912
Hyundai Verna Xi (Petrol),Kochi,2009,137148,Petrol,Manual,Second,5.0,1.85,13.9,1599.0,103.2,Hyundai,11,litre,2.1,0.22,9.545455,0.1510791366906475
Ford Figo Petrol ZXI,Kolkata,2010,114703,Petrol,Manual,First,5.0,1.8,15.6,1196.0,70.0,Ford,10,litre,2.1,0.22,9.545455,0.13461538461538464
Honda Amaze S i-Dtech,Kochi,2014,97439,Diesel,Manual,First,5.0,4.41,25.8,1498.0,98.6,Honda,6,litre,2.51,0.24,10.45833,0.09728682170542635
Maruti Wagon R LX BSII,Chennai,2006,40000,Petrol,Manual,First,5.0,2.0,18.9,998.0,67.1,Maruti,14,litre,2.1,0.22,9.545455,0.11111111111111112
Maruti Swift VDI BSIV,Hyderabad,2014,81609,Diesel,Manual,First,5.0,5.55,17.8,1248.0,97.7,Maruti,6,litre,2.51,0.24,10.45833,0.14101123595505616
Mercedes-Benz E-Class Facelift,Bangalore,2014,28000,Diesel,Automatic,First,5.0,31.75,13.0,2987.0,258.0,Mercedes-Benz,6,litre,2.51,0.24,10.45833,0.19307692307692306
Audi A6 2011-2015 35 TDI Technology,Bangalore,2015,37500,Diesel,Automatic,First,5.0,32.0,17.68,1968.0,174.33,Audi,5,litre,2.51,0.24,10.45833,0.1419683257918552
Mercedes-Benz S Class 2005 2013 S 350 CDI,Hyderabad,2010,37000,Diesel,Automatic,First,5.0,21.0,13.5,2987.0,282.0,Mercedes-Benz,10,litre,2.51,0.24,10.45833,0.1859259259259259
Maruti Swift Dzire LDi,Ahmedabad,2010,83000,Diesel,Manual,First,5.0,2.75,19.3,1248.0,73.9,Maruti,10,litre,2.51,0.24,10.45833,0.13005181347150258
Toyota Corolla H2,Coimbatore,2005,79012,Petrol,Manual,First,5.0,2.64,13.4,1794.0,125.0,Toyota,15,litre,2.1,0.22,9.545455,0.15671641791044777
Mahindra Scorpio S10 7 Seater,Kochi,2018,27395,Diesel,Manual,First,7.0,14.19,15.4,2179.0,120.0,Mahindra,2,litre,2.51,0.24,10.45833,0.16298701298701296
Maruti Wagon R VXI,Jaipur,2017,35362,Petrol,Manual,First,5.0,3.85,22.5,998.0,67.04,Maruti,3,litre,2.1,0.22,9.545455,0.09333333333333334
Toyota Fortuner 4x2 Manual,Delhi,2014,117000,Diesel,Manual,First,7.0,15.5,13.0,2982.0,168.5,Toyota,6,litre,2.51,0.24,10.45833,0.19307692307692306
Maruti Zen Estilo 1.1 LX BSIII,Mumbai,2010,23000,Petrol,Manual,First,5.0,1.9,18.2,1061.0,64.0,Maruti,10,litre,2.1,0.22,9.545455,0.11538461538461539
Tata Nano CX,Kochi,2014,59508,Petrol,Manual,First,4.0,1.26,25.4,624.0,37.48,Tata,6,litre,2.1,0.22,9.545455,0.08267716535433071
Hyundai i20 Magna,Chennai,2009,69000,Petrol,Manual,Second,5.0,2.4,18.5,1197.0,80.0,Hyundai,11,litre,2.1,0.22,9.545455,0.11351351351351352
BMW 3 Series 320d,Bangalore,2010,58000,Diesel,Automatic,First,5.0,11.5,22.69,1995.0,190.0,BMW,10,litre,2.51,0.24,10.45833,0.11062141912736886
Mahindra XUV500 W6 2WD,Jaipur,2014,88511,Diesel,Manual,First,7.0,8.25,16.0,2179.0,140.0,Mahindra,6,litre,2.51,0.24,10.45833,0.156875
Volkswagen Vento IPL II Petrol Trendline,Pune,2011,66000,Petrol,Manual,First,5.0,2.75,15.8,1598.0,105.0,Volkswagen,9,litre,2.1,0.22,9.545455,0.13291139240506328
Skoda Fabia 1.2 MPI Classic,Delhi,2009,65000,Petrol,Manual,Second,5.0,1.4,17.5,1198.0,70.0,Skoda,11,litre,2.1,0.22,9.545455,0.12000000000000001
Tata Nano Twist XT,Coimbatore,2015,30676,Petrol,Manual,First,4.0,2.9,25.4,624.0,37.5,Tata,5,litre,2.1,0.22,9.545455,0.08267716535433071
Ford Figo Diesel EXI,Chennai,2011,76000,Diesel,Manual,First,5.0,2.4,20.0,1399.0,68.0,Ford,9,litre,2.51,0.24,10.45833,0.1255
Volkswagen Vento IPL II Petrol Highline AT,Pune,2013,23627,Petrol,Automatic,First,5.0,4.75,14.8,1598.0,105.0,Volkswagen,7,litre,2.1,0.22,9.545455,0.14189189189189189
Land Rover Range Rover HSE Dynamic,Kochi,2018,52827,Diesel,Automatic,First,5.0,44.76,12.7,2179.0,187.7,Land,2,litre,2.51,0.24,10.45833,0.19763779527559056
Honda City i DTEC SV,Kochi,2015,64465,Diesel,Manual,First,5.0,6.22,26.0,1498.0,98.6,Honda,5,litre,2.51,0.24,10.45833,0.09653846153846153
Renault KWID Climber 1.0 AMT,Chennai,2018,14000,Petrol,Automatic,First,5.0,4.5,22.5,999.0,67.0,Renault,2,litre,2.1,0.22,9.545455,0.09333333333333334
Hyundai Grand i10 Asta Option,Mumbai,2015,26000,Petrol,Manual,First,5.0,4.25,18.9,1197.0,82.0,Hyundai,5,litre,2.1,0.22,9.545455,0.11111111111111112
Chevrolet Cruze LTZ AT,Hyderabad,2011,78203,Diesel,Automatic,First,4.0,5.5,18.1,1991.0,147.9,Chevrolet,9,litre,2.51,0.24,10.45833,0.13867403314917126
Hyundai i20 1.4 Asta,Mumbai,2017,27000,Diesel,Manual,First,5.0,6.95,22.54,1396.0,88.73,Hyundai,3,litre,2.51,0.24,10.45833,0.11135758651286601
Maruti Alto K10 VXI AGS,Coimbatore,2018,31919,Petrol,Automatic,First,5.0,4.56,24.07,998.0,67.1,Maruti,2,litre,2.1,0.22,9.545455,0.08724553385957624
Hyundai Creta 1.6 SX Option Diesel,Coimbatore,2016,47392,Diesel,Manual,First,5.0,13.82,20.5,1582.0,126.2,Hyundai,4,litre,2.51,0.24,10.45833,0.12243902439024389
Honda Amaze VX i-Vtech,Mumbai,2016,17362,Petrol,Manual,First,5.0,5.65,18.0,1198.0,86.7,Honda,4,litre,2.1,0.22,9.545455,0.11666666666666667
Hyundai i20 Active 1.4 SX Dual Tone,Kochi,2016,49716,Diesel,Manual,First,5.0,6.2,21.19,1396.0,88.73,Hyundai,4,litre,2.51,0.24,10.45833,0.11845210004719206
Maruti Celerio VXI,Delhi,2014,48000,Petrol,Manual,First,5.0,3.25,23.1,998.0,67.04,Maruti,6,litre,2.1,0.22,9.545455,0.09090909090909091
Audi A4 2.0 TDI,Kolkata,2009,46000,Diesel,Automatic,First,5.0,8.5,16.55,1968.0,147.51,Audi,11,litre,2.51,0.24,10.45833,0.15166163141993955
Hyundai Verna 1.4 CRDi,Bangalore,2016,79000,Diesel,Manual,First,5.0,7.25,24.8,1396.0,88.7,Hyundai,4,litre,2.51,0.24,10.45833,0.10120967741935483
Renault Fluence Diesel E4,Pune,2013,57000,Diesel,Manual,First,5.0,4.61,21.8,1461.0,78.0,Renault,7,litre,2.51,0.24,10.45833,0.11513761467889908
Volkswagen Polo 1.2 MPI Highline,Delhi,2016,29754,Petrol,Manual,First,5.0,5.3,16.2,1199.0,74.0,Volkswagen,4,litre,2.1,0.22,9.545455,0.12962962962962965
Tata Indigo LX,Ahmedabad,2012,50123,Diesel,Manual,First,5.0,1.9,17.0,1405.0,70.0,Tata,8,litre,2.51,0.24,10.45833,0.1476470588235294
Hyundai i10 Sportz,Kochi,2012,57184,Petrol,Manual,First,5.0,3.09,20.36,1197.0,78.9,Hyundai,8,litre,2.1,0.22,9.545455,0.1031434184675835
BMW 7 Series 730Ld Sedan,Mumbai,2007,75000,Diesel,Automatic,Second,5.0,9.5,16.46,2993.0,258.0,BMW,13,litre,2.51,0.24,10.45833,0.1524908869987849
Hyundai Creta 1.6 CRDi AT SX Plus,Mumbai,2015,26000,Diesel,Automatic,First,5.0,12.65,17.01,1582.0,126.2,Hyundai,5,litre,2.51,0.24,10.45833,0.14756025867136977
Hyundai Grand i10 Magna,Delhi,2016,22129,Petrol,Manual,First,5.0,4.25,18.9,1197.0,82.0,Hyundai,4,litre,2.1,0.22,9.545455,0.11111111111111112
Maruti Ritz VDi,Hyderabad,2011,127887,Diesel,Manual,First,5.0,2.95,21.1,1248.0,73.9,Maruti,9,litre,2.51,0.24,10.45833,0.11895734597156396
Mahindra Scorpio 2.6 SLX CRDe,Hyderabad,2006,92000,Diesel,Manual,First,8.0,3.45,10.5,2179.0,120.0,Mahindra,14,litre,2.51,0.24,10.45833,0.23904761904761904
Hyundai i10 Era,Hyderabad,2011,60634,Petrol,Manual,First,5.0,3.3,19.81,1086.0,68.05,Hyundai,9,litre,2.1,0.22,9.545455,0.1060070671378092
Tata Safari Storme 2012-2015 VX,Hyderabad,2014,90000,Diesel,Manual,First,7.0,8.0,14.0,2179.0,138.1,Tata,6,litre,2.51,0.24,10.45833,0.17928571428571427
Honda Civic 2006-2010 1.8 V MT,Kolkata,2009,59000,Petrol,Manual,First,5.0,2.71,13.5,1799.0,130.0,Honda,11,litre,2.1,0.22,9.545455,0.15555555555555556
Maruti Zen Estilo LXI BSIII,Hyderabad,2012,59293,Petrol,Manual,First,5.0,2.7,18.2,998.0,67.1,Maruti,8,litre,2.1,0.22,9.545455,0.11538461538461539
Maruti Swift Dzire VDI,Mumbai,2012,80753,Diesel,Manual,Second,5.0,4.5,23.4,1248.0,74.0,Maruti,8,litre,2.51,0.24,10.45833,0.10726495726495726
Toyota Fortuner 4x2 Manual,Delhi,2015,40000,Diesel,Manual,Second,7.0,18.75,13.0,2982.0,168.5,Toyota,5,litre,2.51,0.24,10.45833,0.19307692307692306
Maruti Swift VDI,Pune,2014,103000,Diesel,Manual,Second,5.0,5.25,28.4,1248.0,74.0,Maruti,6,litre,2.51,0.24,10.45833,0.08838028169014084
Maruti Wagon R Duo LX BSIII,Hyderabad,2012,72389,LPG,Manual,First,5.0,3.2,26.2,998.0,58.2,Maruti,8,litre,1.56,0.21,7.428571,0.05954198473282443
Maruti Dzire LDI,Pune,2017,48000,Diesel,Manual,First,5.0,6.0,28.4,1248.0,73.75,Maruti,3,litre,2.51,0.24,10.45833,0.08838028169014084
Hyundai Grand i10 Asta,Kolkata,2014,41000,Petrol,Manual,First,5.0,3.14,18.9,1197.0,82.0,Hyundai,6,litre,2.1,0.22,9.545455,0.11111111111111112
Renault KWID RXL,Jaipur,2016,26000,Petrol,Manual,First,5.0,2.55,25.17,799.0,53.3,Renault,4,litre,2.1,0.22,9.545455,0.08343265792610251
Tata Indigo CS eGLX BS IV,Jaipur,2012,30000,Petrol,Manual,Second,5.0,2.3,15.64,1193.0,64.08,Tata,8,litre,2.1,0.22,9.545455,0.13427109974424553
Ford Figo Diesel Titanium,Hyderabad,2014,74624,Diesel,Manual,First,5.0,5.65,20.0,1399.0,68.05,Ford,6,litre,2.51,0.24,10.45833,0.1255
Porsche Cayenne 2009-2014 Diesel,Kochi,2015,47877,Diesel,Automatic,First,5.0,48.22,15.15,2967.0,240.0,Porsche,5,litre,2.51,0.24,10.45833,0.16567656765676567
Maruti Alto K10 VXI,Jaipur,2016,35000,Petrol,Manual,First,5.0,3.0,24.07,998.0,67.1,Maruti,4,litre,2.1,0.22,9.545455,0.08724553385957624
Volkswagen Vento 1.5 TDI Highline,Ahmedabad,2015,52123,Diesel,Manual,First,5.0,7.5,20.34,1498.0,103.2,Volkswagen,5,litre,2.51,0.24,10.45833,0.12340216322517207
Mahindra Scorpio 2.6 SLX CRDe,Bangalore,2005,90000,Diesel,Manual,First,8.0,2.6,10.5,2179.0,120.0,Mahindra,15,litre,2.51,0.24,10.45833,0.23904761904761904
BMW X3 xDrive 20d Luxury Line,Mumbai,2018,1400,Diesel,Automatic,First,5.0,61.25,18.56,1995.0,190.0,BMW,2,litre,2.51,0.24,10.45833,0.13523706896551724
Honda City 1.5 V MT,Chennai,2009,122000,Petrol,Manual,Second,5.0,3.5,17.0,1497.0,118.0,Honda,11,litre,2.1,0.22,9.545455,0.12352941176470589
Mini Cooper 3 DOOR S,Kochi,2016,21110,Petrol,Automatic,First,4.0,28.95,17.44,1998.0,189.08,Mini,4,litre,2.1,0.22,9.545455,0.12041284403669725
Mitsubishi Pajero Sport 4X4 AT,Pune,2015,78000,Diesel,Automatic,First,6.0,15.0,13.5,2477.0,175.56,Mitsubishi,5,litre,2.51,0.24,10.45833,0.1859259259259259
Maruti Swift Dzire VDi,Jaipur,2012,72000,Diesel,Manual,First,5.0,4.25,19.3,1248.0,73.9,Maruti,8,litre,2.51,0.24,10.45833,0.13005181347150258
Bentley Continental Flying Spur,Hyderabad,2006,48000,Petrol,Automatic,First,4.0,59.0,8.6,5998.0,552.0,Bentley,14,litre,2.1,0.22,9.545455,0.24418604651162792
Maruti Ertiga VDI,Pune,2013,43486,Diesel,Manual,First,7.0,6.6,20.77,1248.0,88.76,Maruti,7,litre,2.51,0.24,10.45833,0.12084737602311024
Toyota Innova 2.5 G4 Diesel 7-seater,Hyderabad,2007,199000,Diesel,Manual,Second,7.0,5.2,12.8,2494.0,102.0,Toyota,13,litre,2.51,0.24,10.45833,0.19609374999999998
Mercedes-Benz New C-Class C 200 Kompressor Elegance MT,Chennai,2010,34000,Petrol,Manual,First,5.0,10.0,11.7,1796.0,178.0,Mercedes-Benz,10,litre,2.1,0.22,9.545455,0.17948717948717952
Mercedes-Benz New C-Class C 220 CDI BE Avantgare,Bangalore,2016,37944,Diesel,Automatic,First,5.0,35.0,14.84,2143.0,167.62,Mercedes-Benz,4,litre,2.51,0.24,10.45833,0.1691374663072776
Ford Ecosport 1.5 DV5 MT Titanium Optional,Mumbai,2017,30000,Diesel,Manual,First,5.0,8.75,22.7,1498.0,89.84,Ford,3,litre,2.51,0.24,10.45833,0.11057268722466959
Toyota Etios Liva 1.2 G,Coimbatore,2015,64005,Petrol,Manual,First,5.0,4.57,17.71,1197.0,78.9,Toyota,5,litre,2.1,0.22,9.545455,0.11857707509881422
Hyundai i10 Magna 1.2,Delhi,2012,62000,Petrol,Manual,First,5.0,2.5,20.36,1197.0,78.9,Hyundai,8,litre,2.1,0.22,9.545455,0.1031434184675835
Hyundai Santro LP - Euro II,Chennai,2005,105000,Petrol,Manual,First,5.0,1.75,0.0,999.0,97.7,Hyundai,15,litre,2.1,0.22,9.545455,0.12352941176470589
Land Rover Freelander 2 SE,Kochi,2014,59885,Diesel,Automatic,First,5.0,20.11,12.39,2179.0,147.51,Land,6,litre,2.51,0.24,10.45833,0.2025827280064568
Toyota Innova 2.5 V Diesel 8-seater,Hyderabad,2011,144471,Diesel,Manual,First,8.0,7.8,12.8,2494.0,102.0,Toyota,9,litre,2.51,0.24,10.45833,0.19609374999999998
Hyundai i20 1.2 Magna,Coimbatore,2011,63991,Petrol,Manual,First,5.0,3.61,18.5,1197.0,80.0,Hyundai,9,litre,2.1,0.22,9.545455,0.11351351351351352
Hyundai Santro Xing XO eRLX Euro II,Pune,2007,72000,Petrol,Manual,Second,5.0,1.11,17.0,1086.0,97.7,Hyundai,13,litre,2.1,0.22,9.545455,0.12352941176470589
Nissan Micra XV CVT,Mumbai,2015,34895,Petrol,Automatic,First,5.0,4.6,19.15,1198.0,75.94,Nissan,5,litre,2.1,0.22,9.545455,0.10966057441253264
BMW X6 xDrive 40d M Sport,Ahmedabad,2015,97003,Diesel,Automatic,First,5.0,85.0,15.87,2993.0,308.43,BMW,5,litre,2.51,0.24,10.45833,0.1581600504095778
Honda City 1.5 V AT,Kolkata,2015,45000,Petrol,Automatic,First,5.0,5.25,16.8,1497.0,118.0,Honda,5,litre,2.1,0.22,9.545455,0.125
Honda Amaze E i-Dtech,Delhi,2013,45000,Diesel,Manual,Second,5.0,3.3,25.8,1498.0,98.6,Honda,7,litre,2.51,0.24,10.45833,0.09728682170542635
Toyota Fortuner 3.0 Diesel,Bangalore,2013,100000,Diesel,Manual,Second,7.0,17.75,11.5,2982.0,171.0,Toyota,7,litre,2.51,0.24,10.45833,0.21826086956521737
Land Rover Discovery Sport SD4 HSE Luxury,Delhi,2016,70000,Diesel,Automatic,First,5.0,35.0,12.97,2179.0,187.7,Land,4,litre,2.51,0.24,10.45833,0.19352351580570545
Hyundai Creta 1.6 CRDi SX,Coimbatore,2016,37023,Diesel,Manual,First,5.0,13.39,19.67,1582.0,126.2,Hyundai,4,litre,2.51,0.24,10.45833,0.1276054905948144
Chevrolet Beat Diesel LT,Chennai,2012,81000,Diesel,Manual,First,5.0,2.5,25.44,936.0,56.3,Chevrolet,8,litre,2.51,0.24,10.45833,0.09866352201257861
Toyota Innova Crysta 2.8 GX AT,Kochi,2017,20789,Diesel,Automatic,First,7.0,18.36,11.36,2755.0,171.5,Toyota,3,litre,2.51,0.24,10.45833,0.2209507042253521
Maruti Swift Dzire VDI,Jaipur,2015,68310,Diesel,Manual,First,5.0,5.95,23.4,1248.0,74.0,Maruti,5,litre,2.51,0.24,10.45833,0.10726495726495726
Hyundai Creta 1.6 CRDi SX Option,Mumbai,2015,47250,Diesel,Manual,Second,5.0,11.0,19.67,1582.0,126.2,Hyundai,5,litre,2.51,0.24,10.45833,0.1276054905948144
Land Rover Range Rover Sport SE,Delhi,2014,47000,Diesel,Automatic,Second,5.0,64.75,12.65,2993.0,255.0,Land,6,litre,2.51,0.24,10.45833,0.19841897233201577
Honda Amaze VX i-DTEC,Hyderabad,2017,128000,Diesel,Manual,First,5.0,6.3,25.8,1498.0,98.6,Honda,3,litre,2.51,0.24,10.45833,0.09728682170542635
Hyundai Creta 1.6 SX Plus Dual Tone Petrol,Kochi,2017,17702,Petrol,Manual,First,5.0,11.94,15.29,1591.0,121.3,Hyundai,3,litre,2.1,0.22,9.545455,0.13734466971877046
Volkswagen Vento Sport 1.2 TSI AT,Mumbai,2014,34987,Petrol,Automatic,First,5.0,5.95,18.19,1197.0,103.5,Volkswagen,6,litre,2.1,0.22,9.545455,0.11544804837822979
Honda City i DTec VX,Ahmedabad,2017,37000,Diesel,Manual,First,5.0,11.0,26.0,1498.0,98.6,Honda,3,litre,2.51,0.24,10.45833,0.09653846153846153
Hyundai Creta 1.6 SX Plus Dual Tone Petrol,Coimbatore,2017,38271,Petrol,Manual,First,5.0,12.53,15.29,1591.0,121.3,Hyundai,3,litre,2.1,0.22,9.545455,0.13734466971877046
Ford Figo Diesel Titanium,Bangalore,2012,32510,Diesel,Manual,Second,5.0,3.75,20.0,1399.0,68.0,Ford,8,litre,2.51,0.24,10.45833,0.1255
BMW 5 Series 2013-2017 530d M Sport,Pune,2014,88000,Diesel,Automatic,First,5.0,27.0,14.69,2993.0,258.0,BMW,6,litre,2.51,0.24,10.45833,0.1708645336963921
Mitsubishi Pajero 2.8 SFX 7Str,Pune,2012,116000,Diesel,Manual,First,6.0,9.95,10.5,2835.0,107.2,Mitsubishi,8,litre,2.51,0.24,10.45833,0.23904761904761904
Renault Duster 85PS Diesel RxL Option,Jaipur,2013,156000,Diesel,Manual,First,5.0,4.2,19.87,1461.0,83.8,Renault,7,litre,2.51,0.24,10.45833,0.1263210870659285
Maruti Ritz VXI,Delhi,2010,75319,Petrol,Manual,Second,5.0,2.0,21.1,1197.0,85.8,Maruti,10,litre,2.1,0.22,9.545455,0.0995260663507109
Hyundai Grand i10 Sportz,Kolkata,2013,28000,Petrol,Manual,First,5.0,3.25,18.9,1197.0,82.0,Hyundai,7,litre,2.1,0.22,9.545455,0.11111111111111112
Mercedes-Benz GLA Class 200 CDI SPORT,Bangalore,2017,16500,Diesel,Automatic,First,5.0,34.0,17.9,2143.0,136.0,Mercedes-Benz,3,litre,2.51,0.24,10.45833,0.14022346368715083
BMW 5 Series 520d Luxury Line,Coimbatore,2016,75637,Diesel,Automatic,First,5.0,30.37,22.48,1995.0,190.0,BMW,4,litre,2.51,0.24,10.45833,0.11165480427046262
Hyundai Creta 1.6 SX Plus Petrol Automatic,Kochi,2018,32854,Petrol,Automatic,First,5.0,12.6,13.0,1591.0,121.3,Hyundai,2,litre,2.1,0.22,9.545455,0.16153846153846155
Renault KWID RXT Optional,Kochi,2019,6568,Petrol,Manual,First,5.0,5.09,25.17,799.0,53.3,Renault,1,litre,2.1,0.22,9.545455,0.08343265792610251
Audi A4 3.0 TDI Quattro,Bangalore,2014,30000,Diesel,Automatic,First,5.0,24.5,14.94,2967.0,241.4,Audi,6,litre,2.51,0.24,10.45833,0.16800535475234268
Maruti Ciaz VDI SHVS,Kochi,2018,17804,Diesel,Manual,Second,5.0,7.97,28.09,1248.0,88.5,Maruti,2,litre,2.51,0.24,10.45833,0.08935564257742969
Honda Jazz S,Delhi,2011,69768,Petrol,Manual,First,5.0,2.9,16.0,1198.0,90.0,Honda,9,litre,2.1,0.22,9.545455,0.13125
BMW 3 Series 320d Luxury Line,Kochi,2016,62404,Diesel,Automatic,First,5.0,21.33,22.69,1995.0,190.0,BMW,4,litre,2.51,0.24,10.45833,0.11062141912736886
Hyundai Verna SX CRDi AT,Bangalore,2012,97000,Diesel,Automatic,Second,5.0,6.5,19.08,1582.0,126.32,Hyundai,8,litre,2.51,0.24,10.45833,0.13155136268343814
Hyundai Creta 1.4 CRDi S Plus,Coimbatore,2016,55687,Diesel,Manual,First,5.0,12.15,21.38,1396.0,88.7,Hyundai,4,litre,2.51,0.24,10.45833,0.11739943872778297
Volkswagen Vento 2013-2015 1.6 Comfortline,Kolkata,2014,17000,Petrol,Manual,First,5.0,4.25,15.04,1598.0,103.2,Volkswagen,6,litre,2.1,0.22,9.545455,0.1396276595744681
BMW 3 Series Luxury Line,Coimbatore,2017,34232,Diesel,Automatic,First,5.0,35.84,21.76,1995.0,190.0,BMW,3,litre,2.51,0.24,10.45833,0.11534926470588233
Honda CR-V Petrol 2WD,Chennai,2004,135000,Petrol,Automatic,Third,5.0,3.0,14.4,1997.0,152.0,Honda,16,litre,2.1,0.22,9.545455,0.14583333333333334
Renault Duster 110PS Diesel RxZ AWD,Chennai,2012,80000,Diesel,Manual,First,5.0,6.75,19.72,1461.0,108.45,Renault,8,litre,2.51,0.24,10.45833,0.12728194726166328
Hyundai i20 Asta 1.2,Bangalore,2014,31045,Petrol,Manual,Second,5.0,5.65,18.6,1197.0,81.83,Hyundai,6,litre,2.1,0.22,9.545455,0.11290322580645161
Volkswagen Jetta 2013-2015 2.0L TDI Highline AT,Pune,2013,58000,Diesel,Automatic,Second,5.0,7.5,16.96,1968.0,138.03,Volkswagen,7,litre,2.51,0.24,10.45833,0.1479952830188679
Hyundai Creta 1.6 SX Plus Diesel,Kochi,2018,35480,Diesel,Manual,First,5.0,13.34,19.67,1582.0,126.2,Hyundai,2,litre,2.51,0.24,10.45833,0.1276054905948144
Maruti Ciaz VDI SHVS,Hyderabad,2016,62287,Diesel,Manual,First,5.0,7.9,28.09,1248.0,88.5,Maruti,4,litre,2.51,0.24,10.45833,0.08935564257742969
Hyundai i20 Asta 1.4 CRDi,Coimbatore,2015,46162,Diesel,Manual,First,5.0,6.98,22.54,1396.0,88.73,Hyundai,5,litre,2.51,0.24,10.45833,0.11135758651286601
Hyundai Verna 1.6 SX VTVT,Mumbai,2014,9200,Petrol,Manual,First,5.0,5.75,17.01,1591.0,121.3,Hyundai,6,litre,2.1,0.22,9.545455,0.12345679012345678
Volkswagen Polo Diesel Trendline 1.2L,Kolkata,2012,55339,Diesel,Manual,First,5.0,2.65,22.07,1199.0,73.9,Volkswagen,8,litre,2.51,0.24,10.45833,0.11372904395106478
Volkswagen Polo Diesel Trendline 1.2L,Kolkata,2011,55476,Diesel,Manual,First,5.0,2.49,22.07,1199.0,73.9,Volkswagen,9,litre,2.51,0.24,10.45833,0.11372904395106478
Maruti SX4 Vxi BSIII,Pune,2007,68553,Petrol,Manual,Second,5.0,1.5,15.0,1586.0,104.68,Maruti,13,litre,2.1,0.22,9.545455,0.14
Honda Mobilio RS Option i DTEC,Kochi,2016,67376,Diesel,Manual,First,7.0,6.5,24.5,1498.0,98.6,Honda,4,litre,2.51,0.24,10.45833,0.10244897959183673
Renault Duster 110PS Diesel RxZ Plus,Hyderabad,2013,42000,Diesel,Manual,First,5.0,8.0,19.64,1461.0,108.45,Renault,7,litre,2.51,0.24,10.45833,0.12780040733197554
Toyota Fortuner 2.8 2WD AT,Coimbatore,2019,28069,Diesel,Automatic,First,7.0,30.85,12.9,2755.0,174.5,Toyota,1,litre,2.51,0.24,10.45833,0.1945736434108527
Volvo XC60 D4 SUMMUM,Kochi,2014,93144,Diesel,Automatic,First,5.0,17.15,14.7,1984.0,181.0,Volvo,6,litre,2.51,0.24,10.45833,0.17074829931972788
Maruti Celerio VXI AT,Hyderabad,2014,24300,Petrol,Automatic,First,5.0,4.55,23.1,998.0,67.04,Maruti,6,litre,2.1,0.22,9.545455,0.09090909090909091
Maruti Ciaz ZDi Plus,Hyderabad,2015,47883,Diesel,Manual,Second,5.0,7.4,26.21,1248.0,88.5,Maruti,5,litre,2.51,0.24,10.45833,0.09576497520030522
Audi Q5 2008-2012 2.0 TDI,Kochi,2013,12467,Diesel,Automatic,First,5.0,25.64,12.8,1968.0,167.6,Audi,7,litre,2.51,0.24,10.45833,0.19609374999999998
BMW X1 sDrive 20d Sportline,Kolkata,2013,56683,Diesel,Automatic,Second,5.0,13.5,17.05,1995.0,184.0,BMW,7,litre,2.51,0.24,10.45833,0.14721407624633429
Ford Figo Petrol ZXI,Bangalore,2013,38000,Petrol,Manual,First,5.0,3.55,15.6,1196.0,70.0,Ford,7,litre,2.1,0.22,9.545455,0.13461538461538464
Hyundai Elantra CRDi SX,Ahmedabad,2018,35000,Diesel,Manual,First,5.0,15.0,22.7,1582.0,126.2,Hyundai,2,litre,2.51,0.24,10.45833,0.11057268722466959
Hyundai Verna 1.6 i ABS,Pune,2007,80000,Petrol,Manual,Second,5.0,1.95,13.9,1599.0,103.2,Hyundai,13,litre,2.1,0.22,9.545455,0.1510791366906475
Honda Civic 2006-2010 1.8 S MT,Pune,2006,125000,Petrol,Manual,Second,5.0,2.3,13.5,1799.0,130.0,Honda,14,litre,2.1,0.22,9.545455,0.15555555555555556
Toyota Fortuner 4x4 MT,Chennai,2013,123000,Diesel,Manual,Second,7.0,15.0,12.55,2982.0,168.5,Toyota,7,litre,2.51,0.24,10.45833,0.19999999999999998
Hyundai i10 Sportz,Chennai,2012,70000,Petrol,Manual,First,5.0,3.15,20.36,1197.0,78.9,Hyundai,8,litre,2.1,0.22,9.545455,0.1031434184675835
Nissan Sunny 2011-2014 Diesel XL,Hyderabad,2012,87982,Diesel,Manual,First,5.0,5.0,21.64,1461.0,84.8,Nissan,8,litre,2.51,0.24,10.45833,0.11598890942698704
BMW 5 Series 2013-2017 520d Luxury Line,Jaipur,2013,40714,Diesel,Automatic,Second,5.0,24.75,18.12,1995.0,190.0,BMW,7,litre,2.51,0.24,10.45833,0.13852097130242824
Chevrolet Optra Magnum 2.0 LT,Pune,2008,83000,Diesel,Manual,Second,5.0,2.6,16.52,1991.0,123.7,Chevrolet,12,litre,2.51,0.24,10.45833,0.15193704600484262
Hyundai i10 Asta,Ahmedabad,2011,86000,Petrol,Manual,First,5.0,3.75,20.36,1197.0,78.9,Hyundai,9,litre,2.1,0.22,9.545455,0.1031434184675835
Skoda Laura Ambiente,Ahmedabad,2009,60002,Diesel,Manual,Second,5.0,4.85,17.5,1896.0,106.0,Skoda,11,litre,2.51,0.24,10.45833,0.1434285714285714
Mercedes-Benz E-Class 2009-2013 E 220 CDI Avantgarde,Jaipur,2013,60000,Diesel,Automatic,First,5.0,27.0,10.0,2148.0,170.0,Mercedes-Benz,7,litre,2.51,0.24,10.45833,0.251
Honda Amaze SX i-DTEC,Kolkata,2014,84677,Diesel,Manual,First,5.0,3.0,25.8,1498.0,98.6,Honda,6,litre,2.51,0.24,10.45833,0.09728682170542635
BMW X1 xDrive 20d xLine,Delhi,2017,23000,Diesel,Automatic,First,5.0,28.75,20.68,1995.0,190.0,BMW,3,litre,2.51,0.24,10.45833,0.1213733075435203
Toyota Innova 2.5 G (Diesel) 8 Seater,Hyderabad,2016,81424,Diesel,Manual,First,8.0,14.49,12.99,2494.0,100.6,Toyota,4,litre,2.51,0.24,10.45833,0.193225558121632
Porsche Panamera 2010 2013 Diesel,Delhi,2013,36400,Diesel,Automatic,First,4.0,72.0,7.5,4806.0,394.3,Porsche,7,litre,2.51,0.24,10.45833,0.3346666666666666
Nissan Sunny XV D,Chennai,2012,70000,Diesel,Manual,Second,5.0,4.0,22.71,1461.0,84.8,Nissan,8,litre,2.51,0.24,10.45833,0.11052399823866137
Maruti Swift Dzire LDI,Delhi,2015,40000,Diesel,Manual,Second,5.0,4.5,26.59,1248.0,74.0,Maruti,5,litre,2.51,0.24,10.45833,0.09439638962015795
Maruti Wagon R ZXI AMT 1.2,Mumbai,2019,600,Petrol,Automatic,First,5.0,6.25,21.5,1197.0,81.8,Maruti,1,litre,2.1,0.22,9.545455,0.09767441860465116
Volkswagen Jetta 2013-2015 2.0L TDI Highline AT,Pune,2015,65320,Diesel,Automatic,Second,5.0,11.5,16.96,1968.0,138.03,Volkswagen,5,litre,2.51,0.24,10.45833,0.1479952830188679
Honda Accord 2.4 Inspire M/T,Pune,2009,79000,Petrol,Manual,Third,5.0,3.1,9.8,2354.0,180.0,Honda,11,litre,2.1,0.22,9.545455,0.21428571428571427
Honda City i VTEC V,Mumbai,2018,5000,Petrol,Manual,First,5.0,10.11,17.8,1497.0,117.3,Honda,2,litre,2.1,0.22,9.545455,0.11797752808988764
Hyundai Verna 1.6 SX VTVT,Coimbatore,2019,6028,Petrol,Manual,First,5.0,11.54,17.01,1591.0,121.3,Hyundai,1,litre,2.1,0.22,9.545455,0.12345679012345678
Maruti Wagon R LX BSII,Delhi,2006,86000,Petrol,Manual,Second,5.0,1.0,18.9,998.0,67.1,Maruti,14,litre,2.1,0.22,9.545455,0.11111111111111112
Maruti Swift Dzire Tour LDI,Kolkata,2013,160000,Diesel,Manual,Second,5.0,2.5,23.4,1248.0,74.0,Maruti,7,litre,2.51,0.24,10.45833,0.10726495726495726
Audi Q5 2008-2012 2.0 TFSI Quattro,Kochi,2011,59967,Petrol,Automatic,First,5.0,18.0,9.74,1984.0,208.0,Audi,9,litre,2.1,0.22,9.545455,0.21560574948665298
Toyota Etios Cross 1.4 GD,Coimbatore,2018,43127,Diesel,Manual,First,5.0,6.85,23.59,1364.0,67.04,Toyota,2,litre,2.51,0.24,10.45833,0.10640101738024586
Hyundai i10 Era 1.1 iTech SE,Kochi,2012,65727,Petrol,Manual,First,5.0,2.97,19.81,1086.0,68.05,Hyundai,8,litre,2.1,0.22,9.545455,0.1060070671378092
Hyundai Verna 1.6 VTVT,Pune,2013,70000,Petrol,Manual,First,5.0,4.75,17.01,1591.0,121.3,Hyundai,7,litre,2.1,0.22,9.545455,0.12345679012345678
Volkswagen Polo 1.5 TDI Highline,Coimbatore,2018,39861,Diesel,Manual,First,5.0,7.38,20.14,1498.0,88.8,Volkswagen,2,litre,2.51,0.24,10.45833,0.12462760675273087
BMW 5 Series 520d Sport Line,Delhi,2017,16485,Diesel,Automatic,First,5.0,42.75,22.48,1995.0,187.74,BMW,3,litre,2.51,0.24,10.45833,0.11165480427046262
Hyundai i20 1.4 Asta Optional With Sunroof,Bangalore,2010,77332,Diesel,Manual,Second,5.0,3.65,23.0,1396.0,90.0,Hyundai,10,litre,2.51,0.24,10.45833,0.10913043478260868
Hyundai Grand i10 Asta Option AT,Kochi,2017,17489,Petrol,Automatic,First,5.0,5.99,18.9,1197.0,82.0,Hyundai,3,litre,2.1,0.22,9.545455,0.11111111111111112
Toyota Fortuner 4x2 4 Speed AT,Pune,2012,125000,Diesel,Automatic,First,7.0,13.5,11.5,2982.0,169.0,Toyota,8,litre,2.51,0.24,10.45833,0.21826086956521737
Maruti Baleno Zeta Automatic,Chennai,2016,35129,Petrol,Automatic,First,5.0,7.0,21.4,1197.0,83.1,Maruti,4,litre,2.1,0.22,9.545455,0.09813084112149534
Hyundai Creta 1.6 SX Plus Petrol Automatic,Hyderabad,2016,22982,Petrol,Automatic,First,5.0,10.95,13.0,1591.0,121.3,Hyundai,4,litre,2.1,0.22,9.545455,0.16153846153846155
Hyundai i10 Sportz,Pune,2013,54500,Petrol,Manual,Third,5.0,2.95,20.36,1197.0,78.9,Hyundai,7,litre,2.1,0.22,9.545455,0.1031434184675835
Tata Tigor XE Diesel,Ahmedabad,2017,16235,Diesel,Manual,First,5.0,5.5,24.7,1047.0,69.0,Tata,3,litre,2.51,0.24,10.45833,0.10161943319838056
Skoda Superb Style 1.8 TSI AT,Kochi,2017,73641,Petrol,Automatic,First,5.0,17.08,14.67,1798.0,177.46,Skoda,3,litre,2.1,0.22,9.545455,0.14314928425357873
Maruti Swift Dzire VDI,Hyderabad,2015,59572,Diesel,Manual,First,5.0,6.85,26.59,1248.0,74.0,Maruti,5,litre,2.51,0.24,10.45833,0.09439638962015795
Honda CR-V 2.0 AT,Jaipur,2014,112827,Petrol,Automatic,First,5.0,10.5,13.1,1997.0,141.1,Honda,6,litre,2.1,0.22,9.545455,0.1603053435114504
Toyota Innova 2.5 G (Diesel) 8 Seater BS IV,Hyderabad,2010,118000,Diesel,Manual,First,8.0,8.75,12.8,2494.0,102.0,Toyota,10,litre,2.51,0.24,10.45833,0.19609374999999998
Honda City 1.5 V MT,Kolkata,2010,60000,Petrol,Manual,First,5.0,2.7,17.0,1497.0,118.0,Honda,10,litre,2.1,0.22,9.545455,0.12352941176470589
Hyundai Verna VTVT 1.6 AT SX Plus,Mumbai,2012,75059,Petrol,Automatic,First,5.0,4.25,17.0,1591.0,121.3,Hyundai,8,litre,2.1,0.22,9.545455,0.12352941176470589
Toyota Etios 1.4 VXD,Pune,2018,3000,Diesel,Manual,First,5.0,7.9,23.59,1364.0,67.04,Toyota,2,litre,2.51,0.24,10.45833,0.10640101738024586
Skoda Superb Elegance 1.8 TSI AT,Delhi,2011,78000,Petrol,Automatic,Second,5.0,4.5,13.7,1798.0,157.75,Skoda,9,litre,2.1,0.22,9.545455,0.15328467153284672
Nissan Sunny 2011-2014 Diesel XV,Kolkata,2012,47000,Diesel,Manual,First,5.0,4.0,21.64,1461.0,84.8,Nissan,8,litre,2.51,0.24,10.45833,0.11598890942698704
Honda City 1.5 V MT Exclusive,Delhi,2012,42000,Petrol,Manual,First,5.0,4.75,17.0,1497.0,118.0,Honda,8,litre,2.1,0.22,9.545455,0.12352941176470589
Hyundai Elite i20 Diesel Asta Option,Kolkata,2018,6820,Diesel,Manual,First,5.0,7.65,22.54,1396.0,88.76,Hyundai,2,litre,2.51,0.24,10.45833,0.11135758651286601
Chevrolet Optra 1.6 LT Royale,Kochi,2013,55176,Petrol,Manual,Second,5.0,3.47,17.4,1599.0,104.0,Chevrolet,7,litre,2.1,0.22,9.545455,0.12068965517241381
Honda Amaze S i-Vtech,Kochi,2016,39854,Petrol,Manual,First,5.0,5.64,18.0,1198.0,86.7,Honda,4,litre,2.1,0.22,9.545455,0.11666666666666667
Volkswagen Polo Petrol Comfortline 1.2L,Kolkata,2013,24000,Petrol,Manual,First,5.0,2.95,16.47,1198.0,73.9,Volkswagen,7,litre,2.1,0.22,9.545455,0.12750455373406194
Maruti Swift VDI,Jaipur,2016,55000,Diesel,Manual,First,5.0,5.65,22.9,1248.0,74.0,Maruti,4,litre,2.51,0.24,10.45833,0.10960698689956332
Ford Endeavour 3.0L 4X4 AT,Kochi,2012,45840,Diesel,Automatic,First,7.0,8.41,11.4,2953.0,153.86,Ford,8,litre,2.51,0.24,10.45833,0.2201754385964912
Maruti Baleno LXI,Pune,2006,155000,Petrol,Manual,Third,5.0,0.85,15.4,1590.0,94.0,Maruti,14,litre,2.1,0.22,9.545455,0.13636363636363635
Maruti Wagon R LX,Pune,2003,125000,Petrol,Manual,Second,5.0,0.8,18.9,998.0,67.1,Maruti,17,litre,2.1,0.22,9.545455,0.11111111111111112
Volkswagen Polo 1.5 TDI Highline,Coimbatore,2014,52951,Diesel,Manual,First,5.0,5.65,20.14,1498.0,88.0,Volkswagen,6,litre,2.51,0.24,10.45833,0.12462760675273087
Hyundai Verna 1.6 SX VTVT (O),Kolkata,2013,49000,Petrol,Manual,First,5.0,4.5,17.1,1591.0,121.3,Hyundai,7,litre,2.1,0.22,9.545455,0.12280701754385964
Maruti Ciaz ZDi Plus SHVS,Ahmedabad,2015,52000,Diesel,Manual,First,5.0,6.9,28.09,1248.0,88.5,Maruti,5,litre,2.51,0.24,10.45833,0.08935564257742969
Toyota Qualis Fleet A3,Mumbai,2001,227000,Diesel,Manual,Fourth & Above,8.0,2.2,0.0,2446.0,97.7,Toyota,19,litre,2.51,0.24,10.45833,0.12352941176470589
Nissan Sunny 2011-2014 Diesel XL,Jaipur,2013,120005,Diesel,Manual,First,5.0,4.0,21.64,1461.0,84.8,Nissan,7,litre,2.51,0.24,10.45833,0.11598890942698704
Skoda Rapid 1.6 MPI Ambition With Alloy Wheel,Mumbai,2015,33000,Petrol,Manual,First,5.0,5.6,15.0,1598.0,103.52,Skoda,5,litre,2.1,0.22,9.545455,0.14
Maruti Eeco 7 Seater Standard,Delhi,2016,126000,Petrol,Manual,First,7.0,2.2,15.1,1196.0,73.0,Maruti,4,litre,2.1,0.22,9.545455,0.13907284768211922
Skoda Rapid Ultima 1.6 MPI Ambition Plus,Bangalore,2013,66700,Petrol,Manual,First,5.0,4.0,15.0,1598.0,103.5,Skoda,7,litre,2.1,0.22,9.545455,0.14
Toyota Fortuner 4x4 MT,Jaipur,2014,122000,Diesel,Manual,Second,7.0,16.0,12.55,2982.0,168.5,Toyota,6,litre,2.51,0.24,10.45833,0.19999999999999998
Hyundai Creta 1.6 CRDi SX,Mumbai,2016,29000,Diesel,Manual,First,5.0,12.6,19.67,1582.0,126.2,Hyundai,4,litre,2.51,0.24,10.45833,0.1276054905948144
Hyundai i20 Magna Optional 1.2,Kochi,2014,42315,Petrol,Manual,First,5.0,4.79,18.5,1197.0,82.9,Hyundai,6,litre,2.1,0.22,9.545455,0.11351351351351352
Maruti Wagon R LXI CNG,Mumbai,2015,22001,CNG,Manual,First,5.0,3.65,26.6,998.0,58.16,Maruti,5,kg,2.5625,0.18,14.23611,0.09633458646616541
Honda City i DTEC V,Kochi,2016,84580,Diesel,Manual,First,5.0,6.83,26.0,1498.0,98.6,Honda,4,litre,2.51,0.24,10.45833,0.09653846153846153
Maruti 800 Std,Jaipur,2002,75000,Petrol,Manual,First,4.0,0.51,16.1,796.0,37.0,Maruti,18,litre,2.1,0.22,9.545455,0.13043478260869565
Ford Ikon 1.3 Flair,Pune,2006,85000,Petrol,Manual,Second,5.0,0.69,13.8,1299.0,70.0,Ford,14,litre,2.1,0.22,9.545455,0.15217391304347827
Maruti Swift Dzire LXI,Delhi,2015,24296,Petrol,Manual,First,5.0,4.65,20.85,1197.0,83.14,Maruti,5,litre,2.1,0.22,9.545455,0.10071942446043165
Honda City 1.5 V MT Sunroof,Kolkata,2014,40000,Petrol,Manual,First,5.0,6.49,16.8,1497.0,116.3,Honda,6,litre,2.1,0.22,9.545455,0.125
Hyundai Verna CRDi,Chennai,2009,64514,Diesel,Manual,First,5.0,2.9,16.8,1493.0,110.0,Hyundai,11,litre,2.51,0.24,10.45833,0.14940476190476187
Hyundai Verna 1.6 SX VTVT,Delhi,2016,35000,Petrol,Manual,First,5.0,7.4,17.01,1591.0,121.3,Hyundai,4,litre,2.1,0.22,9.545455,0.12345679012345678
Renault KWID RXT,Bangalore,2016,41000,Petrol,Manual,Second,5.0,3.25,25.17,799.0,53.3,Renault,4,litre,2.1,0.22,9.545455,0.08343265792610251
Maruti Wagon R LXI,Ahmedabad,2008,60123,Petrol,Manual,Second,5.0,1.95,18.9,998.0,67.1,Maruti,12,litre,2.1,0.22,9.545455,0.11111111111111112
Hyundai Grand i10 Sportz,Jaipur,2015,53000,Petrol,Manual,Second,5.0,4.0,18.9,1197.0,82.0,Hyundai,5,litre,2.1,0.22,9.545455,0.11111111111111112
Hyundai i20 1.2 Asta,Delhi,2017,9000,Petrol,Manual,First,5.0,6.85,18.6,1197.0,81.83,Hyundai,3,litre,2.1,0.22,9.545455,0.11290322580645161
Honda Amaze S i-Vtech,Coimbatore,2015,53497,Petrol,Manual,First,5.0,5.45,18.0,1198.0,86.7,Honda,5,litre,2.1,0.22,9.545455,0.11666666666666667
Ford Fiesta 1.4 Duratorq ZXI,Hyderabad,2007,68000,Diesel,Manual,First,5.0,1.99,17.8,1399.0,68.0,Ford,13,litre,2.51,0.24,10.45833,0.14101123595505616
Hyundai Verna SX CRDi AT,Hyderabad,2014,65000,Diesel,Automatic,First,5.0,8.99,19.08,1582.0,126.32,Hyundai,6,litre,2.51,0.24,10.45833,0.13155136268343814
Toyota Etios VD SP,Kolkata,2014,45155,Diesel,Manual,First,5.0,6.5,23.59,1364.0,67.04,Toyota,6,litre,2.51,0.24,10.45833,0.10640101738024586
Honda Jazz 1.2 V CVT i VTEC,Coimbatore,2018,20026,Petrol,Automatic,First,5.0,9.27,19.0,1199.0,88.7,Honda,2,litre,2.1,0.22,9.545455,0.1105263157894737
Hyundai Verna 1.6 CRDi SX,Ahmedabad,2015,60000,Diesel,Manual,First,5.0,6.99,23.9,1582.0,126.2,Hyundai,5,litre,2.51,0.24,10.45833,0.10502092050209205
Mercedes-Benz CLA 200 D Sport Edition,Coimbatore,2019,15976,Diesel,Automatic,First,5.0,36.76,17.9,2143.0,136.0,Mercedes-Benz,1,litre,2.51,0.24,10.45833,0.14022346368715083
Skoda Octavia Elegance 1.8 TSI AT,Kochi,2017,30523,Petrol,Automatic,First,5.0,17.08,14.7,1798.0,177.5,Skoda,3,litre,2.1,0.22,9.545455,0.14285714285714288
Chevrolet Beat Diesel LS,Kolkata,2013,26300,Diesel,Manual,First,5.0,2.8,25.44,936.0,57.6,Chevrolet,7,litre,2.51,0.24,10.45833,0.09866352201257861
Volkswagen Polo Diesel Trendline 1.2L,Kolkata,2011,66000,Diesel,Manual,First,5.0,2.49,22.07,1199.0,73.9,Volkswagen,9,litre,2.51,0.24,10.45833,0.11372904395106478
Maruti SX4 S Cross DDiS 200 Zeta,Jaipur,2016,70000,Diesel,Manual,First,5.0,8.85,23.65,1248.0,88.5,Maruti,4,litre,2.51,0.24,10.45833,0.10613107822410148
Honda City V MT,Ahmedabad,2011,46000,Petrol,Manual,First,5.0,4.15,16.8,1497.0,116.3,Honda,9,litre,2.1,0.22,9.545455,0.125
Volkswagen Vento 1.5 TDI Highline,Hyderabad,2017,28000,Diesel,Manual,First,5.0,10.0,20.64,1498.0,108.5,Volkswagen,3,litre,2.51,0.24,10.45833,0.12160852713178293
Hyundai Grand i10 1.2 Kappa Magna,Delhi,2017,46000,Petrol,Manual,First,5.0,4.75,18.9,1197.0,81.86,Hyundai,3,litre,2.1,0.22,9.545455,0.11111111111111112
Renault KWID AMT RXL,Jaipur,2017,33000,Petrol,Automatic,First,5.0,3.2,24.04,999.0,67.0,Renault,3,litre,2.1,0.22,9.545455,0.08735440931780367
Maruti Alto 800 LXI,Kochi,2017,27718,Petrol,Manual,First,5.0,3.28,22.74,796.0,47.3,Maruti,3,litre,2.1,0.22,9.545455,0.09234828496042218
Ford Ecosport 1.5 Ti VCT MT Titanium,Bangalore,2013,58000,Petrol,Manual,First,5.0,7.5,15.8,1499.0,110.0,Ford,7,litre,2.1,0.22,9.545455,0.13291139240506328
Maruti Baleno Zeta,Coimbatore,2018,33150,Petrol,Manual,First,5.0,7.39,21.4,1197.0,83.1,Maruti,2,litre,2.1,0.22,9.545455,0.09813084112149534
Maruti Ritz VDi,Pune,2013,77000,Diesel,Manual,First,5.0,3.65,23.2,1248.0,73.94,Maruti,7,litre,2.51,0.24,10.45833,0.10818965517241379
Mercedes-Benz E-Class 280 CDI,Chennai,2007,70000,Diesel,Automatic,First,5.0,11.0,11.0,2987.0,198.5,Mercedes-Benz,13,litre,2.51,0.24,10.45833,0.22818181818181815
Maruti Ritz VDi,Kolkata,2012,97000,Diesel,Manual,First,5.0,3.0,23.2,1248.0,73.94,Maruti,8,litre,2.51,0.24,10.45833,0.10818965517241379
Chevrolet Beat Diesel LT,Chennai,2012,75300,Diesel,Manual,Second,5.0,2.25,25.44,936.0,57.6,Chevrolet,8,litre,2.51,0.24,10.45833,0.09866352201257861
Maruti SX4 Vxi BSIV,Kochi,2010,69918,Petrol,Manual,First,5.0,2.83,15.5,1586.0,103.3,Maruti,10,litre,2.1,0.22,9.545455,0.13548387096774195
Maruti Omni 5 Seater BSIV,Coimbatore,2019,4721,Petrol,Manual,First,5.0,4.11,14.0,796.0,35.0,Maruti,1,litre,2.1,0.22,9.545455,0.15
Mitsubishi Pajero Sport Anniversary Edition,Kolkata,2014,39163,Diesel,Manual,First,7.0,14.7,13.5,2477.0,178.0,Mitsubishi,6,litre,2.51,0.24,10.45833,0.1859259259259259
Mercedes-Benz S Class 2005 2013 S 300 L,Pune,2013,80000,Petrol,Automatic,First,5.0,25.0,13.0,2987.0,210.0,Mercedes-Benz,7,litre,2.1,0.22,9.545455,0.16153846153846155
Chevrolet Beat Diesel LS,Bangalore,2015,66000,Diesel,Manual,First,5.0,2.35,25.44,936.0,56.3,Chevrolet,5,litre,2.51,0.24,10.45833,0.09866352201257861
Ford Figo 2015-2019 1.5D Titanium MT,Coimbatore,2017,36154,Diesel,Manual,Second,5.0,6.41,25.83,1498.0,99.0,Ford,3,litre,2.51,0.24,10.45833,0.09717382888114595
Honda City i-VTEC VX,Ahmedabad,2012,34000,Petrol,Manual,First,5.0,5.75,17.4,1497.0,117.3,Honda,8,litre,2.1,0.22,9.545455,0.12068965517241381
Mercedes-Benz GLA Class 200 CDI SPORT,Chennai,2016,60000,Diesel,Automatic,Second,5.0,17.55,17.9,2143.0,136.0,Mercedes-Benz,4,litre,2.51,0.24,10.45833,0.14022346368715083
Hyundai Creta 1.4 CRDi S Plus,Jaipur,2015,32000,Diesel,Manual,First,5.0,10.25,21.38,1396.0,88.7,Hyundai,5,litre,2.51,0.24,10.45833,0.11739943872778297
Ford Fiesta Classic 1.4 Duratorq CLXI,Kochi,2012,79985,Diesel,Manual,First,5.0,3.16,17.8,1399.0,67.0,Ford,8,litre,2.51,0.24,10.45833,0.14101123595505616
Audi A4 2.0 TDI,Bangalore,2014,37600,Diesel,Automatic,Second,5.0,22.5,16.55,1968.0,147.51,Audi,6,litre,2.51,0.24,10.45833,0.15166163141993955
Hyundai i10 Magna 1.1,Kochi,2015,31965,Petrol,Manual,First,5.0,3.55,19.81,1086.0,68.05,Hyundai,5,litre,2.1,0.22,9.545455,0.1060070671378092
BMW 3 Series 320i Sedan,Kochi,2010,70749,Petrol,Automatic,First,5.0,9.86,12.05,1995.0,154.0,BMW,10,litre,2.1,0.22,9.545455,0.17427385892116182
BMW 7 Series 730Ld,Chennai,2013,38000,Diesel,Automatic,First,5.0,45.0,16.46,2993.0,258.0,BMW,7,litre,2.51,0.24,10.45833,0.1524908869987849
Hyundai Verna 1.6 SX VTVT,Kochi,2017,41534,Petrol,Manual,First,5.0,7.99,17.01,1591.0,121.3,Hyundai,3,litre,2.1,0.22,9.545455,0.12345679012345678
Volkswagen Ameo 1.5 TDI Comfortline AT,Jaipur,2017,54455,Diesel,Automatic,First,5.0,6.5,22.0,1498.0,108.495,Volkswagen,3,litre,2.51,0.24,10.45833,0.11409090909090908
Chevrolet Aveo 1.4 LS,Kolkata,2007,42000,Petrol,Manual,First,5.0,0.75,14.49,1399.0,92.7,Chevrolet,13,litre,2.1,0.22,9.545455,0.14492753623188406
Chevrolet Cruze LTZ,Coimbatore,2018,52073,Diesel,Manual,Second,5.0,9.87,18.3,1991.0,147.9,Chevrolet,2,litre,2.51,0.24,10.45833,0.1371584699453552
Hyundai i20 1.4 Sportz,Kochi,2018,40175,Diesel,Manual,Second,5.0,6.36,22.54,1396.0,88.73,Hyundai,2,litre,2.51,0.24,10.45833,0.11135758651286601
Honda BRV i-VTEC V CVT,Mumbai,2017,16503,Petrol,Automatic,First,7.0,9.5,16.0,1497.0,117.3,Honda,3,litre,2.1,0.22,9.545455,0.13125
Hyundai Xcent 1.2 Kappa SX,Kochi,2017,15029,Petrol,Manual,First,5.0,6.05,19.1,1197.0,82.0,Hyundai,3,litre,2.1,0.22,9.545455,0.10994764397905758
Maruti Alto 800 CNG LXI,Mumbai,2013,26200,CNG,Manual,First,5.0,2.15,30.46,796.0,47.3,Maruti,7,kg,2.5625,0.18,14.23611,0.08412672357189757
Hyundai Grand i10 CRDi Sportz,Hyderabad,2015,76362,Diesel,Manual,First,5.0,5.5,24.0,1120.0,70.0,Hyundai,5,litre,2.51,0.24,10.45833,0.10458333333333332
Maruti Alto LXi,Kolkata,2007,18700,Petrol,Manual,Second,5.0,1.25,19.7,796.0,46.3,Maruti,13,litre,2.1,0.22,9.545455,0.10659898477157362
Toyota Innova 2.5 VX (Diesel) 7 Seater,Coimbatore,2015,67585,Diesel,Manual,First,7.0,11.99,12.99,2494.0,100.6,Toyota,5,litre,2.51,0.24,10.45833,0.193225558121632
Hyundai i10 Sportz 1.2 AT,Mumbai,2010,57000,Petrol,Automatic,Second,5.0,2.5,16.95,1197.0,78.9,Hyundai,10,litre,2.1,0.22,9.545455,0.12389380530973453
Honda City i-VTEC CVT V,Kochi,2019,22321,Petrol,Automatic,First,5.0,11.66,18.0,1497.0,117.3,Honda,1,litre,2.1,0.22,9.545455,0.11666666666666667
Maruti Zen LX,Jaipur,1998,95150,Petrol,Manual,Third,5.0,0.53,17.3,993.0,60.0,Maruti,22,litre,2.1,0.22,9.545455,0.12138728323699421
Maruti Wagon R LXI BS IV,Kolkata,2015,36428,Petrol,Manual,First,5.0,3.1,20.51,998.0,67.04,Maruti,5,litre,2.1,0.22,9.545455,0.10238907849829351
Ford Figo Diesel Titanium,Hyderabad,2012,73500,Diesel,Manual,Second,5.0,2.6,20.0,1399.0,68.0,Ford,8,litre,2.51,0.24,10.45833,0.1255
Honda Amaze S i-Vtech,Kochi,2015,47234,Petrol,Manual,First,5.0,5.09,18.0,1198.0,86.7,Honda,5,litre,2.1,0.22,9.545455,0.11666666666666667
Hyundai Accent GLE,Hyderabad,2008,62364,Petrol,Manual,First,5.0,2.3,13.2,1495.0,94.0,Hyundai,12,litre,2.1,0.22,9.545455,0.15909090909090912
Hyundai Verna 1.6 SX CRDi (O),Pune,2012,89000,Diesel,Manual,First,5.0,6.0,22.32,1582.0,126.32,Hyundai,8,litre,2.51,0.24,10.45833,0.11245519713261648
Maruti Swift ZDi,Ahmedabad,2013,58653,Diesel,Manual,First,5.0,4.4,25.2,1248.0,74.0,Maruti,7,litre,2.51,0.24,10.45833,0.0996031746031746
Mercedes-Benz B Class B180,Delhi,2013,30000,Petrol,Automatic,Second,5.0,11.0,14.8,1595.0,120.7,Mercedes-Benz,7,litre,2.1,0.22,9.545455,0.14189189189189189
Chevrolet Cruze LTZ,Coimbatore,2014,64042,Diesel,Manual,First,5.0,5.7,17.3,1998.0,163.7,Chevrolet,6,litre,2.51,0.24,10.45833,0.14508670520231212
Skoda Laura Ambiente 2.0 TDI CR AT,Chennai,2013,120000,Diesel,Automatic,First,5.0,6.95,20.0,1968.0,138.1,Skoda,7,litre,2.51,0.24,10.45833,0.1255
Mahindra Scorpio VLX 2WD BSIV,Hyderabad,2014,90000,Diesel,Manual,First,8.0,7.9,12.05,2179.0,120.0,Mahindra,6,litre,2.51,0.24,10.45833,0.20829875518672197
BMW X1 xDrive 20d xLine,Kochi,2018,30733,Diesel,Automatic,First,5.0,29.3,20.68,1995.0,190.0,BMW,2,litre,2.51,0.24,10.45833,0.1213733075435203
Mercedes-Benz E-Class 2009-2013 E350 Petrol,Kolkata,2009,43600,Petrol,Automatic,First,5.0,10.24,10.93,3498.0,272.0,Mercedes-Benz,11,litre,2.1,0.22,9.545455,0.19213174748398903
Skoda Superb Elegance 1.8 TSI AT,Pune,2010,71473,Petrol,Automatic,Second,5.0,5.35,13.7,1798.0,157.75,Skoda,10,litre,2.1,0.22,9.545455,0.15328467153284672
Honda Brio VX AT,Mumbai,2014,39000,Petrol,Automatic,Second,5.0,3.49,16.5,1198.0,86.8,Honda,6,litre,2.1,0.22,9.545455,0.1272727272727273
Hyundai i10 Magna 1.2,Hyderabad,2009,84045,Petrol,Manual,First,5.0,2.85,20.36,1197.0,78.9,Hyundai,11,litre,2.1,0.22,9.545455,0.1031434184675835
Honda City i VTEC SV,Mumbai,2014,57004,Petrol,Manual,First,5.0,5.35,17.4,1497.0,117.3,Honda,6,litre,2.1,0.22,9.545455,0.12068965517241381
Ford Figo Petrol ZXI,Coimbatore,2012,75464,Petrol,Manual,First,5.0,3.62,15.6,1196.0,70.0,Ford,8,litre,2.1,0.22,9.545455,0.13461538461538464
Toyota Innova 2.5 G4 Diesel 7-seater,Hyderabad,2006,142000,Diesel,Manual,First,7.0,6.25,12.8,2494.0,102.0,Toyota,14,litre,2.51,0.24,10.45833,0.19609374999999998
Mahindra Verito 1.5 D6 BSIV,Kochi,2012,118683,Diesel,Manual,Second,5.0,3.19,21.0,1461.0,64.1,Mahindra,8,litre,2.51,0.24,10.45833,0.11952380952380952
Mahindra KUV 100 G80 K8 Dual Tone,Delhi,2018,42000,Petrol,Manual,First,6.0,5.5,18.15,1198.0,82.0,Mahindra,2,litre,2.1,0.22,9.545455,0.11570247933884299
Hyundai i20 Sportz Option 1.2,Kochi,2019,12800,Petrol,Manual,First,5.0,7.67,18.6,1197.0,81.83,Hyundai,1,litre,2.1,0.22,9.545455,0.11290322580645161
Tata New Safari EX 4x2,Jaipur,2011,80000,Petrol,Manual,First,7.0,5.5,12.0,2092.0,127.0,Tata,9,litre,2.1,0.22,9.545455,0.17500000000000002
Maruti Swift Dzire VDi,Hyderabad,2014,76126,Diesel,Manual,First,5.0,6.6,19.3,1248.0,73.9,Maruti,6,litre,2.51,0.24,10.45833,0.13005181347150258
BMW X5 xDrive 30d M Sport,Chennai,2017,21000,Diesel,Automatic,Second,5.0,55.0,15.97,2993.0,258.0,BMW,3,litre,2.51,0.24,10.45833,0.15716969317470256
Audi A6 2011-2015 2.0 TDI Premium Plus,Pune,2013,85000,Diesel,Automatic,First,5.0,21.0,17.68,1968.0,174.33,Audi,7,litre,2.51,0.24,10.45833,0.1419683257918552
Maruti Baleno Delta 1.2,Jaipur,2017,27000,Petrol,Manual,First,5.0,4.5,21.4,1197.0,83.1,Maruti,3,litre,2.1,0.22,9.545455,0.09813084112149534
Hyundai Santa Fe 4WD AT,Coimbatore,2016,45794,Diesel,Automatic,First,7.0,20.67,13.01,2199.0,194.3,Hyundai,4,litre,2.51,0.24,10.45833,0.1929285165257494
Chevrolet Cruze LTZ AT,Hyderabad,2013,57352,Diesel,Automatic,First,5.0,6.5,14.39,1998.0,163.7,Chevrolet,7,litre,2.51,0.24,10.45833,0.17442668519805418
Mercedes-Benz E-Class 2015-2017 E250 Edition E,Coimbatore,2018,41467,Diesel,Automatic,First,5.0,37.98,15.0,2143.0,204.0,Mercedes-Benz,2,litre,2.51,0.24,10.45833,0.1673333333333333
Hyundai Santro Xing GLS,Mumbai,2009,42000,Petrol,Manual,First,5.0,1.45,17.92,1086.0,62.1,Hyundai,11,litre,2.1,0.22,9.545455,0.1171875
Maruti Wagon R LXI CNG,Delhi,2014,62549,CNG,Manual,First,5.0,2.95,26.6,998.0,58.16,Maruti,6,kg,2.5625,0.18,14.23611,0.09633458646616541
Maruti Ciaz VDi Plus SHVS,Hyderabad,2015,67048,Diesel,Manual,First,5.0,7.9,28.09,1248.0,88.5,Maruti,5,litre,2.51,0.24,10.45833,0.08935564257742969
Honda City i-VTEC V,Kochi,2018,11732,Petrol,Manual,First,5.0,10.07,17.4,1497.0,117.3,Honda,2,litre,2.1,0.22,9.545455,0.12068965517241381
Nissan Terrano XL Plus ICC WT20 SE,Mumbai,2016,37000,Diesel,Manual,First,5.0,6.5,20.45,1461.0,83.8,Nissan,4,litre,2.51,0.24,10.45833,0.12273838630806845
BMW 3 Series 320d Prestige,Hyderabad,2015,30000,Diesel,Automatic,First,5.0,22.0,18.88,1995.0,184.0,BMW,5,litre,2.51,0.24,10.45833,0.1329449152542373
Honda City i DTEC V,Hyderabad,2016,53000,Diesel,Manual,First,5.0,9.75,26.0,1498.0,98.6,Honda,4,litre,2.51,0.24,10.45833,0.09653846153846153
Nissan Terrano XL Plus 85 PS,Jaipur,2014,60000,Diesel,Manual,First,5.0,6.0,20.45,1461.0,83.8,Nissan,6,litre,2.51,0.24,10.45833,0.12273838630806845
Hyundai Grand i10 CRDi Sportz,Delhi,2014,65000,Diesel,Manual,First,5.0,3.99,24.0,1120.0,70.0,Hyundai,6,litre,2.51,0.24,10.45833,0.10458333333333332
Hyundai Santro Xing XL eRLX Euro III,Ahmedabad,2008,51000,Petrol,Manual,First,5.0,1.75,17.0,1086.0,97.7,Hyundai,12,litre,2.1,0.22,9.545455,0.12352941176470589
Toyota Fortuner 4x2 AT,Delhi,2015,92000,Diesel,Automatic,First,7.0,19.75,12.55,2982.0,168.5,Toyota,5,litre,2.51,0.24,10.45833,0.19999999999999998
Toyota Innova Crysta 2.4 VX MT,Kolkata,2017,31000,Diesel,Manual,First,7.0,16.95,13.68,2393.0,147.8,Toyota,3,litre,2.51,0.24,10.45833,0.1834795321637427
Maruti Baleno Zeta 1.2,Chennai,2017,43917,Petrol,Manual,First,5.0,6.8,21.4,1197.0,83.1,Maruti,3,litre,2.1,0.22,9.545455,0.09813084112149534
Hyundai Santro Xing XL eRLX Euro III,Kolkata,2007,46707,Petrol,Manual,First,5.0,0.99,17.0,1086.0,97.7,Hyundai,13,litre,2.1,0.22,9.545455,0.12352941176470589
Hyundai i10 Sportz 1.1L,Pune,2013,84000,Petrol,Manual,First,5.0,2.95,19.81,1086.0,68.05,Hyundai,7,litre,2.1,0.22,9.545455,0.1060070671378092
Audi Q7 3.0 TDI Quattro Premium Plus,Coimbatore,2015,55662,Diesel,Automatic,First,7.0,42.83,12.07,2967.0,241.4,Audi,5,litre,2.51,0.24,10.45833,0.20795360397680196
Volvo S60 D4 Momentum,Hyderabad,2014,51000,Diesel,Automatic,First,5.0,21.5,27.03,1969.0,190.0,Volvo,6,litre,2.51,0.24,10.45833,0.09285978542360339
Honda City i VTEC V,Jaipur,2015,24398,Petrol,Manual,First,5.0,7.9,17.8,1497.0,117.3,Honda,5,litre,2.1,0.22,9.545455,0.11797752808988764
Maruti Alto K10 2010-2014 VXI,Hyderabad,2011,78000,Petrol,Manual,Second,5.0,2.3,20.92,998.0,67.1,Maruti,9,litre,2.1,0.22,9.545455,0.10038240917782026
Honda Brio 1.2 S Option MT,Delhi,2012,40315,Petrol,Manual,First,5.0,2.75,18.5,1198.0,86.8,Honda,8,litre,2.1,0.22,9.545455,0.11351351351351352
Mahindra Scorpio VLX 2WD AIRBAG BSIV,Jaipur,2011,83000,Diesel,Manual,First,8.0,6.71,12.05,2179.0,120.0,Mahindra,9,litre,2.51,0.24,10.45833,0.20829875518672197
Renault Duster 110PS Diesel RxL AMT,Kochi,2017,58151,Diesel,Automatic,First,5.0,9.6,19.6,1461.0,108.45,Renault,3,litre,2.51,0.24,10.45833,0.1280612244897959
Hyundai Creta 1.6 CRDi SX,Kochi,2017,30519,Diesel,Manual,First,5.0,12.81,19.67,1582.0,126.2,Hyundai,3,litre,2.51,0.24,10.45833,0.1276054905948144
Tata Tiago 1.2 Revotron XZ,Coimbatore,2019,20712,Petrol,Manual,First,5.0,6.94,23.84,1199.0,84.0,Tata,1,litre,2.1,0.22,9.545455,0.08808724832214765
Mahindra XUV500 W6 2WD,Mumbai,2015,48000,Diesel,Manual,First,7.0,9.45,16.0,2179.0,140.0,Mahindra,5,litre,2.51,0.24,10.45833,0.156875
Volkswagen Vento 1.5 TDI Highline,Hyderabad,2015,85000,Diesel,Manual,First,5.0,6.0,20.34,1498.0,103.2,Volkswagen,5,litre,2.51,0.24,10.45833,0.12340216322517207
Mercedes-Benz B Class B180,Delhi,2013,32000,Petrol,Automatic,First,5.0,11.0,14.8,1595.0,120.7,Mercedes-Benz,7,litre,2.1,0.22,9.545455,0.14189189189189189
Maruti SX4 Vxi BSIV,Delhi,2011,52000,Petrol,Manual,First,5.0,2.6,15.5,1586.0,103.3,Maruti,9,litre,2.1,0.22,9.545455,0.13548387096774195
Hyundai Getz GLE,Hyderabad,2007,58307,Petrol,Manual,First,5.0,1.95,15.3,1341.0,83.0,Hyundai,13,litre,2.1,0.22,9.545455,0.13725490196078433
BMW 6 Series Gran Coupe,Mumbai,2013,30000,Diesel,Automatic,First,4.0,45.0,17.54,2993.0,313.0,BMW,7,litre,2.51,0.24,10.45833,0.14310148232611175
Audi A4 2.0 TDI 177 Bhp Premium Plus,Chennai,2014,40000,Diesel,Automatic,First,5.0,22.0,17.11,1968.0,174.33,Audi,6,litre,2.51,0.24,10.45833,0.146697837521917
Hyundai i20 Asta Option 1.2,Kolkata,2015,36000,Petrol,Manual,First,5.0,4.9,18.6,1197.0,81.83,Hyundai,5,litre,2.1,0.22,9.545455,0.11290322580645161
Nissan Terrano XL D Option,Kochi,2015,58817,Diesel,Manual,First,5.0,6.25,19.87,1461.0,83.14,Nissan,5,litre,2.51,0.24,10.45833,0.1263210870659285
Volkswagen Vento Konekt Diesel Highline,Chennai,2013,55000,Diesel,Manual,Second,5.0,6.1,20.54,1598.0,103.6,Volkswagen,7,litre,2.51,0.24,10.45833,0.12220058422590067
Hyundai i10 Sportz,Mumbai,2011,39000,Petrol,Manual,First,5.0,2.6,20.36,1197.0,78.9,Hyundai,9,litre,2.1,0.22,9.545455,0.1031434184675835
Lamborghini Gallardo Coupe,Delhi,2011,6500,Petrol,Automatic,Third,2.0,120.0,6.4,5204.0,560.0,Lamborghini,9,litre,2.1,0.22,9.545455,0.328125
Jaguar XF 3.0 Litre S Premium Luxury,Hyderabad,2012,35000,Diesel,Automatic,First,5.0,29.0,14.74,2993.0,270.9,Jaguar,8,litre,2.51,0.24,10.45833,0.17028493894165533
Maruti Swift Dzire VXi,Pune,2010,49900,Petrol,Manual,Second,5.0,3.3,17.5,1298.0,85.8,Maruti,10,litre,2.1,0.22,9.545455,0.12000000000000001
Tata Indica Vista Quadrajet VX,Hyderabad,2013,99500,Diesel,Manual,Second,5.0,3.05,22.3,1248.0,74.0,Tata,7,litre,2.51,0.24,10.45833,0.11255605381165917
Hyundai i20 Asta 1.4 CRDi,Kolkata,2012,33249,Diesel,Manual,First,5.0,3.25,21.27,1396.0,88.76,Hyundai,8,litre,2.51,0.24,10.45833,0.11800658204043253
Hyundai Xcent 1.2 Kappa S Option,Delhi,2014,52000,Petrol,Manual,First,5.0,3.75,19.1,1197.0,81.86,Hyundai,6,litre,2.1,0.22,9.545455,0.10994764397905758
Toyota Innova 2.5 VX (Diesel) 7 Seater,Mumbai,2015,45000,Diesel,Manual,First,7.0,13.25,12.99,2494.0,100.6,Toyota,5,litre,2.51,0.24,10.45833,0.193225558121632
Tata Tiago 1.2 Revotron XZ,Hyderabad,2017,22000,Petrol,Manual,First,5.0,4.8,23.84,1199.0,84.0,Tata,3,litre,2.1,0.22,9.545455,0.08808724832214765
Renault KWID RXL,Kochi,2019,7858,Petrol,Manual,First,5.0,3.8,25.17,799.0,53.3,Renault,1,litre,2.1,0.22,9.545455,0.08343265792610251
Toyota Innova 2.5 V Diesel 7-seater,Pune,2011,112000,Diesel,Manual,First,7.0,8.5,12.8,2494.0,102.0,Toyota,9,litre,2.51,0.24,10.45833,0.19609374999999998
Mercedes-Benz E-Class 2015-2017 E250 CDI Avantgarde,Coimbatore,2016,41082,Diesel,Automatic,First,5.0,38.76,13.0,2143.0,204.0,Mercedes-Benz,4,litre,2.51,0.24,10.45833,0.19307692307692306
Honda City 1.5 S AT,Ahmedabad,2009,72000,Petrol,Automatic,First,5.0,3.2,16.8,1497.0,116.4,Honda,11,litre,2.1,0.22,9.545455,0.125
Hyundai i10 Sportz 1.2,Hyderabad,2011,84912,Petrol,Manual,First,5.0,3.5,20.36,1197.0,78.9,Hyundai,9,litre,2.1,0.22,9.545455,0.1031434184675835
Hyundai Creta 1.6 CRDi SX Option,Pune,2015,70000,Diesel,Manual,First,5.0,12.25,19.67,1582.0,126.2,Hyundai,5,litre,2.51,0.24,10.45833,0.1276054905948144
Honda Amaze VX Petrol,Mumbai,2014,21000,Petrol,Manual,First,5.0,4.75,19.5,1199.0,86.76,Honda,6,litre,2.1,0.22,9.545455,0.1076923076923077
Volkswagen Polo 1.2 MPI Trendline,Delhi,2016,27000,Petrol,Manual,First,5.0,4.5,18.78,999.0,74.0,Volkswagen,4,litre,2.1,0.22,9.545455,0.11182108626198083
Hyundai i10 Magna 1.2,Kolkata,2012,29000,Petrol,Manual,First,5.0,2.35,20.36,1197.0,78.9,Hyundai,8,litre,2.1,0.22,9.545455,0.1031434184675835
Renault Pulse RxL,Hyderabad,2014,48425,Diesel,Manual,First,5.0,3.4,23.08,1461.0,63.12,Renault,6,litre,2.51,0.24,10.45833,0.10875216637781629
Volkswagen Vento 1.5 TDI Highline AT,Pune,2016,19000,Diesel,Automatic,First,5.0,10.0,21.5,1498.0,108.5,Volkswagen,4,litre,2.51,0.24,10.45833,0.11674418604651161
Toyota Innova 2.5 VX (Diesel) 7 Seater BS IV,Hyderabad,2012,210000,Diesel,Manual,First,7.0,9.0,12.99,2494.0,100.0,Toyota,8,litre,2.51,0.24,10.45833,0.193225558121632
Toyota Corolla Altis G,Delhi,2013,64000,Petrol,Manual,Second,5.0,5.2,14.53,1798.0,138.1,Toyota,7,litre,2.1,0.22,9.545455,0.1445285615966965
Hyundai Verna CRDi,Chennai,2006,200000,Diesel,Manual,Second,5.0,1.85,16.8,1493.0,110.0,Hyundai,14,litre,2.51,0.24,10.45833,0.14940476190476187
Mercedes-Benz GL-Class 350 CDI Blue Efficiency,Chennai,2013,100000,Diesel,Automatic,Second,7.0,38.0,11.3,2987.0,254.8,Mercedes-Benz,7,litre,2.51,0.24,10.45833,0.2221238938053097
Renault Duster 85PS Diesel RxL Optional,Kochi,2013,69140,Diesel,Manual,First,5.0,5.11,20.46,1461.0,83.8,Renault,7,litre,2.51,0.24,10.45833,0.12267839687194525
Skoda Rapid 1.6 MPI Ambition,Coimbatore,2019,21214,Petrol,Manual,First,5.0,9.66,15.41,1598.0,103.52,Skoda,1,litre,2.1,0.22,9.545455,0.13627514600908502
Hyundai i10 Sportz 1.2,Kolkata,2015,28000,Petrol,Manual,First,5.0,3.4,20.36,1197.0,78.9,Hyundai,5,litre,2.1,0.22,9.545455,0.1031434184675835
Mahindra KUV 100 mFALCON G80 K8,Kochi,2017,29085,Petrol,Manual,First,6.0,5.84,18.15,1198.0,82.0,Mahindra,3,litre,2.1,0.22,9.545455,0.11570247933884299
Maruti Celerio VXI AMT,Kolkata,2016,30000,Petrol,Automatic,First,5.0,3.8,23.1,998.0,67.04,Maruti,4,litre,2.1,0.22,9.545455,0.09090909090909091
Maruti A-Star AT VXI,Mumbai,2012,32910,Petrol,Automatic,First,5.0,2.5,16.98,998.0,66.1,Maruti,8,litre,2.1,0.22,9.545455,0.12367491166077739
Honda City i DTEC VX,Kolkata,2015,30000,Diesel,Manual,First,5.0,6.95,25.1,1498.0,98.6,Honda,5,litre,2.51,0.24,10.45833,0.09999999999999999
Skoda Superb 1.8 TSI,Pune,2010,35102,Petrol,Automatic,First,5.0,5.5,12.6,1798.0,161.6,Skoda,10,litre,2.1,0.22,9.545455,0.16666666666666669
Hyundai Grand i10 Sportz,Coimbatore,2017,22831,Petrol,Manual,First,5.0,6.19,18.9,1197.0,82.0,Hyundai,3,litre,2.1,0.22,9.545455,0.11111111111111112
Renault Duster 85PS Diesel RxL,Hyderabad,2013,74911,Diesel,Manual,First,5.0,6.0,20.45,1461.0,83.8,Renault,7,litre,2.51,0.24,10.45833,0.12273838630806845
Hyundai Grand i10 Magna,Pune,2015,21000,Petrol,Manual,First,5.0,3.75,18.9,1197.0,82.0,Hyundai,5,litre,2.1,0.22,9.545455,0.11111111111111112
Ford EcoSport 1.5 TDCi Titanium,Kochi,2018,37160,Diesel,Manual,First,5.0,9.46,22.77,1498.0,98.59,Ford,2,litre,2.51,0.24,10.45833,0.11023276240667544
Nissan Sunny 2011-2014 XL,Jaipur,2011,41000,Petrol,Manual,Second,5.0,3.0,16.95,1498.0,97.7,Nissan,9,litre,2.1,0.22,9.545455,0.12389380530973453
Ford Figo Aspire 1.5 TDCi Titanium,Chennai,2016,37294,Diesel,Manual,First,5.0,5.75,25.83,1498.0,99.0,Ford,4,litre,2.51,0.24,10.45833,0.09717382888114595
Honda Civic 2006-2010 1.8 V MT,Coimbatore,2009,56927,Petrol,Manual,First,5.0,4.41,13.5,1799.0,130.0,Honda,11,litre,2.1,0.22,9.545455,0.15555555555555556
Renault KWID RXT Optional,Kochi,2017,21954,Petrol,Manual,First,5.0,3.7,25.17,799.0,53.3,Renault,3,litre,2.1,0.22,9.545455,0.08343265792610251
Honda Brio EX MT,Kolkata,2014,50000,Petrol,Manual,Second,5.0,2.5,19.4,1198.0,86.8,Honda,6,litre,2.1,0.22,9.545455,0.10824742268041239
Maruti Swift ZXI ABS,Coimbatore,2012,78212,Petrol,Manual,First,5.0,5.35,16.1,1298.0,88.2,Maruti,8,litre,2.1,0.22,9.545455,0.13043478260869565
Hyundai i20 Magna Optional 1.4 CRDi,Delhi,2013,64500,Diesel,Manual,First,5.0,3.65,21.9,1396.0,88.8,Hyundai,7,litre,2.51,0.24,10.45833,0.11461187214611872
Skoda Superb Elegance 2.0 TDI CR AT,Delhi,2014,51000,Diesel,Automatic,First,5.0,13.0,17.2,1968.0,138.03,Skoda,6,litre,2.51,0.24,10.45833,0.14593023255813953
Maruti Wagon R LXI BSII,Delhi,2012,52000,Petrol,Manual,First,5.0,2.45,18.9,998.0,67.1,Maruti,8,litre,2.1,0.22,9.545455,0.11111111111111112
Volkswagen Vento 1.5 TDI Highline AT,Mumbai,2015,120000,Diesel,Automatic,First,5.0,5.75,21.21,1498.0,103.2,Volkswagen,5,litre,2.51,0.24,10.45833,0.11834040546911832
Honda City i DTEC S,Coimbatore,2017,65792,Diesel,Manual,First,5.0,8.11,26.0,1498.0,98.6,Honda,3,litre,2.51,0.24,10.45833,0.09653846153846153
Hyundai i20 1.4 Sportz,Ahmedabad,2018,30000,Diesel,Manual,First,5.0,7.75,22.54,1396.0,88.73,Hyundai,2,litre,2.51,0.24,10.45833,0.11135758651286601
Nissan Micra XV CVT,Coimbatore,2017,54387,Petrol,Automatic,First,5.0,5.85,19.15,1198.0,75.94,Nissan,3,litre,2.1,0.22,9.545455,0.10966057441253264
Renault KWID RXT Optional,Mumbai,2018,1617,Petrol,Manual,First,5.0,4.29,25.17,799.0,53.3,Renault,2,litre,2.1,0.22,9.545455,0.08343265792610251
Honda City i-DTEC SV,Hyderabad,2015,82000,Diesel,Manual,First,5.0,8.0,25.6,1498.0,98.6,Honda,5,litre,2.51,0.24,10.45833,0.09804687499999999
Toyota Innova Crysta 2.4 G MT 8S,Mumbai,2017,20000,Diesel,Manual,First,8.0,16.5,13.68,2393.0,147.8,Toyota,3,litre,2.51,0.24,10.45833,0.1834795321637427
Maruti Baleno Alpha 1.3,Jaipur,2015,98000,Diesel,Manual,First,5.0,5.5,27.39,1248.0,74.0,Maruti,5,litre,2.51,0.24,10.45833,0.09163928441036874
Ford EcoSport 1.5 TDCi Trend,Delhi,2015,57000,Diesel,Manual,First,5.0,6.35,22.77,1498.0,98.59,Ford,5,litre,2.51,0.24,10.45833,0.11023276240667544
Toyota Innova 2.5 G (Diesel) 8 Seater,Jaipur,2013,250000,Diesel,Manual,Second,8.0,7.9,12.99,2494.0,100.6,Toyota,7,litre,2.51,0.24,10.45833,0.193225558121632
Ford Ecosport 1.5 DV5 MT Ambiente,Hyderabad,2014,56549,Diesel,Manual,First,5.0,7.2,22.7,1498.0,89.84,Ford,6,litre,2.51,0.24,10.45833,0.11057268722466959
Volkswagen Polo Diesel Comfortline 1.2L,Bangalore,2012,78500,Diesel,Manual,First,5.0,3.65,22.07,1199.0,73.9,Volkswagen,8,litre,2.51,0.24,10.45833,0.11372904395106478
Hyundai i20 Sportz 1.4 CRDi,Kochi,2016,55036,Diesel,Manual,First,5.0,6.35,22.54,1396.0,88.73,Hyundai,4,litre,2.51,0.24,10.45833,0.11135758651286601
Renault Duster 85PS Diesel RxL Explore,Pune,2016,55000,Diesel,Manual,First,5.0,7.8,19.87,1461.0,83.8,Renault,4,litre,2.51,0.24,10.45833,0.1263210870659285
Ford Ikon 1.3 Flair,Chennai,2007,90000,Petrol,Manual,Second,5.0,1.4,13.8,1299.0,70.0,Ford,13,litre,2.1,0.22,9.545455,0.15217391304347827
Ford Endeavour XLT TDCi 4X2,Chennai,2007,155000,Diesel,Manual,First,7.0,5.5,13.1,2499.0,141.0,Ford,13,litre,2.51,0.24,10.45833,0.1916030534351145
Maruti Baleno Delta 1.3,Hyderabad,2018,17810,Diesel,Manual,First,5.0,8.5,27.39,1248.0,74.0,Maruti,2,litre,2.51,0.24,10.45833,0.09163928441036874
Mercedes-Benz New C-Class C 220 CDI Elegance AT,Kochi,2011,42408,Diesel,Automatic,First,5.0,10.48,14.84,2143.0,170.0,Mercedes-Benz,9,litre,2.51,0.24,10.45833,0.1691374663072776
Maruti Esteem Vxi - BSIII,Ahmedabad,2005,81000,Petrol,Manual,Second,5.0,0.75,15.9,1298.0,85.0,Maruti,15,litre,2.1,0.22,9.545455,0.1320754716981132
Tata Indigo XL Grand Petrol,Pune,2008,52000,Petrol,Manual,Second,5.0,1.3,12.85,1396.0,99.6,Tata,12,litre,2.1,0.22,9.545455,0.16342412451361868
BMW 5 Series 525d Sedan,Mumbai,2013,35000,Diesel,Automatic,First,5.0,21.0,16.73,2993.0,218.0,BMW,7,litre,2.51,0.24,10.45833,0.15002988643156007
Hyundai Santro Xing GL Plus,Delhi,2013,60000,Petrol,Manual,First,5.0,2.3,17.92,1086.0,62.1,Hyundai,7,litre,2.1,0.22,9.545455,0.1171875
Skoda Octavia 2.0 TDI AT Style Plus,Mumbai,2015,27000,Diesel,Automatic,First,5.0,14.95,19.5,1968.0,141.0,Skoda,5,litre,2.51,0.24,10.45833,0.1287179487179487
Audi A6 2011-2015 35 TDI Technology,Coimbatore,2017,55975,Diesel,Automatic,Second,5.0,35.92,17.68,1968.0,174.33,Audi,3,litre,2.51,0.24,10.45833,0.1419683257918552
Ford Figo 1.5D Trend MT,Pune,2016,115000,Diesel,Manual,First,5.0,4.5,25.83,1498.0,99.0,Ford,4,litre,2.51,0.24,10.45833,0.09717382888114595
Mahindra Xylo D4 BS III,Hyderabad,2016,132000,Diesel,Manual,First,7.0,5.5,14.95,2489.0,93.7,Mahindra,4,litre,2.51,0.24,10.45833,0.16789297658862876
Maruti Celerio ZXI AT,Mumbai,2015,40337,Petrol,Automatic,First,5.0,4.45,23.1,998.0,67.04,Maruti,5,litre,2.1,0.22,9.545455,0.09090909090909091
Toyota Innova 2.5 G4 Diesel 8-seater,Chennai,2008,192000,Diesel,Manual,First,8.0,6.85,12.8,2494.0,102.0,Toyota,12,litre,2.51,0.24,10.45833,0.19609374999999998
Hyundai Grand i10 CRDi Asta,Bangalore,2016,50000,Diesel,Manual,First,5.0,5.5,24.0,1120.0,70.0,Hyundai,4,litre,2.51,0.24,10.45833,0.10458333333333332
Hyundai Grand i10 1.2 Kappa Sportz,Kochi,2016,28147,Petrol,Manual,First,5.0,5.07,18.9,1197.0,81.86,Hyundai,4,litre,2.1,0.22,9.545455,0.11111111111111112
Hyundai Grand i10 Sportz,Mumbai,2015,20000,Petrol,Manual,First,5.0,3.85,18.9,1197.0,82.0,Hyundai,5,litre,2.1,0.22,9.545455,0.11111111111111112
Hyundai Elite i20 Petrol Asta,Chennai,2016,11000,Petrol,Manual,First,5.0,7.95,18.6,1197.0,81.86,Hyundai,4,litre,2.1,0.22,9.545455,0.11290322580645161
Maruti Zen Estilo LXI BSIII,Jaipur,2009,63000,Petrol,Manual,Second,5.0,1.25,18.2,998.0,67.1,Maruti,11,litre,2.1,0.22,9.545455,0.11538461538461539
Maruti Alto K10 2010-2014 VXI,Kochi,2014,36967,Petrol,Manual,First,5.0,3.64,20.92,998.0,67.1,Maruti,6,litre,2.1,0.22,9.545455,0.10038240917782026
Toyota Fortuner 4x2 Manual,Jaipur,2016,73053,Diesel,Manual,First,7.0,20.0,13.0,2982.0,168.5,Toyota,4,litre,2.51,0.24,10.45833,0.19307692307692306
Mahindra Thar CRDe AC,Coimbatore,2019,16392,Diesel,Manual,First,6.0,10.36,16.55,2498.0,105.0,Mahindra,1,litre,2.51,0.24,10.45833,0.15166163141993955
Hyundai Santro Xing XO,Chennai,2007,79000,Petrol,Manual,First,5.0,1.85,17.0,1086.0,97.7,Hyundai,13,litre,2.1,0.22,9.545455,0.12352941176470589
Toyota Etios G,Jaipur,2013,67000,Petrol,Manual,Second,5.0,4.05,16.78,1496.0,88.73,Toyota,7,litre,2.1,0.22,9.545455,0.12514898688915374
Mercedes-Benz GL-Class 2007 2012 350 CDI Luxury,Mumbai,2015,48600,Diesel,Automatic,First,7.0,48.5,12.0,2987.0,224.0,Mercedes-Benz,5,litre,2.51,0.24,10.45833,0.20916666666666664
Renault Duster 110PS Diesel RxZ,Bangalore,2014,70000,Diesel,Manual,First,5.0,8.25,19.6,1461.0,108.45,Renault,6,litre,2.51,0.24,10.45833,0.1280612244897959
Maruti Swift VDI,Pune,2014,84000,Diesel,Manual,First,5.0,5.25,22.9,1248.0,74.0,Maruti,6,litre,2.51,0.24,10.45833,0.10960698689956332
Volkswagen Vento Magnific 1.6 Comfortline,Mumbai,2013,49106,Petrol,Manual,First,5.0,4.4,15.04,1598.0,103.2,Volkswagen,7,litre,2.1,0.22,9.545455,0.1396276595744681
Skoda Superb L&K 2.0 TDI AT,Mumbai,2017,35000,Diesel,Automatic,First,5.0,25.75,18.19,1968.0,174.5,Skoda,3,litre,2.51,0.24,10.45833,0.13798790544255082
BMW 3 Series 330d Convertible,Kochi,2014,51240,Diesel,Automatic,First,4.0,29.52,8.2,2993.0,245.0,BMW,6,litre,2.51,0.24,10.45833,0.30609756097560975
Maruti Wagon R VXI BS IV,Kolkata,2011,37000,Petrol,Manual,Second,5.0,2.1,18.9,998.0,67.1,Maruti,9,litre,2.1,0.22,9.545455,0.11111111111111112
Renault KWID RXT,Kochi,2017,32587,Petrol,Manual,First,5.0,3.71,25.17,799.0,53.3,Renault,3,litre,2.1,0.22,9.545455,0.08343265792610251
Ford Endeavour 4x2 XLT Limited Edition,Pune,2009,180000,Diesel,Manual,First,7.0,7.5,10.9,2499.0,143.0,Ford,11,litre,2.51,0.24,10.45833,0.23027522935779815
Maruti Vitara Brezza ZDi Plus Dual Tone,Kochi,2017,21248,Diesel,Manual,First,5.0,9.44,24.3,1248.0,88.5,Maruti,3,litre,2.51,0.24,10.45833,0.10329218106995884
Hyundai Santro Xing XO eRLX Euro II,Pune,2006,47200,Petrol,Manual,Second,5.0,1.2,17.0,1086.0,97.7,Hyundai,14,litre,2.1,0.22,9.545455,0.12352941176470589
Mercedes-Benz E-Class 200 Kompressor Elegance,Delhi,2014,40000,Petrol,Automatic,First,5.0,24.0,10.5,1796.0,157.7,Mercedes-Benz,6,litre,2.1,0.22,9.545455,0.2
Mercedes-Benz C-Class Progressive C 220d,Ahmedabad,2019,4000,Diesel,Automatic,First,5.0,35.0,0.0,1950.0,194.0,Mercedes-Benz,1,litre,2.51,0.24,10.45833,0.12352941176470589
Maruti Ertiga VXI CNG,Mumbai,2017,23700,CNG,Manual,First,7.0,8.25,17.5,1373.0,80.46,Maruti,3,kg,2.5625,0.18,14.23611,0.14642857142857144
Audi A4 2.0 TDI Celebration Edition,Delhi,2011,57000,Diesel,Automatic,Second,5.0,9.75,16.55,1968.0,147.51,Audi,9,litre,2.51,0.24,10.45833,0.15166163141993955
Hyundai Grand i10 Asta,Kolkata,2014,37000,Petrol,Manual,First,5.0,3.45,18.9,1197.0,82.0,Hyundai,6,litre,2.1,0.22,9.545455,0.11111111111111112
Mitsubishi Pajero Sport 4X4,Jaipur,2014,70000,Diesel,Manual,Second,7.0,11.85,13.5,2477.0,175.56,Mitsubishi,6,litre,2.51,0.24,10.45833,0.1859259259259259
Mercedes-Benz New C-Class C 250 CDI Avantgarde,Coimbatore,2012,92469,Diesel,Automatic,Second,5.0,16.14,19.71,2143.0,201.15,Mercedes-Benz,8,litre,2.51,0.24,10.45833,0.12734652460679857
Maruti Wagon R LXI CNG,Pune,2015,55000,CNG,Manual,First,5.0,3.7,26.6,998.0,58.16,Maruti,5,kg,2.5625,0.18,14.23611,0.09633458646616541
Maruti Alto K10 VXI AGS,Ahmedabad,2017,20000,Petrol,Automatic,First,5.0,4.0,24.07,998.0,67.1,Maruti,3,litre,2.1,0.22,9.545455,0.08724553385957624
Hyundai i20 Sportz 1.2,Delhi,2015,42000,Petrol,Manual,Second,5.0,5.8,18.6,1197.0,81.83,Hyundai,5,litre,2.1,0.22,9.545455,0.11290322580645161
Maruti Swift Dzire VDI,Kolkata,2014,28000,Diesel,Manual,First,5.0,4.65,23.4,1248.0,74.0,Maruti,6,litre,2.51,0.24,10.45833,0.10726495726495726
Mercedes-Benz R-Class R350 4Matic Long,Pune,2010,93000,Petrol,Automatic,Second,7.0,15.0,11.8,3498.0,272.0,Mercedes-Benz,10,litre,2.1,0.22,9.545455,0.17796610169491525
Ford EcoSport 1.5 Ti VCT AT Titanium,Mumbai,2015,23000,Petrol,Automatic,First,5.0,6.8,15.63,1499.0,110.4,Ford,5,litre,2.1,0.22,9.545455,0.1343570057581574
Honda City i DTEC VX Option,Bangalore,2016,36000,Diesel,Manual,First,5.0,10.25,25.1,1498.0,98.6,Honda,4,litre,2.51,0.24,10.45833,0.09999999999999999
Maruti Alto K10 2010-2014 VXI,Chennai,2014,52000,Petrol,Manual,First,5.0,2.7,20.92,998.0,67.1,Maruti,6,litre,2.1,0.22,9.545455,0.10038240917782026
Maruti Ertiga ZDI,Hyderabad,2015,59245,Diesel,Manual,First,7.0,8.5,20.77,1248.0,88.8,Maruti,5,litre,2.51,0.24,10.45833,0.12084737602311024
Hyundai i20 Diesel Asta Option,Pune,2018,31000,Diesel,Manual,First,5.0,7.75,22.54,1396.0,88.73,Hyundai,2,litre,2.51,0.24,10.45833,0.11135758651286601
Tata Indigo CS eGLX BS IV,Pune,2015,83000,Petrol,Manual,First,5.0,2.7,15.64,1193.0,64.08,Tata,5,litre,2.1,0.22,9.545455,0.13427109974424553
Maruti Alto Std,Hyderabad,2004,81500,Petrol,Manual,Second,5.0,1.3,19.7,796.0,46.3,Maruti,16,litre,2.1,0.22,9.545455,0.10659898477157362
Maruti Estilo LXI,Chennai,2008,51000,Petrol,Manual,Second,5.0,1.75,19.5,1061.0,97.7,Maruti,12,litre,2.1,0.22,9.545455,0.1076923076923077
Hyundai Creta 1.6 SX,Hyderabad,2018,9900,Petrol,Manual,First,5.0,13.2,15.8,1591.0,121.3,Hyundai,2,litre,2.1,0.22,9.545455,0.13291139240506328
Maruti Wagon R LX,Pune,2004,94000,Petrol,Manual,Second,5.0,1.0,18.9,998.0,67.1,Maruti,16,litre,2.1,0.22,9.545455,0.11111111111111112
Toyota Etios V,Kochi,2017,27100,Petrol,Manual,First,5.0,6.37,16.78,1496.0,88.73,Toyota,3,litre,2.1,0.22,9.545455,0.12514898688915374
Toyota Etios V,Kolkata,2015,12000,Petrol,Manual,First,5.0,4.5,16.78,1496.0,88.73,Toyota,5,litre,2.1,0.22,9.545455,0.12514898688915374
Renault Duster 110PS Diesel RXZ Optional with Nav,Mumbai,2013,29000,Diesel,Manual,First,5.0,6.5,19.01,1461.0,108.45,Renault,7,litre,2.51,0.24,10.45833,0.13203577064702784
Maruti Swift Dzire Vdi BSIV,Mumbai,2013,65000,Diesel,Manual,Second,5.0,4.99,19.3,1248.0,73.9,Maruti,7,litre,2.51,0.24,10.45833,0.13005181347150258
Mercedes-Benz GLC 220,Coimbatore,2017,50794,Diesel,Automatic,First,5.0,43.3,17.9,2143.0,170.0,Mercedes-Benz,3,litre,2.51,0.24,10.45833,0.14022346368715083
Ford Ecosport 1.5 DV5 MT Titanium Optional,Mumbai,2014,59000,Diesel,Manual,First,5.0,6.5,22.7,1498.0,89.84,Ford,6,litre,2.51,0.24,10.45833,0.11057268722466959
Maruti Wagon R LXI CNG,Mumbai,2012,72000,CNG,Manual,First,5.0,2.25,26.2,998.0,58.2,Maruti,8,kg,2.5625,0.18,14.23611,0.09780534351145038
Maruti Ciaz 1.4 AT Alpha,Hyderabad,2017,15234,Petrol,Automatic,First,5.0,9.95,19.12,1373.0,91.1,Maruti,3,litre,2.1,0.22,9.545455,0.1098326359832636
Ford Ecosport 1.5 DV5 MT Titanium,Mumbai,2015,44000,Diesel,Manual,First,5.0,7.35,22.7,1498.0,89.84,Ford,5,litre,2.51,0.24,10.45833,0.11057268722466959
Tata Zest Quadrajet 1.3 75PS XE,Hyderabad,2016,125000,Diesel,Manual,First,5.0,4.6,22.95,1248.0,74.0,Tata,4,litre,2.51,0.24,10.45833,0.10936819172113289
Ford Endeavour 3.0L 4X4 AT,Chennai,2011,100000,Diesel,Automatic,First,7.0,8.5,11.4,2953.0,153.86,Ford,9,litre,2.51,0.24,10.45833,0.2201754385964912
Renault Duster 110PS Diesel RxZ AMT,Coimbatore,2017,34686,Diesel,Automatic,First,5.0,11.86,19.6,1461.0,108.45,Renault,3,litre,2.51,0.24,10.45833,0.1280612244897959
Nissan X-Trail SLX MT,Pune,2011,98000,Diesel,Manual,First,5.0,8.0,14.42,1995.0,147.6,Nissan,9,litre,2.51,0.24,10.45833,0.1740638002773925
Toyota Fortuner 4x4 AT,Delhi,2015,90000,Diesel,Automatic,First,7.0,21.5,12.55,2982.0,168.5,Toyota,5,litre,2.51,0.24,10.45833,0.19999999999999998
Chevrolet Aveo U-VA 1.2 LS,Pune,2007,81000,Petrol,Manual,First,5.0,1.3,15.26,1150.0,74.9,Chevrolet,13,litre,2.1,0.22,9.545455,0.13761467889908258
Skoda Rapid 1.6 TDI Ambition,Chennai,2012,55000,Diesel,Manual,First,5.0,5.9,20.5,1598.0,103.5,Skoda,8,litre,2.51,0.24,10.45833,0.12243902439024389
Mahindra XUV500 W8 4WD,Bangalore,2013,52910,Diesel,Manual,Second,7.0,9.5,15.1,2179.0,140.0,Mahindra,7,litre,2.51,0.24,10.45833,0.1662251655629139
Maruti Swift Dzire ZDi,Chennai,2010,100000,Diesel,Manual,First,5.0,4.5,19.3,1248.0,73.9,Maruti,10,litre,2.51,0.24,10.45833,0.13005181347150258
Skoda Octavia Elegance 1.9 TDI,Hyderabad,2003,132000,Diesel,Manual,First,5.0,2.25,18.7,1896.0,66.0,Skoda,17,litre,2.51,0.24,10.45833,0.13422459893048128
Chevrolet Enjoy Petrol LS 7 Seater,Mumbai,2014,18000,Petrol,Manual,First,7.0,3.35,13.7,1399.0,98.82,Chevrolet,6,litre,2.1,0.22,9.545455,0.15328467153284672
Hyundai Accent GLE,Kolkata,2005,50000,Petrol,Manual,First,5.0,0.7,13.2,1495.0,94.0,Hyundai,15,litre,2.1,0.22,9.545455,0.15909090909090912
Mercedes-Benz New C-Class C 200 CGI,Bangalore,2012,33000,Petrol,Automatic,First,5.0,16.0,14.74,1991.0,184.0,Mercedes-Benz,8,litre,2.1,0.22,9.545455,0.1424694708276798
Renault Duster 85PS Diesel RxE,Pune,2014,30000,Diesel,Manual,First,5.0,8.0,20.45,1461.0,83.8,Renault,6,litre,2.51,0.24,10.45833,0.12273838630806845
Jaguar F Type 5.0 V8 S,Hyderabad,2015,8000,Petrol,Automatic,First,2.0,100.0,12.5,5000.0,488.1,Jaguar,5,litre,2.1,0.22,9.545455,0.168
Hyundai Verna 1.6 SX,Kochi,2012,58646,Diesel,Manual,First,5.0,4.74,22.32,1582.0,126.32,Hyundai,8,litre,2.51,0.24,10.45833,0.11245519713261648
Mercedes-Benz E-Class 2015-2017 E250 CDI Avantgarde,Mumbai,2016,21000,Diesel,Automatic,First,5.0,36.0,13.0,2143.0,204.0,Mercedes-Benz,4,litre,2.51,0.24,10.45833,0.19307692307692306
Volkswagen Vento Petrol Highline,Kochi,2015,57026,Petrol,Manual,First,5.0,5.54,15.04,1598.0,103.6,Volkswagen,5,litre,2.1,0.22,9.545455,0.1396276595744681
Skoda Superb Style 2.0 TDI AT,Mumbai,2017,42000,Diesel,Automatic,First,5.0,22.99,18.19,1968.0,174.5,Skoda,3,litre,2.51,0.24,10.45833,0.13798790544255082
Mahindra Scorpio 1.99 S4 Plus,Kochi,2017,26741,Diesel,Manual,First,7.0,10.08,15.4,1997.0,120.0,Mahindra,3,litre,2.51,0.24,10.45833,0.16298701298701296
Skoda Laura Classic 1.8 TSI,Pune,2010,85000,Petrol,Manual,First,5.0,2.85,17.5,1798.0,97.7,Skoda,10,litre,2.1,0.22,9.545455,0.12000000000000001
Maruti 800 DX BSII,Pune,2000,78000,Petrol,Manual,First,4.0,0.55,16.1,796.0,37.0,Maruti,20,litre,2.1,0.22,9.545455,0.13043478260869565
Audi Q5 3.0 TDI Quattro Technology,Coimbatore,2018,29091,Diesel,Automatic,First,5.0,45.52,13.22,2967.0,241.4,Audi,2,litre,2.51,0.24,10.45833,0.18986384266263234
Mahindra NuvoSport N6,Coimbatore,2018,37323,Diesel,Manual,Second,7.0,7.29,17.45,1493.0,100.0,Mahindra,2,litre,2.51,0.24,10.45833,0.14383954154727793
Volkswagen Vento Diesel Highline,Chennai,2011,55595,Diesel,Manual,Second,5.0,4.3,20.54,1598.0,103.6,Volkswagen,9,litre,2.51,0.24,10.45833,0.12220058422590067
Maruti Swift Dzire VXI Optional,Chennai,2015,49900,Petrol,Manual,First,5.0,4.8,20.85,1197.0,83.14,Maruti,5,litre,2.1,0.22,9.545455,0.10071942446043165
Maruti Ertiga VXI,Mumbai,2012,52500,Petrol,Manual,Second,7.0,5.25,16.02,1373.0,93.7,Maruti,8,litre,2.1,0.22,9.545455,0.1310861423220974
Maruti Alto 800 2016-2019 LXI,Chennai,2016,5700,Petrol,Manual,First,5.0,2.8,24.7,796.0,47.3,Maruti,4,litre,2.1,0.22,9.545455,0.08502024291497977
Hyundai i20 Magna 1.4 CRDi (Diesel),Kochi,2014,53340,Diesel,Manual,First,5.0,4.35,21.9,1396.0,88.76,Hyundai,6,litre,2.51,0.24,10.45833,0.11461187214611872
Ford Ecosport 1.5 DV5 MT Titanium,Kolkata,2014,57000,Diesel,Manual,First,5.0,5.49,22.7,1498.0,89.84,Ford,6,litre,2.51,0.24,10.45833,0.11057268722466959
Maruti Alto K10 LXI CNG,Pune,2015,59525,CNG,Manual,Second,4.0,3.1,32.26,998.0,58.2,Maruti,5,kg,2.5625,0.18,14.23611,0.07943273403595785
Volkswagen Vento 1.5 TDI Highline,Bangalore,2014,58000,Diesel,Manual,First,5.0,6.5,20.34,1498.0,103.2,Volkswagen,6,litre,2.51,0.24,10.45833,0.12340216322517207
Mahindra Scorpio VLX 2WD Airbag BSIII,Bangalore,2011,73000,Diesel,Manual,First,8.0,6.4,12.05,2179.0,120.0,Mahindra,9,litre,2.51,0.24,10.45833,0.20829875518672197
Ford Figo Aspire 1.5 TDCi Titanium Plus,Kochi,2016,33554,Diesel,Manual,First,5.0,6.22,25.83,1498.0,99.0,Ford,4,litre,2.51,0.24,10.45833,0.09717382888114595
Toyota Innova 2.5 G (Diesel) 8 Seater,Mumbai,2012,106000,Diesel,Manual,First,8.0,8.4,12.99,2494.0,100.0,Toyota,8,litre,2.51,0.24,10.45833,0.193225558121632
Maruti Dzire LDI,Pune,2018,27000,Diesel,Manual,First,5.0,5.9,28.4,1248.0,73.75,Maruti,2,litre,2.51,0.24,10.45833,0.08838028169014084
Renault KWID RXL,Pune,2018,1000,Petrol,Manual,First,5.0,3.4,25.17,799.0,53.3,Renault,2,litre,2.1,0.22,9.545455,0.08343265792610251
Ford Endeavour 2.5L 4X2 MT,Jaipur,2011,119000,Diesel,Manual,Third,7.0,6.5,13.1,2499.0,141.0,Ford,9,litre,2.51,0.24,10.45833,0.1916030534351145
Mahindra Jeep MM 540 DP,Chennai,2002,75000,Diesel,Manual,First,6.0,1.7,0.0,2112.0,97.7,Mahindra,18,litre,2.51,0.24,10.45833,0.12352941176470589
Ford EcoSport 1.0 Ecoboost Titanium Plus,Delhi,2015,64000,Petrol,Manual,First,5.0,6.0,18.88,999.0,123.24,Ford,5,litre,2.1,0.22,9.545455,0.11122881355932204
Hyundai Creta 1.6 CRDi SX,Hyderabad,2016,63738,Diesel,Manual,First,5.0,11.9,19.67,1582.0,126.2,Hyundai,4,litre,2.51,0.24,10.45833,0.1276054905948144
BMW 5 Series 2013-2017 530d M Sport,Bangalore,2016,16000,Diesel,Automatic,First,5.0,48.0,14.69,2993.0,258.0,BMW,4,litre,2.51,0.24,10.45833,0.1708645336963921
Maruti Ertiga VXI AT Petrol,Mumbai,2017,28000,Petrol,Automatic,First,7.0,8.0,18.69,1462.0,103.0,Maruti,3,litre,2.1,0.22,9.545455,0.11235955056179775
Skoda Laura L and K AT,Hyderabad,2007,91000,Diesel,Automatic,Second,5.0,2.45,15.6,1896.0,106.0,Skoda,13,litre,2.51,0.24,10.45833,0.16089743589743588
Chevrolet Beat LS,Kolkata,2013,25000,Petrol,Manual,First,5.0,1.75,18.6,1199.0,79.4,Chevrolet,7,litre,2.1,0.22,9.545455,0.11290322580645161
Audi Q3 2.0 TDI,Bangalore,2014,65630,Diesel,Automatic,First,5.0,21.75,15.73,1968.0,174.33,Audi,6,litre,2.51,0.24,10.45833,0.15956770502225046
Honda City 1.5 V MT,Pune,2014,48094,Petrol,Manual,First,5.0,7.25,17.0,1497.0,118.0,Honda,6,litre,2.1,0.22,9.545455,0.12352941176470589
Maruti Swift Lxi BSIII,Pune,2009,90456,Petrol,Manual,Second,5.0,3.0,16.1,1298.0,88.2,Maruti,11,litre,2.1,0.22,9.545455,0.13043478260869565
Ford Figo Diesel EXI,Jaipur,2012,140000,Diesel,Manual,First,5.0,2.51,20.0,1399.0,68.0,Ford,8,litre,2.51,0.24,10.45833,0.1255
Toyota Fortuner 4x4 AT,Chennai,2015,95000,Diesel,Automatic,First,7.0,19.6,12.55,2982.0,168.5,Toyota,5,litre,2.51,0.24,10.45833,0.19999999999999998
Mercedes-Benz New C-Class 200 CDI Classic,Pune,2013,79000,Diesel,Manual,Second,5.0,15.5,15.8,2148.0,170.0,Mercedes-Benz,7,litre,2.51,0.24,10.45833,0.15886075949367087
Toyota Innova 2.5 GX (Diesel) 7 Seater,Chennai,2012,96000,Diesel,Manual,First,7.0,11.5,12.99,2494.0,100.0,Toyota,8,litre,2.51,0.24,10.45833,0.193225558121632
Honda City 1.5 EXI,Coimbatore,2004,186679,Petrol,Manual,Second,5.0,1.76,13.0,1493.0,100.0,Honda,16,litre,2.1,0.22,9.545455,0.16153846153846155
Honda Amaze S i-Dtech,Jaipur,2015,91000,Diesel,Manual,First,5.0,4.68,25.8,1498.0,98.6,Honda,5,litre,2.51,0.24,10.45833,0.09728682170542635
Toyota Corolla Altis 1.8 G CVT,Delhi,2010,109703,Petrol,Automatic,Second,5.0,4.0,14.28,1798.0,138.03,Toyota,10,litre,2.1,0.22,9.545455,0.14705882352941177
Tata Indica Vista Quadrajet VX,Hyderabad,2012,110000,Diesel,Manual,First,5.0,2.8,22.3,1248.0,74.0,Tata,8,litre,2.51,0.24,10.45833,0.11255605381165917
Mahindra XUV500 W8 2WD,Mumbai,2012,35000,Diesel,Manual,First,7.0,8.25,16.0,2179.0,140.0,Mahindra,8,litre,2.51,0.24,10.45833,0.156875
Maruti Ritz VDi,Kolkata,2010,47722,Diesel,Manual,First,5.0,1.7,21.1,1248.0,73.9,Maruti,10,litre,2.51,0.24,10.45833,0.11895734597156396
Mercedes-Benz New C-Class C 200 AVANTGARDE,Mumbai,2013,25000,Petrol,Automatic,First,5.0,14.85,14.74,1991.0,181.04,Mercedes-Benz,7,litre,2.1,0.22,9.545455,0.1424694708276798
Hyundai Verna VTVT 1.6 AT SX Option,Mumbai,2018,8000,Petrol,Automatic,First,5.0,12.85,17.0,1591.0,121.3,Hyundai,2,litre,2.1,0.22,9.545455,0.12352941176470589
Mercedes-Benz New C-Class C 250 CDI Elegance,Hyderabad,2012,65000,Diesel,Automatic,First,5.0,16.0,14.94,2143.0,204.0,Mercedes-Benz,8,litre,2.51,0.24,10.45833,0.16800535475234268
Maruti Wagon R VXI BS IV,Hyderabad,2018,1048,Petrol,Manual,First,5.0,4.7,18.9,998.0,67.1,Maruti,2,litre,2.1,0.22,9.545455,0.11111111111111112
Maruti Ertiga VXI,Bangalore,2014,42000,Petrol,Manual,Second,7.0,5.94,16.02,1373.0,93.7,Maruti,6,litre,2.1,0.22,9.545455,0.1310861423220974
Skoda Rapid Ultima 1.6 TDI Elegance,Hyderabad,2013,55000,Diesel,Manual,First,5.0,8.0,20.5,1598.0,103.5,Skoda,7,litre,2.51,0.24,10.45833,0.12243902439024389
Toyota Innova 2.5 V Diesel 8-seater,Delhi,2010,72000,Diesel,Manual,First,8.0,5.45,12.8,2494.0,102.0,Toyota,10,litre,2.51,0.24,10.45833,0.19609374999999998
Mercedes-Benz GLA Class 200 Sport,Kochi,2018,17773,Petrol,Automatic,First,5.0,26.76,13.7,1991.0,183.0,Mercedes-Benz,2,litre,2.1,0.22,9.545455,0.15328467153284672
Volkswagen Polo 1.5 TDI Highline,Hyderabad,2013,65000,Diesel,Manual,Second,5.0,3.5,20.14,1498.0,88.0,Volkswagen,7,litre,2.51,0.24,10.45833,0.12462760675273087
Hyundai Santro Xing GL,Mumbai,2008,65000,Petrol,Manual,Second,5.0,1.39,0.0,1086.0,62.0,Hyundai,12,litre,2.1,0.22,9.545455,0.12352941176470589
Hyundai Verna 1.6 CRDi EX MT,Kolkata,2013,53280,Diesel,Manual,First,5.0,4.7,22.32,1582.0,126.3,Hyundai,7,litre,2.51,0.24,10.45833,0.11245519713261648
Volkswagen Ameo 1.2 MPI Highline,Ahmedabad,2016,34005,Petrol,Manual,First,5.0,5.75,17.0,1198.0,73.75,Volkswagen,4,litre,2.1,0.22,9.545455,0.12352941176470589
Hyundai i20 Asta Option 1.2,Coimbatore,2017,14618,Petrol,Manual,First,5.0,8.11,18.6,1197.0,81.83,Hyundai,3,litre,2.1,0.22,9.545455,0.11290322580645161
Maruti Wagon R LX BSIII,Delhi,2006,65771,Petrol,Manual,Second,5.0,0.75,17.3,1061.0,64.0,Maruti,14,litre,2.1,0.22,9.545455,0.12138728323699421
Tata Indica LEI,Pune,2006,78000,Petrol,Manual,Second,5.0,1.0,13.5,1405.0,60.0,Tata,14,litre,2.1,0.22,9.545455,0.15555555555555556
Mahindra Xylo D4,Hyderabad,2016,105545,Diesel,Manual,First,7.0,5.3,14.0,2498.0,112.0,Mahindra,4,litre,2.51,0.24,10.45833,0.17928571428571427
ISUZU D-MAX V-Cross 4X4,Jaipur,2017,25000,Diesel,Manual,First,5.0,8.0,12.4,2499.0,134.0,ISUZU,3,litre,2.51,0.24,10.45833,0.20241935483870965
Hyundai i20 2015-2017 Magna,Pune,2010,80561,Petrol,Manual,First,5.0,2.74,18.5,1197.0,80.0,Hyundai,10,litre,2.1,0.22,9.545455,0.11351351351351352
Maruti Baleno Alpha,Mumbai,2017,6000,Petrol,Manual,First,5.0,7.5,21.4,1197.0,83.1,Maruti,3,litre,2.1,0.22,9.545455,0.09813084112149534
Tata Hexa XTA,Jaipur,2016,39000,Diesel,Automatic,First,7.0,13.5,17.6,2179.0,153.86,Tata,4,litre,2.51,0.24,10.45833,0.14261363636363633
Volkswagen Polo Petrol Comfortline 1.2L,Kolkata,2011,55001,Petrol,Manual,First,5.0,2.2,16.47,1198.0,73.9,Volkswagen,9,litre,2.1,0.22,9.545455,0.12750455373406194
Mercedes-Benz New C-Class C 200 CGI Elegance,Mumbai,2012,63720,Petrol,Automatic,First,5.0,13.25,11.74,1796.0,186.0,Mercedes-Benz,8,litre,2.1,0.22,9.545455,0.1788756388415673
Toyota Etios GD,Delhi,2013,70000,Diesel,Manual,First,5.0,3.88,23.59,1364.0,97.7,Toyota,7,litre,2.51,0.24,10.45833,0.10640101738024586
Hyundai Getz GLS,Jaipur,2005,100000,Petrol,Manual,Second,5.0,0.85,15.3,1341.0,83.0,Hyundai,15,litre,2.1,0.22,9.545455,0.13725490196078433
Tata Tiago 1.2 Revotron XT,Kochi,2017,15386,Petrol,Manual,First,5.0,5.11,23.84,1199.0,84.0,Tata,3,litre,2.1,0.22,9.545455,0.08808724832214765
Renault Duster 85PS Diesel RxL Option,Mumbai,2013,102486,Diesel,Manual,First,5.0,4.25,19.87,1461.0,83.8,Renault,7,litre,2.51,0.24,10.45833,0.1263210870659285
Audi A4 35 TDI Premium Plus,Coimbatore,2013,58629,Diesel,Automatic,Second,5.0,16.52,18.25,1968.0,187.74,Audi,7,litre,2.51,0.24,10.45833,0.13753424657534247
Tata New Safari DICOR 2.2 VX 4x2,Pune,2008,86000,Diesel,Manual,Third,7.0,0.6,13.93,2179.0,138.0,Tata,12,litre,2.51,0.24,10.45833,0.18018664752333094
Maruti Swift VDI,Hyderabad,2012,68238,Diesel,Manual,First,5.0,4.8,22.9,1248.0,74.0,Maruti,8,litre,2.51,0.24,10.45833,0.10960698689956332
Skoda Superb Elegance 1.8 TSI AT,Mumbai,2011,42036,Petrol,Automatic,First,5.0,6.25,13.7,1798.0,157.75,Skoda,9,litre,2.1,0.22,9.545455,0.15328467153284672
Hyundai Elantra SX,Mumbai,2014,55619,Petrol,Manual,First,5.0,8.3,16.3,1797.0,147.5,Hyundai,6,litre,2.1,0.22,9.545455,0.12883435582822086
Honda City 1.5 E MT,Pune,2009,60000,Petrol,Manual,Third,5.0,3.25,17.0,1497.0,118.0,Honda,11,litre,2.1,0.22,9.545455,0.12352941176470589
Renault Duster 85PS Diesel RxL Explore,Pune,2015,30000,Diesel,Manual,First,5.0,7.75,19.87,1461.0,83.8,Renault,5,litre,2.51,0.24,10.45833,0.1263210870659285
Jaguar XF 2.2 Litre Luxury,Kochi,2016,31150,Diesel,Automatic,First,5.0,30.54,16.36,2179.0,187.7,Jaguar,4,litre,2.51,0.24,10.45833,0.15342298288508557
Maruti Wagon R Duo Lxi,Jaipur,2010,70000,LPG,Manual,First,5.0,2.27,26.2,998.0,58.2,Maruti,10,litre,1.56,0.21,7.428571,0.05954198473282443
Volkswagen Polo IPL II 1.2 Petrol Highline,Pune,2010,70290,Petrol,Manual,Second,5.0,2.96,17.24,1198.0,73.9,Volkswagen,10,litre,2.1,0.22,9.545455,0.12180974477958238
Tata Bolt Revotron XT,Chennai,2016,10000,Petrol,Manual,First,5.0,4.0,17.57,1193.0,88.7,Tata,4,litre,2.1,0.22,9.545455,0.11952191235059761
Hyundai i20 Sportz 1.2,Bangalore,2014,68010,Petrol,Manual,Second,5.0,5.25,18.5,1197.0,82.85,Hyundai,6,litre,2.1,0.22,9.545455,0.11351351351351352
Audi A6 2011-2015 2.0 TDI,Kochi,2013,91903,Diesel,Automatic,First,5.0,17.56,17.68,1968.0,174.33,Audi,7,litre,2.51,0.24,10.45833,0.1419683257918552
Volkswagen Vento 1.6 Highline,Mumbai,2011,38000,Petrol,Manual,First,5.0,3.25,16.09,1598.0,103.5,Volkswagen,9,litre,2.1,0.22,9.545455,0.1305158483530143
Maruti Celerio VXI,Bangalore,2015,67600,Petrol,Manual,First,5.0,4.0,23.1,998.0,67.04,Maruti,5,litre,2.1,0.22,9.545455,0.09090909090909091
Hyundai Getz GLE,Coimbatore,2007,66800,Petrol,Manual,First,5.0,2.2,15.3,1341.0,83.0,Hyundai,13,litre,2.1,0.22,9.545455,0.13725490196078433
Maruti Vitara Brezza VDi,Pune,2016,37208,Diesel,Manual,First,5.0,7.43,24.3,1248.0,88.5,Maruti,4,litre,2.51,0.24,10.45833,0.10329218106995884
Mercedes-Benz M-Class ML 320 CDI,Mumbai,2009,102002,Diesel,Automatic,First,5.0,10.75,8.7,2987.0,224.34,Mercedes-Benz,11,litre,2.51,0.24,10.45833,0.2885057471264368
Maruti Swift Dzire Vdi BSIV,Delhi,2011,68000,Diesel,Manual,First,5.0,2.75,19.3,1248.0,73.9,Maruti,9,litre,2.51,0.24,10.45833,0.13005181347150258
Porsche Panamera Diesel,Hyderabad,2013,40000,Diesel,Automatic,Second,4.0,45.0,17.85,2967.0,300.0,Porsche,7,litre,2.51,0.24,10.45833,0.1406162464985994
Toyota Camry Hybrid,Mumbai,2015,33500,Petrol,Automatic,First,5.0,19.75,19.16,2494.0,158.2,Toyota,5,litre,2.1,0.22,9.545455,0.10960334029227557
Honda Brio 1.2 VX MT,Delhi,2013,33746,Petrol,Manual,First,5.0,3.2,18.5,1198.0,86.8,Honda,7,litre,2.1,0.22,9.545455,0.11351351351351352
Skoda Superb 3.6 V6 FSI,Hyderabad,2009,53000,Petrol,Automatic,First,5.0,4.75,0.0,3597.0,262.6,Skoda,11,litre,2.1,0.22,9.545455,0.12352941176470589
Toyota Innova 2.5 V Diesel 7-seater,Coimbatore,2011,45004,Diesel,Manual,First,7.0,9.48,12.8,2494.0,102.0,Toyota,9,litre,2.51,0.24,10.45833,0.19609374999999998
Honda Amaze VX i-DTEC,Coimbatore,2015,70602,Diesel,Manual,First,5.0,4.83,25.8,1498.0,98.6,Honda,5,litre,2.51,0.24,10.45833,0.09728682170542635
Maruti Swift VDI,Delhi,2014,27365,Diesel,Manual,First,5.0,4.75,28.4,1248.0,74.0,Maruti,6,litre,2.51,0.24,10.45833,0.08838028169014084
Hyundai Xcent 1.1 CRDi S,Jaipur,2015,100000,Diesel,Manual,First,5.0,4.0,24.4,1120.0,71.0,Hyundai,5,litre,2.51,0.24,10.45833,0.10286885245901639
Mahindra Xylo D4 BSIV,Jaipur,2012,55000,Diesel,Manual,Second,8.0,2.9,14.0,2498.0,112.0,Mahindra,8,litre,2.51,0.24,10.45833,0.17928571428571427
Maruti Wagon R VXI,Kolkata,2013,46000,Petrol,Manual,First,5.0,2.65,18.9,998.0,67.1,Maruti,7,litre,2.1,0.22,9.545455,0.11111111111111112
Chevrolet Beat Diesel,Hyderabad,2011,47000,Diesel,Manual,First,5.0,2.5,25.44,936.0,57.6,Chevrolet,9,litre,2.51,0.24,10.45833,0.09866352201257861
